name,location,vendor_categories,review,average_rating,count,image_count,reply_count,lat,lng,full_address,sido,gu,dong
대치동엄마도시락-본점,"{'lat': '37.4839342', 'lng': '126.93936786'}","['찜/탕', '한식', '도시락/죽', '포장']","{'average_rating': 4.9, 'count': 195, 'image_count': 157, 'reply_count': 179}",4.9,195.0,157.0,179.0,37.4839342,126.93936786,서울특별시 관악구 봉천로 356,서울,관악구,봉천동
앵그리포테이토치킨&버거-신림점,"{'lat': '37.4837321', 'lng': '126.92774951'}","['피자/양식', '버거', '분식', '포장', '1인분주문']","{'average_rating': 5.0, 'count': 203, 'image_count': 205, 'reply_count': 43}",5.0,203.0,205.0,43.0,37.4837321,126.92774951,서울특별시 관악구 남부순환로 1594,서울,관악구,신림동
호호솥밥-관악점,"{'lat': '37.4854819', 'lng': '126.93790844'}","['한식', '고기/구이', '일식/돈까스', '포장', '프랜차이즈', '신규맛집']","{'average_rating': 5.0, 'count': 20, 'image_count': 20, 'reply_count': 0}",5.0,20.0,20.0,0.0,37.4854819,126.93790844,서울특별시 관악구 봉천로25길 4,서울,관악구,봉천동
육회한날연어어때,"{'lat': '37.48203242479008', 'lng': '126.92966049495293'}","['포장', '일식/돈까스', '야식', '회/초밥']","{'average_rating': 5.0, 'count': 15593, 'image_count': 14295, 'reply_count': 13506}",5.0,15593.0,14295.0,13506.0,37.48203242479008,126.92966049495293,서울특별시 관악구 신림로 309,서울,관악구,신림동
괴짜반점-본점,"{'lat': '37.4839734', 'lng': '126.93930939'}","['한식', '중국집', '야식', '찜/탕', '포장']","{'average_rating': 4.8, 'count': 3847, 'image_count': 3532, 'reply_count': 2868}",4.8,3847.0,3532.0,2868.0,37.4839734,126.93930939,서울특별시 관악구 봉천로 356,서울,관악구,봉천동
파스타요고-신림본점,"{'lat': '37.486791', 'lng': '126.93785704'}","['피자/양식', '샐러드', '포장', '야식', '1인분주문']","{'average_rating': 4.8, 'count': 1016, 'image_count': 882, 'reply_count': 365}",4.8,1016.0,882.0,365.0,37.486791,126.93785704,서울특별시 관악구 봉천로23나길 46,서울,관악구,봉천동
대한카츠-동작점,"{'lat': '37.4965982', 'lng': '126.9306219'}","['한식', '분식', '일식/돈까스', '포장']","{'average_rating': 4.9, 'count': 1370, 'image_count': 1098, 'reply_count': 530}",4.9,1370.0,1098.0,530.0,37.4965982,126.9306219,서울특별시 동작구 국사봉길 74,서울,동작구,상도동
귀한족발-신림점,"{'lat': '37.4851311', 'lng': '126.92838959'}","['족발/보쌈', '프랜차이즈']","{'average_rating': 5.0, 'count': 6771, 'image_count': 6654, 'reply_count': 6594}",5.0,6771.0,6654.0,6594.0,37.4851311,126.92838959,서울특별시 관악구 신림로65길 20,서울,관악구,신림동
동해물과아구찜-관악점,"{'lat': '37.4834106580518', 'lng': '126.937948599715'}","['한식', '야식', '프랜차이즈', '찜/탕', '포장']","{'average_rating': 4.9, 'count': 6051, 'image_count': 5665, 'reply_count': 6045}",4.9,6051.0,5665.0,6045.0,37.4834106580518,126.937948599715,서울특별시 관악구 남부순환로200길 9,서울,관악구,봉천동
BHC-신림역점,"{'lat': '37.4830661', 'lng': '126.92859939'}","['프랜차이즈', '치킨']","{'average_rating': 4.9, 'count': 638, 'image_count': 551, 'reply_count': 415}",4.9,638.0,551.0,415.0,37.4830661,126.92859939,서울특별시 관악구 남부순환로176길 20,서울,관악구,신림동
뚜레쥬르-신림사거리점,"{'lat': '37.4847068532237', 'lng': '126.930663010992'}","['카페/디저트', '프랜차이즈', '포장', '샌드위치']","{'average_rating': 4.9, 'count': 8717, 'image_count': 7759, 'reply_count': 592}",4.9,8717.0,7759.0,592.0,37.4847068532237,126.930663010992,서울특별시 관악구 남부순환로 1619-1,서울,관악구,신림동
달떡볶이-관악직영점,"{'lat': '37.4802817', 'lng': '126.95471668'}","['포장', '한식', '분식', '야식', '프랜차이즈']","{'average_rating': 4.9, 'count': 5157, 'image_count': 4617, 'reply_count': 2632}",4.9,5157.0,4617.0,2632.0,37.4802817,126.95471668,서울특별시 관악구 남부순환로 1844,서울,관악구,봉천동
프리미엄진이찬방-신림당곡역점,"{'lat': '37.4902401', 'lng': '126.92784099'}","['한식', '프랜차이즈', '포장', '도시락/죽', '반찬']","{'average_rating': 4.9, 'count': 3909, 'image_count': 4015, 'reply_count': 3910}",4.9,3909.0,4015.0,3910.0,37.4902401,126.92784099,서울특별시 관악구 보라매로 8,서울,관악구,봉천동
짜글이미식회-신림점,"{'lat': '37.4783482641904', 'lng': '126.94115933268924'}","['한식', '포장', '찜/탕', '1인분주문', '고기/구이']","{'average_rating': 5.0, 'count': 4992, 'image_count': 3749, 'reply_count': 3256}",5.0,4992.0,3749.0,3256.0,37.4783482641904,126.94115933268924,서울특별시 관악구 참숯1길 19,서울,관악구,봉천동
연탄할미숯불삼겹-본점,"{'lat': '37.4839342', 'lng': '126.93936786'}","['한식', '고기/구이', '포장', '야식', '치킨']","{'average_rating': 4.9, 'count': 254, 'image_count': 240, 'reply_count': 214}",4.9,254.0,240.0,214.0,37.4839342,126.93936786,서울특별시 관악구 봉천로 356,서울,관악구,봉천동
프레퍼스다이어트푸드-신림본점,"{'lat': '37.4825212', 'lng': '126.92969821'}","['카페/디저트', '샐러드', '포장', '야식', '프랜차이즈']","{'average_rating': 4.9, 'count': 1095, 'image_count': 958, 'reply_count': 897}",4.9,1095.0,958.0,897.0,37.4825212,126.92969821,서울특별시 관악구 신림로 315,서울,관악구,신림동
인디아더르바르,"{'lat': '37.4820287', 'lng': '126.92976376'}","['피자/양식', '아시안', '고기/구이', '포장']","{'average_rating': 4.8, 'count': 28, 'image_count': 17, 'reply_count': 4}",4.8,28.0,17.0,4.0,37.4820287,126.92976376,서울특별시 관악구 신림로 309,서울,관악구,신림동
써브웨이-신림점,"{'lat': '37.4825754463389', 'lng': '126.930252882828'}","['피자/양식', '프랜차이즈', '샌드위치', '샐러드']","{'average_rating': 4.8, 'count': 220, 'image_count': 148, 'reply_count': 0}",4.8,220.0,148.0,0.0,37.4825754463389,126.930252882828,서울특별시 관악구 신림로 318,서울,관악구,신림동
곱창의전설-서울대입구역점,"{'lat': '37.48281457125774', 'lng': '126.95309268230915'}","['한식', '고기/구이', '포장', '야식', '프랜차이즈', '찜/탕']","{'average_rating': 4.8, 'count': 6516, 'image_count': 5226, 'reply_count': 4001}",4.8,6516.0,5226.0,4001.0,37.48281457125774,126.95309268230916,서울특별시 관악구 관악로 195,서울,관악구,봉천동
한식예찬장수반찬,"{'lat': '37.4749518', 'lng': '126.96555057'}","['한식', '고기/구이', '반찬']","{'average_rating': 4.9, 'count': 1519, 'image_count': 1464, 'reply_count': 582}",4.9,1519.0,1464.0,582.0,37.4749518,126.96555057,서울특별시 관악구 남부순환로248길 24,서울,관악구,봉천동
닭도리어때-봉천점,"{'lat': '37.479139', 'lng': '126.94224078'}","['찜/탕', '한식', '포장', '다회용기']","{'average_rating': 4.9, 'count': 30, 'image_count': 29, 'reply_count': 12}",4.9,30.0,29.0,12.0,37.479139,126.94224078,서울특별시 관악구 참숯1길 2,서울,관악구,봉천동
냠냠숯불두마리치킨-봉천점,"{'lat': '37.4888384', 'lng': '126.94862936'}","['치킨', '포장', '프랜차이즈', '신규맛집']","{'average_rating': 0.0, 'count': 0, 'image_count': 0, 'reply_count': 0}",0.0,0.0,0.0,0.0,37.4888384,126.94862936,서울특별시 관악구 은천로25길 63,서울,관악구,봉천동
한식세끼1인김치찜&부대찌개-관악점,"{'lat': '37.4857499', 'lng': '126.94071559'}","['찜/탕', '한식', '포장', '1인분주문', '프랜차이즈', '야식']","{'average_rating': 4.9, 'count': 6496, 'image_count': 5535, 'reply_count': 6469}",4.9,6496.0,5535.0,6469.0,37.4857499,126.94071559,서울특별시 관악구 봉천로27길 41,서울,관악구,봉천동
BHC-신림신원점,"{'lat': '37.4811884', 'lng': '126.92724988'}","['프랜차이즈', '치킨', '야식', '포장']","{'average_rating': 4.8, 'count': 326, 'image_count': 251, 'reply_count': 0}",4.8,326.0,251.0,0.0,37.4811884,126.92724988,서울특별시 관악구 신원로3가길 14,서울,관악구,신림동
디저트문-본점,"{'lat': '37.4860376830782', 'lng': '126.928812086465'}","['분식', '카페/디저트', '야식', '샌드위치', '포장']","{'average_rating': 4.9, 'count': 2279, 'image_count': 2002, 'reply_count': 1947}",4.9,2279.0,2002.0,1947.0,37.4860376830782,126.928812086465,서울특별시 관악구 신림로67길 9,서울,관악구,신림동
미친피자-관악점,"{'lat': '37.479169', 'lng': '126.94630031'}","['피자/양식', '포장', '야식', '치킨', '프랜차이즈']","{'average_rating': 4.9, 'count': 12558, 'image_count': 12226, 'reply_count': 3606}",4.9,12558.0,12226.0,3606.0,37.479169,126.94630031,서울특별시 관악구 쑥고개로 88,서울,관악구,봉천동
더밥상-신림점,"{'lat': '37.486915', 'lng': '126.92595687'}","['한식', '프랜차이즈', '도시락/죽', '고기/구이', '야식', '포장', '신규맛집']","{'average_rating': 4.9, 'count': 21, 'image_count': 18, 'reply_count': 4}",4.9,21.0,18.0,4.0,37.486915,126.92595687,서울특별시 관악구 신림동길 25,서울,관악구,신림동
무식한감자탕&뼈구이-봉천점,"{'lat': '37.4871632', 'lng': '126.93368559'}","['찜/탕', '한식', '고기/구이', '야식', '포장']","{'average_rating': 4.8, 'count': 145, 'image_count': 127, 'reply_count': 0}",4.8,145.0,127.0,0.0,37.4871632,126.93368559,서울특별시 관악구 봉천로 293,서울,관악구,봉천동
아라치-신림점,"{'lat': '37.4828405', 'lng': '126.92462591'}","['프랜차이즈', '치킨', '포장', '야식']","{'average_rating': 4.9, 'count': 576, 'image_count': 469, 'reply_count': 27}",4.9,576.0,469.0,27.0,37.4828405,126.92462591,서울특별시 관악구 남부순환로170길 3,서울,관악구,신림동
연경코리아-신대방점,"{'lat': '37.496699', 'lng': '126.92792716'}","['중국집', '아시안', '포장', '한식']","{'average_rating': 4.6, 'count': 456, 'image_count': 377, 'reply_count': 165}",4.6,456.0,377.0,165.0,37.496699,126.92792716,서울특별시 동작구 보라매로 82,서울,동작구,신대방동
고기듬뿍국물두루치기-신림점,"{'lat': '37.4841958', 'lng': '126.92511351'}","['찜/탕', '한식', '고기/구이', '포장', '야식', '프랜차이즈']","{'average_rating': 5.0, 'count': 171, 'image_count': 124, 'reply_count': 0}",5.0,171.0,124.0,0.0,37.4841958,126.92511351,서울특별시 관악구 관천로 59,서울,관악구,신림동
"지금,과일-신림직영점","{'lat': '37.4853205', 'lng': '126.93399279'}","['분식', '카페/디저트', '야식', '프랜차이즈', '포장']","{'average_rating': 5.0, 'count': 91, 'image_count': 69, 'reply_count': 87}",5.0,91.0,69.0,87.0,37.4853205,126.93399279,서울특별시 관악구 남부순환로191길 5,서울,관악구,신림동
고기구워주는려자-신림점,"{'lat': '37.48002187615634', 'lng': '126.9330862880287'}","['한식', '고기/구이', '도시락/죽', '포장', '야식']","{'average_rating': 4.9, 'count': 237, 'image_count': 195, 'reply_count': 232}",4.9,237.0,195.0,232.0,37.48002187615634,126.9330862880287,서울특별시 관악구 신림로48길 17-20,서울,관악구,신림동
누누타코야끼&캔커피-신림점,"{'lat': '37.485065', 'lng': '126.92986437'}","['일식/돈까스', '포장', '야식', '한식', '분식']","{'average_rating': 4.9, 'count': 641, 'image_count': 558, 'reply_count': 348}",4.9,641.0,558.0,348.0,37.485065,126.92986437,서울특별시 관악구 신림로 344,서울,관악구,신림동
벚꽃스시-상도점,"{'lat': '37.50407497165323', 'lng': '126.94265311505544'}","['한식', '일식/돈까스', '회/초밥', '포장', '프랜차이즈']","{'average_rating': 4.9, 'count': 11829, 'image_count': 11313, 'reply_count': 3753}",4.9,11829.0,11313.0,3753.0,37.50407497165323,126.94265311505544,서울특별시 동작구 상도로30길 40,서울,동작구,상도동
큰복통닭,"{'lat': '37.4860180281577', 'lng': '126.939843313115'}","['치킨', '1인분주문']","{'average_rating': 4.9, 'count': 2834, 'image_count': 2131, 'reply_count': 1846}",4.9,2834.0,2131.0,1846.0,37.4860180281577,126.939843313115,서울특별시 관악구 은천로 40-1,서울,관악구,봉천동
칼국수가맛있는밀의온도-본점,"{'lat': '37.4912113', 'lng': '126.92499033'}","['한식', '분식', '고기/구이', '포장', '1인분주문', '신규맛집']","{'average_rating': 4.9, 'count': 15, 'image_count': 11, 'reply_count': 0}",4.9,15.0,11.0,0.0,37.4912113,126.92499033,서울특별시 동작구 보라매로3길 29,서울,동작구,신대방동
옛날도시락볶음밥-신림점,"{'lat': '37.4847421', 'lng': '126.93998828'}","['한식', '고기/구이', '야식', '도시락/죽', '포장', '신규맛집']","{'average_rating': 5.0, 'count': 11, 'image_count': 11, 'reply_count': 11}",5.0,11.0,11.0,11.0,37.4847421,126.93998828,서울특별시 관악구 봉천로29길 9,서울,관악구,봉천동
노모어피자-신림점,"{'lat': '37.4835328', 'lng': '126.92264675'}","['피자/양식', '분식', '야식', '치킨', '프랜차이즈', '포장']","{'average_rating': 5.0, 'count': 2016, 'image_count': 1863, 'reply_count': 1991}",5.0,2016.0,1863.0,1991.0,37.4835328,126.92264675,서울특별시 관악구 남부순환로 1549,서울,관악구,신림동
족발정점-본점,"{'lat': '37.480665', 'lng': '126.92698267'}","['족발/보쌈', '고기/구이', '한식', '야식', '포장']","{'average_rating': 4.9, 'count': 256, 'image_count': 269, 'reply_count': 256}",4.9,256.0,269.0,256.0,37.480665,126.92698267,서울특별시 관악구 신원로3가길 23,서울,관악구,신림동
싹싹김치찜-관악본점,"{'lat': '37.4868902', 'lng': '126.92445837'}","['찜/탕', '한식', '야식', '포장', '1인분주문']","{'average_rating': 4.9, 'count': 112, 'image_count': 88, 'reply_count': 109}",4.9,112.0,88.0,109.0,37.4868902,126.92445837,서울특별시 관악구 신림동길 38,서울,관악구,신림동
인생아구찜-구로디지털점,"{'lat': '37.4873367', 'lng': '126.90955926'}","['찜/탕', '한식', '분식', '포장', '프랜차이즈', '야식']","{'average_rating': 5.0, 'count': 526, 'image_count': 460, 'reply_count': 430}",5.0,526.0,460.0,430.0,37.4873367,126.90955926,서울특별시 동작구 대림로 34,서울,동작구,신대방동
플러스82-신림점,"{'lat': '37.4865662', 'lng': '126.93155707'}","['분식', '카페/디저트', '샌드위치', '포장', '야식', '프랜차이즈']","{'average_rating': 4.9, 'count': 284, 'image_count': 241, 'reply_count': 272}",4.9,284.0,241.0,272.0,37.4865662,126.93155707,서울특별시 관악구 신림로68길 39,서울,관악구,신림동
김종용누룽지통닭-신림점,"{'lat': '37.4853293278141', 'lng': '126.933779549962'}","['포장', '야식', '치킨']","{'average_rating': 4.9, 'count': 397, 'image_count': 330, 'reply_count': 3}",4.9,397.0,330.0,3.0,37.4853293278141,126.933779549962,서울특별시 관악구 신림로64길 72,서울,관악구,신림동
맹호수제돈까스-신림점,"{'lat': '37.4839065', 'lng': '126.94208333'}","['고기/구이', '일식/돈까스', '포장', '프랜차이즈', '1인분주문']","{'average_rating': 4.9, 'count': 721, 'image_count': 594, 'reply_count': 580}",4.9,721.0,594.0,580.0,37.4839065,126.94208333,서울특별시 관악구 봉천로 373-16,서울,관악구,봉천동
쭈꾸미협동조합-신림점,"{'lat': '37.4841958', 'lng': '126.92511351'}","['찜/탕', '한식', '고기/구이', '포장', '야식', '프랜차이즈']","{'average_rating': 5.0, 'count': 29, 'image_count': 27, 'reply_count': 0}",5.0,29.0,27.0,0.0,37.4841958,126.92511351,서울특별시 관악구 관천로 59,서울,관악구,신림동
춘리마라탕-신림역점,"{'lat': '37.4821733', 'lng': '126.93008486'}","['중국집', '찜/탕', '프랜차이즈', '포장']","{'average_rating': 4.9, 'count': 2360, 'image_count': 2104, 'reply_count': 240}",4.9,2360.0,2104.0,240.0,37.4821733,126.93008486,서울특별시 관악구 신림로 312,서울,관악구,신림동
굽네치킨&피자-은천점,"{'lat': '37.4862903', 'lng': '126.94220021'}","['피자/양식', '프랜차이즈', '치킨', '포장']","{'average_rating': 4.9, 'count': 1193, 'image_count': 1002, 'reply_count': 83}",4.9,1193.0,1002.0,83.0,37.4862903,126.94220021,서울 관악구 봉천동 622-3,서울,관악구,봉천동
맘스터치-신림역점,"{'lat': '37.4843848', 'lng': '126.92829443'}","['버거', '프랜차이즈', '치킨', '포장']","{'average_rating': 4.8, 'count': 937, 'image_count': 797, 'reply_count': 293}",4.8,937.0,797.0,293.0,37.4843848,126.92829443,서울특별시 관악구 남부순환로 1599-3,서울,관악구,신림동
외계인피자-신림점,"{'lat': '37.4848897', 'lng': '126.93768233'}","['피자/양식', '포장', '프랜차이즈']","{'average_rating': 5.0, 'count': 3140, 'image_count': 3042, 'reply_count': 3138}",5.0,3140.0,3042.0,3138.0,37.4848897,126.93768233,서울특별시 관악구 봉천로 338,서울,관악구,봉천동
1kg덮밥-봉천점,"{'lat': '37.484532', 'lng': '126.93968267'}","['분식', '고기/구이', '한식', '야식', '포장', '프랜차이즈']","{'average_rating': 4.9, 'count': 929, 'image_count': 759, 'reply_count': 231}",4.9,929.0,759.0,231.0,37.484532,126.93968267,서울특별시 관악구 봉천로 353-1,서울,관악구,봉천동
요아정-신림점,"{'lat': '37.488939', 'lng': '126.925509'}","['카페/디저트', '야식', '포장', '프랜차이즈']","{'average_rating': 4.9, 'count': 843, 'image_count': 724, 'reply_count': 507}",4.9,843.0,724.0,507.0,37.488939,126.925509,서울특별시 관악구 봉천로6길 17,서울,관악구,신림동
고기로-신림점,"{'lat': '37.4842234', 'lng': '126.92352676'}","['고기/구이', '포장', '야식', '프랜차이즈']","{'average_rating': 4.9, 'count': 1931, 'image_count': 1622, 'reply_count': 1927}",4.9,1931.0,1622.0,1927.0,37.4842234,126.92352676,서울특별시 관악구 남부순환로167길 14,서울,관악구,신림동
곱도리탕에미친곱미남-관악본점,"{'lat': '37.489193', 'lng': '126.93024395'}","['찜/탕', '한식', '고기/구이', '포장', '야식']","{'average_rating': 5.0, 'count': 71, 'image_count': 59, 'reply_count': 70}",5.0,71.0,59.0,70.0,37.489193,126.93024395,서울특별시 관악구 봉천로13길 9,서울,관악구,봉천동
장인떡볶이,"{'lat': '37.4717877558061', 'lng': '126.939194923473'}","['분식', '한식', '포장']","{'average_rating': 4.9, 'count': 4350, 'image_count': 4328, 'reply_count': 2157}",4.9,4350.0,4328.0,2157.0,37.4717877558061,126.939194923473,서울특별시 관악구 신림로12길 34,서울,관악구,신림동
밥풀릭스-신림점,"{'lat': '37.4887849', 'lng': '126.92615021'}","['찜/탕', '한식', '도시락/죽', '포장', '프랜차이즈', '1인분주문']","{'average_rating': 4.9, 'count': 346, 'image_count': 253, 'reply_count': 36}",4.9,346.0,253.0,36.0,37.4887849,126.92615021,서울특별시 관악구 관천로22길 67,서울,관악구,신림동
구름계란덮밥-신림점,"{'lat': '37.47934152072143', 'lng': '126.92690954502972'}","['한식', '일식/돈까스', '도시락/죽', '포장', '프랜차이즈', '1인분주문']","{'average_rating': 5.0, 'count': 2744, 'image_count': 2453, 'reply_count': 2721}",5.0,2744.0,2453.0,2721.0,37.47934152072143,126.92690954502972,서울특별시 관악구 문성로 209,서울,관악구,신림동
지코바치킨-신림2호점,"{'lat': '37.4792357478163', 'lng': '126.928390927545'}","['프랜차이즈', '치킨', '포장']","{'average_rating': 4.9, 'count': 1705, 'image_count': 1404, 'reply_count': 1187}",4.9,1705.0,1404.0,1187.0,37.4792357478163,126.928390927545,서울특별시 관악구 문성로 222,서울,관악구,신림동
초밥24-신림점,"{'lat': '37.4814745', 'lng': '126.92979386'}","['일식/돈까스', '회/초밥', '포장', '1인분주문']","{'average_rating': 4.9, 'count': 717, 'image_count': 640, 'reply_count': 717}",4.9,717.0,640.0,717.0,37.4814745,126.92979386,서울특별시 관악구 신림로 303,서울,관악구,신림동
간식주유소-본점,"{'lat': '37.4861307', 'lng': '126.93675981'}","['카페/디저트', '야식', '샌드위치', '포장']","{'average_rating': 4.8, 'count': 59, 'image_count': 50, 'reply_count': 59}",4.8,59.0,50.0,59.0,37.4861307,126.93675981,서울특별시 관악구 은천로 14,서울,관악구,봉천동
88제육-신림봉천점,"{'lat': '37.4832725032839', 'lng': '126.940266203156'}","['찜/탕', '프랜차이즈', '한식', '포장']","{'average_rating': 5.0, 'count': 3272, 'image_count': 2674, 'reply_count': 1457}",5.0,3272.0,2674.0,1457.0,37.4832725032839,126.940266203156,서울특별시 관악구 남부순환로 1709,서울,관악구,봉천동
킹케밥-샤로수길점,"{'lat': '37.479009307193756', 'lng': '126.95426014017832'}","['피자/양식', '아시안', '고기/구이', '포장', '야식']","{'average_rating': 4.7, 'count': 203, 'image_count': 167, 'reply_count': 203}",4.7,203.0,167.0,203.0,37.47900930719376,126.95426014017832,서울특별시 관악구 관악로14길 31,서울,관악구,봉천동
쉐프의생안심탕수육-관악본점,"{'lat': '37.4867629', 'lng': '126.94082561'}","['중국집', '분식', '야식', '포장', '프랜차이즈', '1인분주문']","{'average_rating': 4.7, 'count': 58, 'image_count': 45, 'reply_count': 52}",4.7,58.0,45.0,52.0,37.4867629,126.94082561,서울특별시 관악구 은천로9길 14,서울,관악구,봉천동
푸라닭-신림점,"{'lat': '37.4847535198519', 'lng': '126.927367337399'}","['야식', '프랜차이즈', '치킨', '포장']","{'average_rating': 4.9, 'count': 6283, 'image_count': 5650, 'reply_count': 6283}",4.9,6283.0,5650.0,6283.0,37.4847535198519,126.927367337399,서울특별시 관악구 신림로65길 37,서울,관악구,신림동
족발부심-본점,"{'lat': '37.4809306', 'lng': '126.94609105'}","['아시안', '고기/구이', '족발/보쌈', '포장', '야식']","{'average_rating': 5.0, 'count': 484, 'image_count': 459, 'reply_count': 471}",5.0,484.0,459.0,471.0,37.4809306,126.94609105,서울특별시 관악구 청룡길 20,서울,관악구,봉천동
평안도순대국감자탕-신림점,"{'lat': '37.4832584', 'lng': '126.92110321'}","['포장', '한식', '1인분주문']","{'average_rating': 4.7, 'count': 4200, 'image_count': 2586, 'reply_count': 4171}",4.7,4200.0,2586.0,4171.0,37.4832584,126.92110321,서울특별시 관악구 남부순환로 1535,서울,관악구,신림동
너가찾던곱도리탕-본점,"{'lat': '37.4908773', 'lng': '126.93019749'}","['찜/탕', '한식', '포장', '야식']","{'average_rating': 5.0, 'count': 642, 'image_count': 530, 'reply_count': 571}",5.0,642.0,530.0,571.0,37.4908773,126.93019749,서울특별시 관악구 당곡2길 22,서울,관악구,봉천동
백억커피-봉천역점,"{'lat': '37.4817797', 'lng': '126.94140659'}","['카페/디저트', '포장', '프랜차이즈', '야식']","{'average_rating': 4.9, 'count': 1007, 'image_count': 720, 'reply_count': 626}",4.9,1007.0,720.0,626.0,37.4817797,126.94140659,서울특별시 관악구 장군봉1길 24,서울,관악구,봉천동
멕시카나-봉천점,"{'lat': '37.4823266', 'lng': '126.9448119'}","['프랜차이즈', '치킨', '포장']","{'average_rating': 4.8, 'count': 4961, 'image_count': 4062, 'reply_count': 2872}",4.8,4961.0,4062.0,2872.0,37.4823266,126.9448119,서울특별시 관악구 남부순환로 1751,서울,관악구,봉천동
야미닭발,"{'lat': '37.4834327', 'lng': '126.94723948'}","['고기/구이', '포장', '야식', '신규맛집']","{'average_rating': 4.9, 'count': 33, 'image_count': 39, 'reply_count': 31}",4.9,33.0,39.0,31.0,37.4834327,126.94723948,서울특별시 관악구 양녕로2길 9,서울,관악구,봉천동
샵볶음밥-신림점,"{'lat': '37.4874494', 'lng': '126.93312628'}","['샐러드', '한식', '분식', '포장', '야식']","{'average_rating': 5.0, 'count': 1241, 'image_count': 935, 'reply_count': 1237}",5.0,1241.0,935.0,1237.0,37.4874494,126.93312628,서울특별시 관악구 봉천로 287,서울,관악구,봉천동
싸다김밥-신림역점,"{'lat': '37.484438', 'lng': '126.92880372'}","['한식', '분식', '일식/돈까스', '야식', '포장', '프랜차이즈']","{'average_rating': 4.7, 'count': 1623, 'image_count': 1407, 'reply_count': 0}",4.7,1623.0,1407.0,0.0,37.484438,126.92880372,서울특별시 관악구 남부순환로 1603,서울,관악구,신림동
파스타예요-신림점,"{'lat': '37.4873758', 'lng': '126.9331862'}","['피자/양식', '야식', '포장', '프랜차이즈', '1인분주문']","{'average_rating': 5.0, 'count': 2486, 'image_count': 2099, 'reply_count': 1121}",5.0,2486.0,2099.0,1121.0,37.4873758,126.9331862,서울특별시 관악구 봉천로 287-1,서울,관악구,봉천동
번쩍피자-관악점,"{'lat': '37.485710811816624', 'lng': '126.93785568686478'}","['피자/양식', '야식', '포장', '프랜차이즈']","{'average_rating': 5.0, 'count': 2598, 'image_count': 2430, 'reply_count': 2458}",5.0,2598.0,2430.0,2458.0,37.485710811816624,126.93785568686478,서울특별시 관악구 봉천로25길 9,서울,관악구,봉천동
무식한김치찜-관악점,"{'lat': '37.4871632', 'lng': '126.93368559'}","['찜/탕', '한식', '포장', '야식']","{'average_rating': 4.9, 'count': 2329, 'image_count': 1868, 'reply_count': 970}",4.9,2329.0,1868.0,970.0,37.4871632,126.93368559,서울특별시 관악구 봉천로 293,서울,관악구,봉천동
백돈-관악점,"{'lat': '37.48270167330091', 'lng': '126.91612264141901'}","['한식', '일식/돈까스', '도시락/죽', '프랜차이즈', '포장']","{'average_rating': 5.0, 'count': 1294, 'image_count': 1112, 'reply_count': 343}",5.0,1294.0,1112.0,343.0,37.48270167330091,126.916122641419,서울특별시 관악구 남부순환로149길 10,서울,관악구,신림동
치포킹치킨과포테이토의킹왕짱콜라보-신림스타점,"{'lat': '37.485897', 'lng': '126.93839049'}","['분식', '고기/구이', '야식', '치킨', '포장', '1인분주문']","{'average_rating': 5.0, 'count': 3, 'image_count': 3, 'reply_count': 0}",5.0,3.0,3.0,0.0,37.485897,126.93839049,서울특별시 관악구 은천로 28,서울,관악구,봉천동
나는문어타코야끼-봉천점,"{'lat': '37.4857221', 'lng': '126.93696214'}","['분식', '카페/디저트', '일식/돈까스', '포장', '야식', '프랜차이즈']","{'average_rating': 4.8, 'count': 63, 'image_count': 70, 'reply_count': 0}",4.8,63.0,70.0,0.0,37.4857221,126.93696214,서울특별시 관악구 봉천로 327,서울,관악구,봉천동
동네에중식맛집없어서내가차린중국집-신림점,"{'lat': '37.4844866', 'lng': '126.93582351'}","['중국집', '포장', '야식']","{'average_rating': 4.6, 'count': 69, 'image_count': 68, 'reply_count': 0}",4.6,69.0,68.0,0.0,37.4844866,126.93582351,서울특별시 관악구 남부순환로 1668,서울,관악구,신림동
지랄닭발-봉천점,"{'lat': '37.4866591544311', 'lng': '126.937994248837'}","['한식', '야식', '프랜차이즈', '분식', '포장']","{'average_rating': 4.9, 'count': 502, 'image_count': 455, 'reply_count': 22}",4.9,502.0,455.0,22.0,37.4866591544311,126.937994248837,서울특별시 관악구 은천로5길 7,서울,관악구,봉천동
무궁김치찜-관악본점,"{'lat': '37.4866001', 'lng': '126.92262967'}","['찜/탕', '한식', '포장', '고기/구이', '야식', '1인분주문']","{'average_rating': 4.9, 'count': 480, 'image_count': 406, 'reply_count': 460}",4.9,480.0,406.0,460.0,37.4866001,126.92262967,서울특별시 관악구 관천로 91,서울,관악구,신림동
인생아구찜-관악점,"{'lat': '37.4792465', 'lng': '126.94450299'}","['찜/탕', '한식', '포장', '프랜차이즈']","{'average_rating': 5.0, 'count': 319, 'image_count': 263, 'reply_count': 14}",5.0,319.0,263.0,14.0,37.4792465,126.94450299,서울특별시 관악구 쑥고개로16길 3,서울,관악구,봉천동
탐나종합어시장-신림점,"{'lat': '37.4890276', 'lng': '126.92792392'}","['한식', '야식', '일식/돈까스', '회/초밥', '포장', '프랜차이즈']","{'average_rating': 4.9, 'count': 280, 'image_count': 256, 'reply_count': 162}",4.9,280.0,256.0,162.0,37.4890276,126.92792392,서울특별시 관악구 신림로 391,서울,관악구,신림동
그때 그 닭강정,"{'lat': '37.483562197687', 'lng': '126.921554020637'}","['야식', '치킨', '포장']","{'average_rating': 5.0, 'count': 1044, 'image_count': 839, 'reply_count': 688}",5.0,1044.0,839.0,688.0,37.483562197687,126.921554020637,서울특별시 관악구 남부순환로161길 6,서울,관악구,신림동
김치찜을부탁해-신림본점,"{'lat': '37.4855486', 'lng': '126.93730386'}","['찜/탕', '한식', '야식', '포장', '1인분주문']","{'average_rating': 4.9, 'count': 2583, 'image_count': 2038, 'reply_count': 676}",4.9,2583.0,2038.0,676.0,37.4855486,126.93730386,서울특별시 관악구 봉천로 331,서울,관악구,봉천동
백억커피-서원역점,"{'lat': '37.4773987', 'lng': '126.9376734'}","['카페/디저트', '포장', '프랜차이즈', '야식']","{'average_rating': 4.8, 'count': 320, 'image_count': 216, 'reply_count': 0}",4.8,320.0,216.0,0.0,37.4773987,126.9376734,서울특별시 관악구 쑥고개로 3,서울,관악구,신림동
뉴요커피자-신림점,"{'lat': '37.4840248', 'lng': '126.92243307'}","['피자/양식', '치킨', '포장', '야식', '신규맛집']","{'average_rating': 5.0, 'count': 11, 'image_count': 13, 'reply_count': 8}",5.0,11.0,13.0,8.0,37.4840248,126.92243307,서울특별시 관악구 관천로11길 46,서울,관악구,신림동
삼겹당-관악직영점,"{'lat': '37.4789584', 'lng': '126.93241932'}","['한식', '고기/구이', '야식', '포장']","{'average_rating': 4.9, 'count': 216, 'image_count': 186, 'reply_count': 182}",4.9,216.0,186.0,182.0,37.4789584,126.93241932,서울특별시 관악구 신림로48길 6,서울,관악구,신림동
롯데리아-신림역점,"{'lat': '37.4838706463823', 'lng': '126.929300767457'}","['프랜차이즈', '치킨', '버거', '야식', '포장']","{'average_rating': 4.5, 'count': 6678, 'image_count': 3290, 'reply_count': 2170}",4.5,6678.0,3290.0,2170.0,37.4838706463823,126.929300767457,서울특별시 관악구 남부순환로 1610,서울,관악구,신림동
명품김치보쌈&한식요리전문점개화식당,"{'lat': '37.4792774', 'lng': '126.92664336'}","['찜/탕', '족발/보쌈', '포장', '고기/구이']","{'average_rating': 5.0, 'count': 1472, 'image_count': 1390, 'reply_count': 274}",5.0,1472.0,1390.0,274.0,37.4792774,126.92664336,서울특별시 관악구 문성로 205,서울,관악구,신림동
국밥회관-봉천점,"{'lat': '37.490775892303546', 'lng': '126.9300021802972'}","['찜/탕', '한식', '포장', '1인분주문']","{'average_rating': 4.9, 'count': 247, 'image_count': 216, 'reply_count': 224}",4.9,247.0,216.0,224.0,37.490775892303546,126.9300021802972,서울특별시 관악구 당곡2길 20,서울,관악구,봉천동
돈돼후야시장돼지갈비후라이드-관악본점,"{'lat': '37.4867629', 'lng': '126.94082561'}","['분식', '야식', '치킨', '포장', '프랜차이즈', '1인분주문']","{'average_rating': 4.9, 'count': 25, 'image_count': 23, 'reply_count': 23}",4.9,25.0,23.0,23.0,37.4867629,126.94082561,서울특별시 관악구 은천로9길 14,서울,관악구,봉천동
동대문엽기떡볶이-신림점,"{'lat': '37.4870043085342', 'lng': '126.927290644215'}","['분식', '프랜차이즈']","{'average_rating': 4.8, 'count': 173, 'image_count': 138, 'reply_count': 0}",4.8,173.0,138.0,0.0,37.4870043085342,126.927290644215,서울특별시 관악구 신림동5길 5,서울,관악구,신림동
MZ파스타-신림점,"{'lat': '37.4839342', 'lng': '126.93936786'}","['피자/양식', '분식', '고기/구이', '포장', '야식', '1인분주문', '신규맛집']","{'average_rating': 5.0, 'count': 10, 'image_count': 9, 'reply_count': 10}",5.0,10.0,9.0,10.0,37.4839342,126.93936786,서울특별시 관악구 봉천로 356,서울,관악구,봉천동
연정찜닭-신림봉천점,"{'lat': '37.4893328', 'lng': '126.92398241'}","['찜/탕', '한식', '포장', '고기/구이']","{'average_rating': 4.9, 'count': 165, 'image_count': 122, 'reply_count': 100}",4.9,165.0,122.0,100.0,37.4893328,126.92398241,서울특별시 관악구 봉천로4길 9,서울,관악구,신림동
송주불냉면-신림점,"{'lat': '37.488025070881', 'lng': '126.925565449409'}","['한식', '프랜차이즈']","{'average_rating': 4.8, 'count': 228, 'image_count': 176, 'reply_count': 0}",4.8,228.0,176.0,0.0,37.488025070881,126.925565449409,서울특별시 관악구 관천로18길 45,서울,관악구,신림동
왕세수대야빙수-신림점,"{'lat': '37.480665', 'lng': '126.92698267'}","['카페/디저트', '야식', '샌드위치', '포장']","{'average_rating': 4.9, 'count': 125, 'image_count': 122, 'reply_count': 25}",4.9,125.0,122.0,25.0,37.480665,126.92698267,서울특별시 관악구 신원로3가길 23,서울,관악구,신림동
짬뽕지존-봉천점,"{'lat': '37.481625397736686', 'lng': '126.94665226552254'}","['중국집', '프랜차이즈', '포장', '야식']","{'average_rating': 4.9, 'count': 1779, 'image_count': 1475, 'reply_count': 291}",4.9,1779.0,1475.0,291.0,37.481625397736686,126.94665226552254,서울특별시 관악구 남부순환로 1770,서울,관악구,봉천동
멕시카나-신림점,"{'lat': '37.4823266', 'lng': '126.9448119'}","['프랜차이즈', '치킨', '포장']","{'average_rating': 4.8, 'count': 4195, 'image_count': 3334, 'reply_count': 633}",4.8,4195.0,3334.0,633.0,37.4823266,126.9448119,서울특별시 관악구 남부순환로 1751,서울,관악구,봉천동
큭큭피자-본점,"{'lat': '37.4830067', 'lng': '126.93840812'}","['피자/양식', '야식', '포장', '프랜차이즈']","{'average_rating': 4.9, 'count': 911, 'image_count': 883, 'reply_count': 899}",4.9,911.0,883.0,899.0,37.4830067,126.93840812,서울특별시 관악구 장군봉2길 35,서울,관악구,봉천동
육개장 전문 육도장-신대방점,"{'lat': '37.4987653', 'lng': '126.9288979'}","['찜/탕', '한식', '분식', '포장', '야식']","{'average_rating': 4.9, 'count': 115, 'image_count': 78, 'reply_count': 56}",4.9,115.0,78.0,56.0,37.4987653,126.9288979,서울특별시 동작구 국사봉1길 4,서울,동작구,상도동
120겹파이-신림점,"{'lat': '37.4876853', 'lng': '126.93993903'}","['카페/디저트', '야식', '샌드위치']","{'average_rating': 5.0, 'count': 660, 'image_count': 569, 'reply_count': 33}",5.0,660.0,569.0,33.0,37.4876853,126.93993903,서울특별시 관악구 국회단지길 35,서울,관악구,봉천동
BHC-봉천청룡점,"{'lat': '37.479516', 'lng': '126.94253419'}","['치킨', '포장', '프랜차이즈']","{'average_rating': 4.9, 'count': 379, 'image_count': 343, 'reply_count': 194}",4.9,379.0,343.0,194.0,37.479516,126.94253419,서울특별시 관악구 쑥고개로 54,서울,관악구,봉천동
포타임쌀국수-신대방점,"{'lat': '37.4987653', 'lng': '126.9288979'}","['아시안', '한식', '분식', '포장', '야식']","{'average_rating': 4.6, 'count': 45, 'image_count': 26, 'reply_count': 22}",4.6,45.0,26.0,22.0,37.4987653,126.9288979,서울특별시 동작구 국사봉1길 4,서울,동작구,상도동
차고집냉면-동작점,"{'lat': '37.4965982', 'lng': '126.9306219'}","['한식', '일식/돈까스', '분식', '포장']","{'average_rating': 4.9, 'count': 10964, 'image_count': 9802, 'reply_count': 8450}",4.9,10964.0,9802.0,8450.0,37.4965982,126.9306219,서울특별시 동작구 국사봉길 74,서울,동작구,상도동
돈맛탱삼겹살전문-신림점,"{'lat': '37.4811191', 'lng': '126.92752263'}","['한식', '고기/구이', '포장', '찜/탕', '야식']","{'average_rating': 4.9, 'count': 477, 'image_count': 402, 'reply_count': 327}",4.9,477.0,402.0,327.0,37.4811191,126.92752263,서울특별시 관악구 신원로3가길 9,서울,관악구,신림동
통통회-신림점,"{'lat': '37.4786365', 'lng': '126.93112815'}","['야식', '회/초밥', '포장', '한식', '프랜차이즈', '1인분주문']","{'average_rating': 4.9, 'count': 622, 'image_count': 492, 'reply_count': 521}",4.9,622.0,492.0,521.0,37.4786365,126.93112815,서울특별시 관악구 문성로 247-1,서울,관악구,신림동
곱하돌곱도리하는돌아이-관악본점,"{'lat': '37.489193', 'lng': '126.93024395'}","['찜/탕', '한식', '야식', '포장', '신규맛집']","{'average_rating': 5.0, 'count': 28, 'image_count': 24, 'reply_count': 26}",5.0,28.0,24.0,26.0,37.489193,126.93024395,서울특별시 관악구 봉천로13길 9,서울,관악구,봉천동
카츠와이찌-신림점,"{'lat': '37.4859944', 'lng': '126.92117477'}","['고기/구이', '일식/돈까스', '포장', '야식', '프랜차이즈', '신규맛집']","{'average_rating': 5.0, 'count': 14, 'image_count': 10, 'reply_count': 0}",5.0,14.0,10.0,0.0,37.4859944,126.92117477,서울특별시 관악구 조원로 170,서울,관악구,신림동
백정밥상-봉천점,"{'lat': '37.484532', 'lng': '126.93968267'}","['한식', '고기/구이', '야식', '도시락/죽', '포장', '프랜차이즈']","{'average_rating': 4.9, 'count': 243, 'image_count': 213, 'reply_count': 104}",4.9,243.0,213.0,104.0,37.484532,126.93968267,서울특별시 관악구 봉천로 353-1,서울,관악구,봉천동
후투타코(HOOTUTACO)-봉천점,"{'lat': '37.4814092', 'lng': '126.94310598'}","['피자/양식', '포장', '1인분주문']","{'average_rating': 4.7, 'count': 62, 'image_count': 41, 'reply_count': 28}",4.7,62.0,41.0,28.0,37.4814092,126.94310598,서울특별시 관악구 장군봉1길 56,서울,관악구,봉천동
아리랑숯불두마리치킨,"{'lat': '37.4832005', 'lng': '126.91451782'}","['한식', '고기/구이', '치킨', '포장']","{'average_rating': 4.6, 'count': 46, 'image_count': 38, 'reply_count': 0}",4.6,46.0,38.0,0.0,37.4832005,126.91451782,서울특별시 관악구 난곡로 326,서울,관악구,신림동
원래는치킨집을할려고했었다-관악점,"{'lat': '37.4794155', 'lng': '126.94194469'}","['포장', '분식', '치킨', '야식', '프랜차이즈']","{'average_rating': 4.9, 'count': 4723, 'image_count': 4469, 'reply_count': 3129}",4.9,4723.0,4469.0,3129.0,37.4794155,126.94194469,서울특별시 관악구 쑥고개로 48,서울,관악구,봉천동
마약낙곱새-관악점,"{'lat': '37.486974', 'lng': '126.94909548'}","['한식', '프랜차이즈', '야식', '포장', '다회용기', '1인분주문']","{'average_rating': 4.9, 'count': 2161, 'image_count': 1959, 'reply_count': 650}",4.9,2161.0,1959.0,650.0,37.486974,126.94909548,서울특별시 관악구 은천로25길 4,서울,관악구,봉천동
수제찹쌀탕수육의신-본점,"{'lat': '37.489171446961606', 'lng': '126.93022018090883'}","['중국집', '분식', '프랜차이즈', '포장']","{'average_rating': 4.9, 'count': 266, 'image_count': 225, 'reply_count': 217}",4.9,266.0,225.0,217.0,37.489171446961606,126.93022018090883,서울특별시 관악구 봉천로13길 9,서울,관악구,봉천동
배스킨라빈스-신림점,"{'lat': '37.4821433655296', 'lng': '126.929667127465'}","['카페/디저트', '프랜차이즈', '포장']","{'average_rating': 4.8, 'count': 3279, 'image_count': 1943, 'reply_count': 1360}",4.8,3279.0,1943.0,1360.0,37.4821433655296,126.929667127465,서울특별시 관악구 신림로 311,서울,관악구,신림동
참맛있는장왕족발-관악본점,"{'lat': '37.4836935', 'lng': '126.95313023'}","['고기/구이', '족발/보쌈', '포장']","{'average_rating': 5.0, 'count': 54, 'image_count': 58, 'reply_count': 54}",5.0,54.0,58.0,54.0,37.4836935,126.95313023,서울특별시 관악구 중앙1길 15,서울,관악구,봉천동
미스터낙곱새-신림점,"{'lat': '37.4802922839589', 'lng': '126.928366715493'}","['찜/탕', '한식', '분식', '포장']","{'average_rating': 4.9, 'count': 406, 'image_count': 382, 'reply_count': 113}",4.9,406.0,382.0,113.0,37.4802922839589,126.928366715493,서울특별시 관악구 문성로31길 23,서울,관악구,신림동
자담치킨-신림역점,"{'lat': '37.48645996440502', 'lng': '126.92613637607973'}","['포장', '프랜차이즈', '치킨']","{'average_rating': 4.9, 'count': 2789, 'image_count': 2429, 'reply_count': 11}",4.9,2789.0,2429.0,11.0,37.48645996440502,126.92613637607973,서울특별시 관악구 신림동5가길 23,서울,관악구,신림동
제주할멍고기국수&국밥-보라매점,"{'lat': '37.4912113', 'lng': '126.92499033'}","['한식', '포장', '1인분주문']","{'average_rating': 4.9, 'count': 305, 'image_count': 255, 'reply_count': 0}",4.9,305.0,255.0,0.0,37.4912113,126.92499033,서울특별시 동작구 보라매로3길 29,서울,동작구,신대방동
동궁찜닭-서울신림점,"{'lat': '37.4840152', 'lng': '126.94132463'}","['찜/탕', '한식', '프랜차이즈', '포장']","{'average_rating': 4.9, 'count': 773, 'image_count': 651, 'reply_count': 427}",4.9,773.0,651.0,427.0,37.4840152,126.94132463,서울특별시 관악구 봉천로31길 7,서울,관악구,봉천동
꾸덕제과,"{'lat': '37.4817409', 'lng': '126.9397209'}","['카페/디저트', '포장', '야식']","{'average_rating': 4.9, 'count': 91, 'image_count': 85, 'reply_count': 7}",4.9,91.0,85.0,7.0,37.4817409,126.9397209,서울특별시 관악구 장군봉길 26,서울,관악구,봉천동
꿀때기곱창-보라매점,"{'lat': '37.4913183', 'lng': '126.92619578'}","['한식', '찜/탕', '고기/구이', '포장', '야식']","{'average_rating': 4.0, 'count': 11, 'image_count': 9, 'reply_count': 0}",4.0,11.0,9.0,0.0,37.4913183,126.92619578,서울특별시 관악구 보라매로3길 17,서울,관악구,봉천동
신림양면소,"{'lat': '37.4886561', 'lng': '126.92806425'}","['피자/양식', '포장', '야식', '신규맛집']","{'average_rating': 4.8, 'count': 11, 'image_count': 12, 'reply_count': 8}",4.8,11.0,12.0,8.0,37.4886561,126.92806425,서울특별시 관악구 신림로 387,서울,관악구,신림동
국밥생각-신림본점,"{'lat': '37.4804748', 'lng': '126.94597577'}","['한식', '프랜차이즈', '야식', '1인분주문', '찜/탕', '고기/구이']","{'average_rating': 4.7, 'count': 334, 'image_count': 246, 'reply_count': 160}",4.7,334.0,246.0,160.0,37.4804748,126.94597577,서울특별시 관악구 청룡길 30,서울,관악구,봉천동
기영이숯불두마리치킨-관악보라매점,"{'lat': '37.4869265', 'lng': '126.93810854'}","['고기/구이', '프랜차이즈', '치킨', '포장']","{'average_rating': 4.9, 'count': 299, 'image_count': 252, 'reply_count': 292}",4.9,299.0,252.0,292.0,37.4869265,126.93810854,서울특별시 관악구 봉천로23나길 47,서울,관악구,봉천동
맥도날드-신림점,"{'lat': '37.4819355', 'lng': '126.93018519'}","['버거', '프랜차이즈']","{'average_rating': 4.5, 'count': 11011, 'image_count': 6465, 'reply_count': 6}",4.5,11011.0,6465.0,6.0,37.4819355,126.93018519,서울특별시 관악구 신림로 310,서울,관악구,신림동
샐러리아샐러드&포케-신림점,"{'lat': '37.486222', 'lng': '126.9261829'}","['포장', '프랜차이즈', '샐러드']","{'average_rating': 4.8, 'count': 174, 'image_count': 172, 'reply_count': 126}",4.8,174.0,172.0,126.0,37.486222,126.9261829,서울특별시 관악구 관천로12길 27,서울,관악구,신림동
철통닭갈비-봉천점,"{'lat': '37.48145660510619', 'lng': '126.94310978729818'}","['찜/탕', '한식', '프랜차이즈', '고기/구이', '야식', '다회용기', '포장']","{'average_rating': 4.9, 'count': 447, 'image_count': 353, 'reply_count': 446}",4.9,447.0,353.0,446.0,37.48145660510619,126.94310978729818,서울특별시 관악구 장군봉1길 56,서울,관악구,봉천동
미래식부,"{'lat': '37.4833505', 'lng': '126.94286352'}","['중국집', '한식', '아시안']","{'average_rating': 4.9, 'count': 6941, 'image_count': 6400, 'reply_count': 17}",4.9,6941.0,6400.0,17.0,37.4833505,126.94286352,서울특별시 관악구 봉천로 385,서울,관악구,봉천동
속초오징어어시장-구로디지털단지점,"{'lat': '37.48432836329453', 'lng': '126.90103770447747'}","['한식', '야식', '회/초밥', '포장', '일식/돈까스', '프랜차이즈']","{'average_rating': 4.9, 'count': 3085, 'image_count': 3217, 'reply_count': 470}",4.9,3085.0,3217.0,470.0,37.48432836329453,126.90103770447747,서울특별시 구로구 디지털로32나길 34,서울,구로구,구로동
또리커피-관악점,"{'lat': '37.48027895602974', 'lng': '126.90467784809681'}","['분식', '카페/디저트', '샌드위치', '포장', '야식', '프랜차이즈']","{'average_rating': 4.9, 'count': 1712, 'image_count': 1501, 'reply_count': 1578}",4.9,1712.0,1501.0,1578.0,37.48027895602974,126.9046778480968,서울특별시 관악구 남부순환로 1385,서울,관악구,신림동
153구포국수-봉천점,"{'lat': '37.482388', 'lng': '126.94374014'}","['한식', '분식', '포장', '야식', '프랜차이즈', '족발/보쌈']","{'average_rating': 4.8, 'count': 1408, 'image_count': 1190, 'reply_count': 1387}",4.8,1408.0,1190.0,1387.0,37.482388,126.94374014,서울특별시 관악구 남부순환로 1741,서울,관악구,봉천동
쿠모돈카츠-신림점,"{'lat': '37.4822089', 'lng': '126.92702428'}","['일식/돈까스', '포장', '1인분주문', '신규맛집']","{'average_rating': 5.0, 'count': 12, 'image_count': 14, 'reply_count': 12}",5.0,12.0,14.0,12.0,37.4822089,126.92702428,서울특별시 관악구 신원로3길 30,서울,관악구,신림동
지코바치킨-보라매점,"{'lat': '37.4896781', 'lng': '126.92878414'}","['포장', '프랜차이즈', '치킨', '신규맛집']","{'average_rating': 4.0, 'count': 2, 'image_count': 1, 'reply_count': 0}",4.0,2.0,1.0,0.0,37.4896781,126.92878414,서울특별시 관악구 당곡길 7,서울,관악구,봉천동
갱상도야채고기찜-신림점,"{'lat': '37.4868663', 'lng': '126.93873133'}","['찜/탕', '한식', '고기/구이', '포장', '야식', '프랜차이즈']","{'average_rating': 5.0, 'count': 233, 'image_count': 200, 'reply_count': 0}",5.0,233.0,200.0,0.0,37.4868663,126.93873133,서울 관악구 봉천동 953-10,서울,관악구,봉천동
두부장인-봉천점,"{'lat': '37.484532', 'lng': '126.93968267'}","['찜/탕', '한식', '고기/구이', '야식', '포장', '프랜차이즈']","{'average_rating': 4.8, 'count': 263, 'image_count': 217, 'reply_count': 100}",4.8,263.0,217.0,100.0,37.484532,126.93968267,서울특별시 관악구 봉천로 353-1,서울,관악구,봉천동
피자와썹-관악직영점,"{'lat': '37.4791573', 'lng': '126.94605154'}","['프랜차이즈', '치킨', '피자/양식', '분식', '야식', '포장']","{'average_rating': 5.0, 'count': 533, 'image_count': 559, 'reply_count': 213}",5.0,533.0,559.0,213.0,37.4791573,126.94605154,서울특별시 관악구 쑥고개로 86,서울,관악구,봉천동
꿀튀돼지후라이드-서울봉천점,"{'lat': '37.4912331', 'lng': '126.92839166'}","['분식', '고기/구이', '치킨', '포장', '야식']","{'average_rating': 4.9, 'count': 143, 'image_count': 134, 'reply_count': 116}",4.9,143.0,134.0,116.0,37.4912331,126.92839166,서울특별시 관악구 당곡길 48,서울,관악구,봉천동
밥구정로데오-봉천점,"{'lat': '37.477889', 'lng': '126.94185505'}","['한식', '포장', '1인분주문', '찜/탕', '도시락/죽', '야식', '프랜차이즈']","{'average_rating': 4.9, 'count': 1212, 'image_count': 1115, 'reply_count': 0}",4.9,1212.0,1115.0,0.0,37.477889,126.94185505,서울특별시 관악구 참숯1길 19,서울,관악구,봉천동
대한카츠-관악점,"{'lat': '37.4797687', 'lng': '126.95751774'}","['아시안', '분식', '일식/돈까스', '포장']","{'average_rating': 4.9, 'count': 296, 'image_count': 242, 'reply_count': 77}",4.9,296.0,242.0,77.0,37.4797687,126.95751774,서울특별시 관악구 남부순환로 1869,서울,관악구,봉천동
상도고려왕족발보쌈애감자탕,"{'lat': '37.4989765622282', 'lng': '126.927821292088'}","['포장', '한식', '족발/보쌈', '야식', '찜/탕']","{'average_rating': 4.8, 'count': 15372, 'image_count': 12873, 'reply_count': 4267}",4.8,15372.0,12873.0,4267.0,37.4989765622282,126.927821292088,서울특별시 동작구 여의대방로24길 140,서울,동작구,신대방동
백억커피-신대방삼거리점,"{'lat': '37.4988906', 'lng': '126.93368378'}","['카페/디저트', '야식', '포장', '프랜차이즈']","{'average_rating': 4.9, 'count': 706, 'image_count': 507, 'reply_count': 107}",4.9,706.0,507.0,107.0,37.4988906,126.93368378,서울특별시 동작구 성대로 43,서울,동작구,상도동
술파는이층남자,"{'lat': '37.4873368', 'lng': '126.9281623'}","['피자/양식', '한식', '포장', '아시안', '야식']","{'average_rating': 5.0, 'count': 63, 'image_count': 53, 'reply_count': 50}",5.0,63.0,53.0,50.0,37.4873368,126.9281623,서울특별시 관악구 신림동길 5,서울,관악구,신림동
든든삼겹,"{'lat': '37.4775598', 'lng': '126.93664386'}","['한식', '고기/구이', '야식', '포장']","{'average_rating': 5.0, 'count': 502, 'image_count': 415, 'reply_count': 2}",5.0,502.0,415.0,2.0,37.4775598,126.93664386,서울특별시 관악구 신림로 224,서울,관악구,신림동
고향엄마손생바지락칼국수-신대방삼거리점,"{'lat': '37.4985598', 'lng': '126.92608257'}","['한식', '분식', '도시락/죽', '포장', '프랜차이즈']","{'average_rating': 4.9, 'count': 831, 'image_count': 776, 'reply_count': 465}",4.9,831.0,776.0,465.0,37.4985598,126.92608257,서울특별시 동작구 여의대방로22길 121,서울,동작구,신대방동
입천장안까지는닭강정집-신림스타점,"{'lat': '37.485897', 'lng': '126.93839049'}","['분식', '고기/구이', '야식', '치킨', '포장', '1인분주문']","{'average_rating': 5.0, 'count': 1, 'image_count': 1, 'reply_count': 0}",5.0,1.0,1.0,0.0,37.485897,126.93839049,서울특별시 관악구 은천로 28,서울,관악구,봉천동
용궁-관악점,"{'lat': '37.4867629', 'lng': '126.94082561'}","['중국집', '야식', '포장', '프랜차이즈', '1인분주문', '신규맛집']","{'average_rating': 4.7, 'count': 3, 'image_count': 2, 'reply_count': 2}",4.7,3.0,2.0,2.0,37.4867629,126.94082561,서울특별시 관악구 은천로9길 14,서울,관악구,봉천동
진곱도리탕전문점-신림점,"{'lat': '37.4851007', 'lng': '126.93830627'}","['찜/탕', '한식', '고기/구이', '야식', '포장', '1인분주문']","{'average_rating': 4.9, 'count': 227, 'image_count': 165, 'reply_count': 114}",4.9,227.0,165.0,114.0,37.4851007,126.93830627,서울특별시 관악구 봉천로 341,서울,관악구,봉천동
TMTPIZZA티엠티피자-신림점,"{'lat': '37.4829827', 'lng': '126.93963353'}","['피자/양식', '야식', '프랜차이즈', '치킨', '포장']","{'average_rating': 4.9, 'count': 943, 'image_count': 947, 'reply_count': 931}",4.9,943.0,947.0,931.0,37.4829827,126.93963353,서울특별시 관악구 남부순환로 1706,서울,관악구,봉천동
요아정-봉천점,"{'lat': '37.481517', 'lng': '126.94652264'}","['카페/디저트', '포장', '야식', '프랜차이즈']","{'average_rating': 4.9, 'count': 696, 'image_count': 586, 'reply_count': 693}",4.9,696.0,586.0,693.0,37.481517,126.94652264,서울특별시 관악구 청룡길 9,서울,관악구,봉천동
미친짜글이-신림점,"{'lat': '37.4811265', 'lng': '126.91421284'}","['중국집', '한식', '고기/구이', '야식']","{'average_rating': 4.9, 'count': 304, 'image_count': 260, 'reply_count': 0}",4.9,304.0,260.0,0.0,37.4811265,126.91421284,서울특별시 관악구 난곡로63길 6,서울,관악구,신림동
동대문엽기떡볶이-관악봉천점,"{'lat': '37.4803715', 'lng': '126.94613006'}","['분식', '프랜차이즈']","{'average_rating': 4.8, 'count': 359, 'image_count': 295, 'reply_count': 0}",4.8,359.0,295.0,0.0,37.4803715,126.94613006,서울특별시 관악구 청룡길 31,서울,관악구,봉천동
구백냥곱창-신림본점,"{'lat': '37.4693353', 'lng': '126.93633444'}","['한식', '고기/구이', '야식', '포장', '프랜차이즈', '1인분주문']","{'average_rating': 5.0, 'count': 106, 'image_count': 98, 'reply_count': 0}",5.0,106.0,98.0,0.0,37.4693353,126.93633444,서울특별시 관악구 신림로17길 32,서울,관악구,신림동
이불속순살치킨,"{'lat': '37.484597', 'lng': '126.92759424'}","['한식', '분식', '치킨', '포장', '야식', '신규맛집']","{'average_rating': 5.0, 'count': 1, 'image_count': 1, 'reply_count': 0}",5.0,1.0,1.0,0.0,37.484597,126.92759424,서울특별시 관악구 남부순환로 1597-11,서울,관악구,신림동
육회바른연어-보라매점,"{'lat': '37.491369', 'lng': '126.92731534'}","['한식', '일식/돈까스', '포장', '야식', '회/초밥', '프랜차이즈']","{'average_rating': 5.0, 'count': 873, 'image_count': 774, 'reply_count': 780}",5.0,873.0,774.0,780.0,37.491369,126.92731534,서울특별시 관악구 보라매로 22,서울,관악구,봉천동
술지비,"{'lat': '37.4865653', 'lng': '126.93040383'}","['찜/탕', '한식', '고기/구이', '포장', '야식', '신규맛집']","{'average_rating': 0.0, 'count': 0, 'image_count': 0, 'reply_count': 0}",0.0,0.0,0.0,0.0,37.4865653,126.93040383,서울특별시 관악구 신림로68길 18,서울,관악구,신림동
읍천리382-신림점,"{'lat': '37.4884828148913', 'lng': '126.92547079423'}","['카페/디저트', '프랜차이즈', '포장', '샐러드', '샌드위치']","{'average_rating': 5.0, 'count': 233, 'image_count': 234, 'reply_count': 63}",5.0,233.0,234.0,63.0,37.4884828148913,126.92547079423,서울특별시 관악구 관천로20길 49,서울,관악구,신림동
최프로배달삼겹-관악1호점,"{'lat': '37.4768704', 'lng': '126.93758038'}","['포장', '한식', '야식', '고기/구이']","{'average_rating': 4.9, 'count': 1393, 'image_count': 1247, 'reply_count': 1162}",4.9,1393.0,1247.0,1162.0,37.4768704,126.93758038,서울특별시 관악구 신림로 216-1,서울,관악구,신림동
옥수동묵은지김치찜-관악점,"{'lat': '37.4881203', 'lng': '126.9255175'}","['한식', '야식', '찜/탕', '프랜차이즈', '도시락/죽']","{'average_rating': 4.9, 'count': 3535, 'image_count': 3028, 'reply_count': 3058}",4.9,3535.0,3028.0,3058.0,37.4881203,126.9255175,서울특별시 관악구 봉천로6길 36,서울,관악구,신림동
피나치공-신림본점,"{'lat': '37.4840884', 'lng': '126.92157603'}","['피자/양식', '치킨', '포장', '프랜차이즈']","{'average_rating': 4.8, 'count': 210, 'image_count': 233, 'reply_count': 206}",4.8,210.0,233.0,206.0,37.4840884,126.92157603,서울특별시 관악구 남부순환로163길 6,서울,관악구,신림동
퍼그피자하우스-신림점,"{'lat': '37.4865564', 'lng': '126.92894994'}","['피자/양식', '포장', '신규맛집']","{'average_rating': 5.0, 'count': 22, 'image_count': 23, 'reply_count': 22}",5.0,22.0,23.0,22.0,37.4865564,126.92894994,서울특별시 관악구 신림로 363,서울,관악구,신림동
최곱도리탕-전문점,"{'lat': '37.4867575', 'lng': '126.94058449'}","['찜/탕', '한식', '고기/구이', '포장', '야식', '신규맛집']","{'average_rating': 4.0, 'count': 8, 'image_count': 6, 'reply_count': 8}",4.0,8.0,6.0,8.0,37.4867575,126.94058449,서울특별시 관악구 국회단지2길 19,서울,관악구,봉천동
이비가짬뽕-신림점,"{'lat': '37.4849927', 'lng': '126.93376846'}","['중국집', '포장', '프랜차이즈']","{'average_rating': 4.3, 'count': 11, 'image_count': 7, 'reply_count': 3}",4.3,11.0,7.0,3.0,37.4849927,126.93376846,서울특별시 관악구 남부순환로 1647,서울,관악구,신림동
고깃집얼큰된장찌개-봉천점,"{'lat': '37.484532', 'lng': '126.93968267'}","['찜/탕', '한식', '고기/구이', '야식', '포장', '프랜차이즈']","{'average_rating': 4.9, 'count': 369, 'image_count': 284, 'reply_count': 138}",4.9,369.0,284.0,138.0,37.484532,126.93968267,서울특별시 관악구 봉천로 353-1,서울,관악구,봉천동
완미족발-서울신림점,"{'lat': '37.4849706', 'lng': '126.9286231'}","['족발/보쌈', '프랜차이즈', '야식', '포장']","{'average_rating': 4.9, 'count': 304, 'image_count': 315, 'reply_count': 59}",4.9,304.0,315.0,59.0,37.4849706,126.9286231,서울특별시 관악구 신림로65길 15-2,서울,관악구,신림동
특별한호두와플-신림점,"{'lat': '37.4854459', 'lng': '126.9331032'}","['카페/디저트', '포장']","{'average_rating': 4.9, 'count': 61, 'image_count': 65, 'reply_count': 0}",4.9,61.0,65.0,0.0,37.4854459,126.9331032,서울특별시 관악구 신림로64길 59,서울,관악구,신림동
왓더버거-신림점,"{'lat': '37.4826729', 'lng': '126.92964711'}","['버거', '프랜차이즈', '포장', '신규맛집']","{'average_rating': 4.9, 'count': 40, 'image_count': 39, 'reply_count': 28}",4.9,40.0,39.0,28.0,37.4826729,126.92964711,서울특별시 관악구 신림로 317,서울,관악구,신림동
퍽퍽살이싫어내가만든치킨집-신림점,"{'lat': '37.4844866', 'lng': '126.93582351'}","['분식', '야식', '치킨', '포장', '프랜차이즈']","{'average_rating': 4.9, 'count': 346, 'image_count': 300, 'reply_count': 0}",4.9,346.0,300.0,0.0,37.4844866,126.93582351,서울특별시 관악구 남부순환로 1668,서울,관악구,신림동
유쾌한꼬막&한끼끝판왕-관악본점,"{'lat': '37.4853197', 'lng': '126.93787201'}","['찜/탕', '한식', '회/초밥', '포장', '프랜차이즈', '1인분주문']","{'average_rating': 5.0, 'count': 26, 'image_count': 25, 'reply_count': 0}",5.0,26.0,25.0,0.0,37.4853197,126.93787201,서울특별시 관악구 봉천로 335,서울,관악구,봉천동
봉구가래떡볶이-신림점,"{'lat': '37.4849153', 'lng': '126.92669157'}","['한식', '분식', '치킨', '포장', '프랜차이즈', '야식']","{'average_rating': 4.8, 'count': 167, 'image_count': 168, 'reply_count': 73}",4.8,167.0,168.0,73.0,37.4849153,126.92669157,서울특별시 관악구 신림동7길 48,서울,관악구,신림동
삿포로카레-관악점,"{'lat': '37.4857499', 'lng': '126.94071559'}","['일식/돈까스', '포장', '1인분주문', '피자/양식', '아시안', '야식', '프랜차이즈']","{'average_rating': 5.0, 'count': 118, 'image_count': 107, 'reply_count': 105}",5.0,118.0,107.0,105.0,37.4857499,126.94071559,서울특별시 관악구 봉천로27길 41,서울,관악구,봉천동
곰도리옛날카레-본점,"{'lat': '37.4847421', 'lng': '126.93998828'}","['분식', '고기/구이', '일식/돈까스', '포장', '야식', '신규맛집']","{'average_rating': 5.0, 'count': 2, 'image_count': 1, 'reply_count': 2}",5.0,2.0,1.0,2.0,37.4847421,126.93998828,서울특별시 관악구 봉천로29길 9,서울,관악구,봉천동
피자헛-신림점,"{'lat': '37.4716684', 'lng': '126.93465528'}","['피자/양식', '프랜차이즈']","{'average_rating': 4.9, 'count': 525, 'image_count': 454, 'reply_count': 524}",4.9,525.0,454.0,524.0,37.4716684,126.93465528,서울특별시 관악구 신림로 136,서울,관악구,신림동
꾸브라꼬숯불치킨-봉천점,"{'lat': '37.4827704', 'lng': '126.93884841'}","['프랜차이즈', '치킨', '포장', '신규맛집']","{'average_rating': 5.0, 'count': 11, 'image_count': 8, 'reply_count': 0}",5.0,11.0,8.0,0.0,37.4827704,126.93884841,서울특별시 관악구 장군봉2길 25,서울,관악구,봉천동
코뿔소곱창,"{'lat': '37.4813536', 'lng': '126.94589649'}","['한식', '고기/구이', '야식', '포장']","{'average_rating': 5.0, 'count': 678, 'image_count': 568, 'reply_count': 677}",5.0,678.0,568.0,677.0,37.4813536,126.94589649,서울특별시 관악구 청룡2길 6,서울,관악구,봉천동
인생닭볶음탕&찜닭,"{'lat': '37.4782091', 'lng': '126.90290674'}","['한식', '야식', '찜/탕']","{'average_rating': 4.9, 'count': 1873, 'image_count': 1566, 'reply_count': 1832}",4.9,1873.0,1566.0,1832.0,37.4782091,126.90290674,서울특별시 금천구 독산로107길 14,서울,금천구,독산동
디저트39-신림역점,"{'lat': '37.4824501', 'lng': '126.92940687'}","['카페/디저트', '포장', '야식', '프랜차이즈']","{'average_rating': 5.0, 'count': 20, 'image_count': 12, 'reply_count': 1}",5.0,20.0,12.0,1.0,37.4824501,126.92940687,서울특별시 관악구 신원로 39,서울,관악구,신림동
삼겹살은 원래 보약이다-관악직영점,"{'lat': '37.483194516786824', 'lng': '126.94515672134224'}","['한식', '고기/구이', '야식', '도시락/죽', '포장']","{'average_rating': 4.9, 'count': 113, 'image_count': 85, 'reply_count': 101}",4.9,113.0,85.0,101.0,37.48319451678682,126.94515672134224,서울특별시 관악구 봉천로 407,서울,관악구,봉천동
초밥만-신림점,"{'lat': '37.4766569789258', 'lng': '126.937583203244'}","['일식/돈까스', '회/초밥', '야식', '프랜차이즈', '포장']","{'average_rating': 4.9, 'count': 806, 'image_count': 679, 'reply_count': 740}",4.9,806.0,679.0,740.0,37.4766569789258,126.937583203244,서울특별시 관악구 신림로38길 1,서울,관악구,신림동
국보급냉면-신림직영점,"{'lat': '37.4902636', 'lng': '126.92915955'}","['아시안', '한식', '포장']","{'average_rating': 5.0, 'count': 200, 'image_count': 207, 'reply_count': 0}",5.0,200.0,207.0,0.0,37.4902636,126.92915955,서울특별시 관악구 당곡길 22,서울,관악구,봉천동
짬뽕 하나만 제대로 하는 집-신림점,"{'lat': '37.4844866', 'lng': '126.93582351'}","['중국집', '포장']","{'average_rating': 4.8, 'count': 163, 'image_count': 129, 'reply_count': 0}",4.8,163.0,129.0,0.0,37.4844866,126.93582351,서울특별시 관악구 남부순환로 1668,서울,관악구,신림동
닭다리순살하나만제대로하는집-신림점,"{'lat': '37.4844866', 'lng': '126.93582351'}","['분식', '야식', '치킨', '포장', '프랜차이즈']","{'average_rating': 5.0, 'count': 128, 'image_count': 108, 'reply_count': 0}",5.0,128.0,108.0,0.0,37.4844866,126.93582351,서울특별시 관악구 남부순환로 1668,서울,관악구,신림동
뽁냥덮냥볶음밥&덮밥-신림점,"{'lat': '37.484597', 'lng': '126.92759424'}","['야식', '포장', '고기/구이', '도시락/죽', '프랜차이즈', '1인분주문']","{'average_rating': 5.0, 'count': 143, 'image_count': 121, 'reply_count': 141}",5.0,143.0,121.0,141.0,37.484597,126.92759424,서울특별시 관악구 남부순환로 1597-11,서울,관악구,신림동
전통국밥-본점,"{'lat': '37.4859944', 'lng': '126.92117477'}","['찜/탕', '한식', '포장', '야식', '고기/구이']","{'average_rating': 4.8, 'count': 65, 'image_count': 56, 'reply_count': 58}",4.8,65.0,56.0,58.0,37.4859944,126.92117477,서울특별시 관악구 조원로 170,서울,관악구,신림동
빙수도사,"{'lat': '37.4864143', 'lng': '126.95055895'}","['카페/디저트', '야식', '피자/양식', '샐러드', '포장']","{'average_rating': 4.9, 'count': 956, 'image_count': 821, 'reply_count': 0}",4.9,956.0,821.0,0.0,37.4864143,126.95055895,서울특별시 관악구 은천로 138,서울,관악구,봉천동
피자는치즈빨-동작점,"{'lat': '37.4986215', 'lng': '126.93180543'}","['피자/양식', '치킨', '포장', '프랜차이즈']","{'average_rating': 5.0, 'count': 147, 'image_count': 140, 'reply_count': 147}",5.0,147.0,140.0,147.0,37.4986215,126.93180543,서울특별시 동작구 성대로6길 27-5,서울,동작구,상도동
두찜-관악신림역점,"{'lat': '37.4791565', 'lng': '126.92756133'}","['찜/탕', '한식', '프랜차이즈', '포장']","{'average_rating': 5.0, 'count': 269, 'image_count': 244, 'reply_count': 248}",5.0,269.0,244.0,248.0,37.4791565,126.92756133,서울특별시 관악구 문성로 214,서울,관악구,신림동
정량초과치킨-신림점,"{'lat': '37.4844866', 'lng': '126.93582351'}","['분식', '야식', '치킨', '포장', '프랜차이즈']","{'average_rating': 4.9, 'count': 191, 'image_count': 156, 'reply_count': 0}",4.9,191.0,156.0,0.0,37.4844866,126.93582351,서울특별시 관악구 남부순환로 1668,서울,관악구,신림동
찌개회관-신림점,"{'lat': '37.486915', 'lng': '126.92595687'}","['찜/탕', '한식', '프랜차이즈', '도시락/죽', '야식', '포장', '신규맛집']","{'average_rating': 5.0, 'count': 5, 'image_count': 1, 'reply_count': 1}",5.0,5.0,1.0,1.0,37.486915,126.92595687,서울특별시 관악구 신림동길 25,서울,관악구,신림동
배떡-신림점,"{'lat': '37.4686624', 'lng': '126.93886341'}","['분식', '프랜차이즈', '야식']","{'average_rating': 4.9, 'count': 126, 'image_count': 101, 'reply_count': 1}",4.9,126.0,101.0,1.0,37.4686624,126.93886341,서울특별시 관악구 신림로11길 41,서울,관악구,신림동
와이스테이크&와인,"{'lat': '37.4839342', 'lng': '126.93936786'}","['피자/양식', '분식', '고기/구이', '포장', '야식', '1인분주문', '신규맛집']","{'average_rating': 5.0, 'count': 4, 'image_count': 5, 'reply_count': 4}",5.0,4.0,5.0,4.0,37.4839342,126.93936786,서울특별시 관악구 봉천로 356,서울,관악구,봉천동
도깨비족발-신림점,"{'lat': '37.4816434', 'lng': '126.94488505'}","['족발/보쌈', '고기/구이', '한식', '야식', '포장', '프랜차이즈']","{'average_rating': 4.9, 'count': 469, 'image_count': 468, 'reply_count': 0}",4.9,469.0,468.0,0.0,37.4816434,126.94488505,서울특별시 관악구 남부순환로210길 5,서울,관악구,봉천동
포타임쌀국수-서울대입구역점,"{'lat': '37.4826851', 'lng': '126.95631086'}","['아시안', '한식', '분식', '야식', '포장']","{'average_rating': 4.9, 'count': 57, 'image_count': 48, 'reply_count': 41}",4.9,57.0,48.0,41.0,37.4826851,126.95631086,서울특별시 관악구 행운1길 94,서울,관악구,봉천동
밀크컨셉아이스크림-봉천점,"{'lat': '37.4908566', 'lng': '126.9277931'}","['샐러드', '카페/디저트', '야식', '프랜차이즈', '포장']","{'average_rating': 5.0, 'count': 232, 'image_count': 197, 'reply_count': 210}",5.0,232.0,197.0,210.0,37.4908566,126.9277931,서울특별시 관악구 보라매로 14-3,서울,관악구,봉천동
냉사부냉면전문점-신림점,"{'lat': '37.4811191', 'lng': '126.92752263'}","['한식', '분식', '포장', '야식']","{'average_rating': 4.7, 'count': 45, 'image_count': 34, 'reply_count': 29}",4.7,45.0,34.0,29.0,37.4811191,126.92752263,서울특별시 관악구 신원로3가길 9,서울,관악구,신림동
덕금도원바베큐치킨-서울본점,"{'lat': '37.4859112', 'lng': '126.93665272'}","['고기/구이', '치킨', '야식']","{'average_rating': 5.0, 'count': 208, 'image_count': 174, 'reply_count': 207}",5.0,208.0,174.0,207.0,37.4859112,126.93665272,서울특별시 관악구 봉천로 323,서울,관악구,봉천동
불맛나곱창막창,"{'lat': '37.4897297', 'lng': '126.92827779'}","['한식', '야식', '고기/구이', '포장']","{'average_rating': 4.9, 'count': 3733, 'image_count': 3551, 'reply_count': 1666}",4.9,3733.0,3551.0,1666.0,37.4897297,126.92827779,서울특별시 관악구 봉천로 237-6,서울,관악구,봉천동
해장왕짬뽕국물에인생거는집-신림점,"{'lat': '37.4844866', 'lng': '126.93582351'}","['중국집', '포장', '야식']","{'average_rating': 4.5, 'count': 80, 'image_count': 66, 'reply_count': 0}",4.5,80.0,66.0,0.0,37.4844866,126.93582351,서울특별시 관악구 남부순환로 1668,서울,관악구,신림동
명품임실치즈피자-구로본점,"{'lat': '37.480235810770786', 'lng': '126.89674830865826'}","['피자/양식', '야식', '치킨', '포장']","{'average_rating': 4.8, 'count': 6058, 'image_count': 4278, 'reply_count': 3073}",4.8,6058.0,4278.0,3073.0,37.48023581077079,126.89674830865826,서울특별시 구로구 디지털로32가길 82,서울,구로구,구로동
온육집-신림봉천점,"{'lat': '37.4863965', 'lng': '126.93919208'}","['한식', '고기/구이', '포장', '프랜차이즈', '도시락/죽']","{'average_rating': 5.0, 'count': 603, 'image_count': 593, 'reply_count': 462}",5.0,603.0,593.0,462.0,37.4863965,126.93919208,서울 관악구 봉천동 952-11,서울,관악구,봉천동
우수갈비찜-관악점,"{'lat': '37.4814092', 'lng': '126.94310598'}","['찜/탕', '한식', '고기/구이', '포장']","{'average_rating': 5.0, 'count': 7, 'image_count': 4, 'reply_count': 6}",5.0,7.0,4.0,6.0,37.4814092,126.94310598,서울특별시 관악구 장군봉1길 56,서울,관악구,봉천동
씽씽닭꼬치-신대방역점,"{'lat': '37.4850889', 'lng': '126.91486257'}","['아시안', '고기/구이', '일식/돈까스', '야식', '포장', '프랜차이즈']","{'average_rating': 4.8, 'count': 80, 'image_count': 63, 'reply_count': 27}",4.8,80.0,63.0,27.0,37.4850889,126.91486257,서울특별시 관악구 조원로 113,서울,관악구,신림동
유캔스시,"{'lat': '37.483488', 'lng': '126.94499525'}","['일식/돈까스', '회/초밥', '포장', '신규맛집']","{'average_rating': 5.0, 'count': 10, 'image_count': 7, 'reply_count': 10}",5.0,10.0,7.0,10.0,37.483488,126.94499525,서울특별시 관악구 봉천로35길 9,서울,관악구,봉천동
후라이드의신-본점,"{'lat': '37.4791757', 'lng': '126.92581883'}","['치킨', '포장', '야식', '신규맛집']","{'average_rating': 5.0, 'count': 30, 'image_count': 33, 'reply_count': 21}",5.0,30.0,33.0,21.0,37.4791757,126.92581883,서울특별시 관악구 문성로 199,서울,관악구,신림동
데일리프룻-상도점,"{'lat': '37.4975322', 'lng': '126.94187446'}","['샐러드', '카페/디저트', '도시락/죽', '포장', '프랜차이즈']","{'average_rating': 4.9, 'count': 90, 'image_count': 85, 'reply_count': 90}",4.9,90.0,85.0,90.0,37.4975322,126.94187446,서울특별시 동작구 양녕로25길 38,서울,동작구,상도동
히어로카츠&소바,"{'lat': '37.489193', 'lng': '126.93024395'}","['한식', '분식', '일식/돈까스', '포장']","{'average_rating': 4.7, 'count': 66, 'image_count': 63, 'reply_count': 19}",4.7,66.0,63.0,19.0,37.489193,126.93024395,서울특별시 관악구 봉천로13길 9,서울,관악구,봉천동
김치찜에진심,"{'lat': '37.486522', 'lng': '126.93512609'}","['찜/탕', '한식', '야식', '포장']","{'average_rating': 5.0, 'count': 3201, 'image_count': 2639, 'reply_count': 2699}",5.0,3201.0,2639.0,2699.0,37.486522,126.93512609,서울특별시 관악구 봉천로 309,서울,관악구,봉천동
리프버거서울1호-신림역점,"{'lat': '37.4869763', 'lng': '126.92933423'}","['샐러드', '버거', '치킨', '포장', '야식']","{'average_rating': 5.0, 'count': 14, 'image_count': 15, 'reply_count': 14}",5.0,14.0,15.0,14.0,37.4869763,126.92933423,서울특별시 관악구 신림로 366,서울,관악구,신림동
노랑통닭-신림점,"{'lat': '37.4791586', 'lng': '126.93263536'}","['프랜차이즈', '치킨', '포장']","{'average_rating': 4.8, 'count': 282, 'image_count': 233, 'reply_count': 34}",4.8,282.0,233.0,34.0,37.4791586,126.93263536,서울특별시 관악구 신림로48길 11,서울,관악구,신림동
강제로시작한떡볶이-신림점,"{'lat': '37.4856107', 'lng': '126.93201682'}","['분식', '프랜차이즈', '야식', '포장', '한식', '치킨']","{'average_rating': 4.9, 'count': 327, 'image_count': 291, 'reply_count': 289}",4.9,327.0,291.0,289.0,37.4856107,126.93201682,서울특별시 관악구 신림로66길 42,서울,관악구,신림동
컵밥왔숑-관악본점,"{'lat': '37.4862893', 'lng': '126.94041528'}","['한식', '고기/구이', '도시락/죽', '포장', '1인분주문']","{'average_rating': 4.7, 'count': 78, 'image_count': 70, 'reply_count': 40}",4.7,78.0,70.0,40.0,37.4862893,126.94041528,서울특별시 관악구 은천로 45-1,서울,관악구,봉천동
오늘은오므라이스-신림봉천점,"{'lat': '37.4864412', 'lng': '126.93635188'}","['한식', '분식', '도시락/죽', '포장', '야식', '프랜차이즈', '1인분주문']","{'average_rating': 4.9, 'count': 412, 'image_count': 304, 'reply_count': 282}",4.9,412.0,304.0,282.0,37.4864412,126.93635188,서울 관악구 봉천동 955-8,서울,관악구,봉천동
피나치공-관악구청점,"{'lat': '37.48314178157474', 'lng': '126.94785258631251'}","['피자/양식', '프랜차이즈', '치킨', '포장']","{'average_rating': 4.9, 'count': 2732, 'image_count': 2735, 'reply_count': 2724}",4.9,2732.0,2735.0,2724.0,37.48314178157474,126.94785258631252,서울특별시 관악구 봉천로41길 7,서울,관악구,봉천동
디저트39-보라매점,"{'lat': '37.491154455477', 'lng': '126.926025392351'}","['카페/디저트', '프랜차이즈', '포장']","{'average_rating': 5.0, 'count': 185, 'image_count': 150, 'reply_count': 179}",5.0,185.0,150.0,179.0,37.491154455477,126.926025392351,서울특별시 관악구 봉천로7길 41,서울,관악구,봉천동
상상오리&삼겹-봉천점,"{'lat': '37.4837229', 'lng': '126.9439876'}","['고기/구이', '족발/보쌈', '야식', '포장', '한식', '프랜차이즈']","{'average_rating': 5.0, 'count': 1212, 'image_count': 1002, 'reply_count': 274}",5.0,1212.0,1002.0,274.0,37.4837229,126.9439876,서울특별시 관악구 양녕로1길 46,서울,관악구,봉천동
배고픈덮밥이-본점,"{'lat': '37.4812235', 'lng': '126.92988087'}","['한식', '일식/돈까스', '도시락/죽', '포장', '야식', '프랜차이즈', '1인분주문']","{'average_rating': 5.0, 'count': 224, 'image_count': 168, 'reply_count': 0}",5.0,224.0,168.0,0.0,37.4812235,126.92988087,서울특별시 관악구 신림로 299,서울,관악구,신림동
유백천마라탕,"{'lat': '37.4817763', 'lng': '126.91093695'}","['중국집', '야식', '찜/탕', '아시안', '포장']","{'average_rating': 4.9, 'count': 1087, 'image_count': 986, 'reply_count': 910}",4.9,1087.0,986.0,910.0,37.4817763,126.91093695,서울특별시 관악구 남부순환로143길 10,서울,관악구,신림동
청년아구찜家-관악점,"{'lat': '37.4833306', 'lng': '126.94670085'}","['찜/탕', '한식', '프랜차이즈', '포장', '1인분주문']","{'average_rating': 5.0, 'count': 448, 'image_count': 438, 'reply_count': 28}",5.0,448.0,438.0,28.0,37.4833306,126.94670085,서울특별시 관악구 양녕로 16,서울,관악구,봉천동
온실족발,"{'lat': '37.4761501', 'lng': '126.90438404'}","['포장', '한식', '족발/보쌈', '고기/구이', '야식', '신규맛집']","{'average_rating': 4.9, 'count': 19, 'image_count': 18, 'reply_count': 19}",4.9,19.0,18.0,19.0,37.4761501,126.90438404,서울특별시 금천구 문성로 6,서울,금천구,독산동
호식이두마리치킨-신림점,"{'lat': '37.484654', 'lng': '126.91542767'}","['야식', '프랜차이즈', '치킨', '포장']","{'average_rating': 4.9, 'count': 1879, 'image_count': 1777, 'reply_count': 1876}",4.9,1879.0,1777.0,1876.0,37.484654,126.91542767,서울특별시 관악구 남부순환로153길 53,서울,관악구,신림동
김치찜에미치다-신림점,"{'lat': '37.48002187615634', 'lng': '126.9330862880287'}","['찜/탕', '한식', '고기/구이', '포장', '야식']","{'average_rating': 4.9, 'count': 49, 'image_count': 48, 'reply_count': 45}",4.9,49.0,48.0,45.0,37.48002187615634,126.9330862880287,서울특별시 관악구 신림로48길 17-20,서울,관악구,신림동
와플대학-신대방삼거리캠퍼스점,"{'lat': '37.4980011', 'lng': '126.92820391'}","['카페/디저트', '포장', '프랜차이즈']","{'average_rating': 4.6, 'count': 139, 'image_count': 105, 'reply_count': 0}",4.6,139.0,105.0,0.0,37.4980011,126.92820391,서울특별시 동작구 보라매로 98,서울,동작구,신대방동
식어도바삭한동서재닭강정-신림점,"{'lat': '37.4844866', 'lng': '126.93582351'}","['분식', '야식', '치킨', '포장', '프랜차이즈']","{'average_rating': 4.9, 'count': 470, 'image_count': 399, 'reply_count': 0}",4.9,470.0,399.0,0.0,37.4844866,126.93582351,서울특별시 관악구 남부순환로 1668,서울,관악구,신림동
피자와일드-관악점,"{'lat': '37.4789463', 'lng': '126.94764875'}","['피자/양식', '야식', '포장', '프랜차이즈']","{'average_rating': 5.0, 'count': 2464, 'image_count': 2364, 'reply_count': 2426}",5.0,2464.0,2364.0,2426.0,37.4789463,126.94764875,서울특별시 관악구 쑥고개로 100,서울,관악구,봉천동
영천얼큰돼지국밥-신대방직영점,"{'lat': '37.4862991', 'lng': '126.9052193'}","['찜/탕', '한식', '포장', '프랜차이즈', '고기/구이', '야식']","{'average_rating': 4.9, 'count': 599, 'image_count': 460, 'reply_count': 597}",4.9,599.0,460.0,597.0,37.4862991,126.9052193,서울특별시 동작구 시흥대로 606,서울,동작구,신대방동
스시화-관악점,"{'lat': '37.4881129', 'lng': '126.93170661'}","['일식/돈까스', '회/초밥', '도시락/죽', '포장', '프랜차이즈']","{'average_rating': 4.9, 'count': 32, 'image_count': 22, 'reply_count': 31}",4.9,32.0,22.0,31.0,37.4881129,126.93170661,서울특별시 관악구 봉천로 273,서울,관악구,봉천동
윤반장원조한우곱도리탕-봉천점,"{'lat': '37.484597', 'lng': '126.92759424'}","['찜/탕', '한식', '야식', '포장']","{'average_rating': 4.9, 'count': 443, 'image_count': 373, 'reply_count': 103}",4.9,443.0,373.0,103.0,37.484597,126.92759424,서울특별시 관악구 남부순환로 1597-11,서울,관악구,신림동
달떡볶이-대림점,"{'lat': '37.4937362', 'lng': '126.90109797'}","['한식', '분식', '야식', '포장', '프랜차이즈']","{'average_rating': 4.9, 'count': 2496, 'image_count': 2184, 'reply_count': 1836}",4.9,2496.0,2184.0,1836.0,37.4937362,126.90109797,서울특별시 영등포구 대림로 140,서울,영등포구,대림동
이찌방라멘&카츠카레-대방점,"{'lat': '37.4992347', 'lng': '126.9275198'}","['일식/돈까스', '아시안', '프랜차이즈', '1인분주문']","{'average_rating': 4.8, 'count': 668, 'image_count': 544, 'reply_count': 200}",4.8,668.0,544.0,200.0,37.4992347,126.9275198,서울특별시 동작구 여의대방로24길 133,서울,동작구,대방동
남자식당-본점,"{'lat': '37.478645', 'lng': '126.94737596'}","['한식', '고기/구이', '일식/돈까스', '포장', '야식']","{'average_rating': 4.8, 'count': 176, 'image_count': 133, 'reply_count': 176}",4.8,176.0,133.0,176.0,37.478645,126.94737596,서울특별시 관악구 청룡중앙길 11,서울,관악구,봉천동
컾-신림점,"{'lat': '37.4871432', 'lng': '126.93187548'}","['분식', '카페/디저트', '야식']","{'average_rating': 4.8, 'count': 15, 'image_count': 10, 'reply_count': 10}",4.8,15.0,10.0,10.0,37.4871432,126.93187548,서울특별시 관악구 봉천로18길 5,서울,관악구,신림동
을지로 닭강정-관악직영점,"{'lat': '37.483194516786824', 'lng': '126.94515672134224'}","['분식', '야식', '도시락/죽', '치킨', '포장']","{'average_rating': 4.9, 'count': 131, 'image_count': 114, 'reply_count': 103}",4.9,131.0,114.0,103.0,37.48319451678682,126.94515672134224,서울특별시 관악구 봉천로 407,서울,관악구,봉천동
정자삼겹-관악직영점,"{'lat': '37.4870703', 'lng': '126.93521776'}","['한식', '고기/구이', '도시락/죽', '포장', '야식', '1인분주문']","{'average_rating': 5.0, 'count': 7, 'image_count': 3, 'reply_count': 7}",5.0,7.0,3.0,7.0,37.4870703,126.93521776,서울특별시 관악구 봉천로23가길 1,서울,관악구,봉천동
불은면이 싫어 내가 만든 중국집-신림점,"{'lat': '37.4844866', 'lng': '126.93582351'}","['중국집', '포장', '야식']","{'average_rating': 4.6, 'count': 135, 'image_count': 130, 'reply_count': 0}",4.6,135.0,130.0,0.0,37.4844866,126.93582351,서울특별시 관악구 남부순환로 1668,서울,관악구,신림동
막걸리전당,"{'lat': '37.4825628180193', 'lng': '126.951378673722'}","['포장', '한식', '야식', '고기/구이', '찜/탕']","{'average_rating': 4.8, 'count': 855, 'image_count': 712, 'reply_count': 721}",4.8,855.0,712.0,721.0,37.4825628180193,126.951378673722,서울특별시 관악구 봉천로 461-1,서울,관악구,봉천동
나는카레&오믈렛매운숙성카레전문점-봉천점,"{'lat': '37.4857221', 'lng': '126.93696214'}","['분식', '카페/디저트', '일식/돈까스', '포장', '야식']","{'average_rating': 5.0, 'count': 36, 'image_count': 26, 'reply_count': 0}",5.0,36.0,26.0,0.0,37.4857221,126.93696214,서울특별시 관악구 봉천로 327,서울,관악구,봉천동
노모어피자-서울대입구점,"{'lat': '37.4808347', 'lng': '126.95459147'}","['피자/양식', '버거', '치킨', '포장', '프랜차이즈']","{'average_rating': 4.9, 'count': 389, 'image_count': 317, 'reply_count': 46}",4.9,389.0,317.0,46.0,37.4808347,126.95459147,서울특별시 관악구 남부순환로 1839,서울,관악구,봉천동
동근이숯불두마리치킨-신대방점,"{'lat': '37.4876101158019', 'lng': '126.908806904861'}","['야식', '치킨', '프랜차이즈', '포장']","{'average_rating': 4.9, 'count': 5968, 'image_count': 5321, 'reply_count': 3423}",4.9,5968.0,5321.0,3423.0,37.4876101158019,126.908806904861,서울특별시 동작구 대림로 42,서울,동작구,신대방동
이프유캔Coffee&Dessert-신림점,"{'lat': '37.4883011', 'lng': '126.92709586'}","['분식', '카페/디저트', '일식/돈까스', '야식', '포장']","{'average_rating': 5.0, 'count': 244, 'image_count': 189, 'reply_count': 0}",5.0,244.0,189.0,0.0,37.4883011,126.92709586,서울특별시 관악구 봉천로8길 25,서울,관악구,신림동
배달쭈꾸미매콤쭈선생-신림점,"{'lat': '37.4816434', 'lng': '126.94488505'}","['찜/탕', '한식', '고기/구이', '야식', '프랜차이즈', '포장']","{'average_rating': 5.0, 'count': 139, 'image_count': 122, 'reply_count': 0}",5.0,139.0,122.0,0.0,37.4816434,126.94488505,서울특별시 관악구 남부순환로210길 5,서울,관악구,봉천동
잇라이트포케&샐러드-봉천신림점,"{'lat': '37.4835884', 'lng': '126.92797932'}","['샐러드', '카페/디저트', '샌드위치', '포장', '야식', '1인분주문']","{'average_rating': 4.9, 'count': 75, 'image_count': 66, 'reply_count': 0}",4.9,75.0,66.0,0.0,37.4835884,126.92797932,서울특별시 관악구 남부순환로 1594-6,서울,관악구,신림동
장충동참왕족발보쌈-본점,"{'lat': '37.4816259900613', 'lng': '126.941924142104'}","['포장', '족발/보쌈', '야식']","{'average_rating': 4.8, 'count': 1501, 'image_count': 1180, 'reply_count': 1023}",4.8,1501.0,1180.0,1023.0,37.4816259900613,126.941924142104,서울특별시 관악구 장군봉1길 34,서울,관악구,봉천동
바다가내손아귀찜&해물찜,"{'lat': '37.4829258', 'lng': '126.9422617'}","['포장', '한식', '야식', '찜/탕']","{'average_rating': 4.9, 'count': 1579, 'image_count': 1397, 'reply_count': 1504}",4.9,1579.0,1397.0,1504.0,37.4829258,126.9422617,서울특별시 관악구 남부순환로 1727-10,서울,관악구,봉천동
1인피자+1인치킨피앤치-신림점,"{'lat': '37.4859247', 'lng': '126.93086761'}","['피자/양식', '치킨', '포장']","{'average_rating': 4.0, 'count': 2, 'image_count': 1, 'reply_count': 1}",4.0,2.0,1.0,1.0,37.4859247,126.93086761,서울특별시 관악구 남부순환로181길 30,서울,관악구,신림동
계란듬뿍덮밥-본점,"{'lat': '37.479664', 'lng': '126.94729518'}","['한식', '도시락/죽', '포장', '1인분주문']","{'average_rating': 4.8, 'count': 56, 'image_count': 40, 'reply_count': 48}",4.8,56.0,40.0,48.0,37.479664,126.94729518,서울특별시 관악구 남부순환로214길 46,서울,관악구,봉천동
맘스터치-구로IT점,"{'lat': '37.484876', 'lng': '126.89376715'}","['버거', '프랜차이즈', '치킨', '야식', '포장']","{'average_rating': 4.8, 'count': 1154, 'image_count': 1002, 'reply_count': 0}",4.8,1154.0,1002.0,0.0,37.484876,126.89376715,서울특별시 구로구 디지털로31길 19,서울,구로구,구로동
스타SGT커피-신림점,"{'lat': '37.4854538', 'lng': '126.92651876'}","['한식', '분식', '카페/디저트', '포장']","{'average_rating': 4.6, 'count': 28, 'image_count': 27, 'reply_count': 2}",4.6,28.0,27.0,2.0,37.4854538,126.92651876,서울특별시 관악구 신림동7길 36,서울,관악구,신림동
치떡순튀,"{'lat': '37.4794155', 'lng': '126.94194469'}","['분식', '치킨', '포장', '야식', '한식', '프랜차이즈']","{'average_rating': 4.9, 'count': 227, 'image_count': 216, 'reply_count': 104}",4.9,227.0,216.0,104.0,37.4794155,126.94194469,서울특별시 관악구 쑥고개로 48,서울,관악구,봉천동
Top1인안심찹쌀탕수육,"{'lat': '37.489171446961606', 'lng': '126.93022018090883'}","['중국집', '분식', '치킨', '포장']","{'average_rating': 4.8, 'count': 124, 'image_count': 108, 'reply_count': 107}",4.8,124.0,108.0,107.0,37.489171446961606,126.93022018090883,서울특별시 관악구 봉천로13길 9,서울,관악구,봉천동
비스트로오스틴,"{'lat': '37.4774365', 'lng': '126.96040218'}","['피자/양식', '버거', '포장', '카페/디저트']","{'average_rating': 4.9, 'count': 588, 'image_count': 552, 'reply_count': 45}",4.9,588.0,552.0,45.0,37.4774365,126.96040218,서울특별시 관악구 봉천로 566-1,서울,관악구,봉천동
곱도리탕전문점-신림본점,"{'lat': '37.4851007', 'lng': '126.93830627'}","['찜/탕', '한식', '고기/구이', '야식', '포장', '프랜차이즈', '1인분주문']","{'average_rating': 4.9, 'count': 325, 'image_count': 278, 'reply_count': 176}",4.9,325.0,278.0,176.0,37.4851007,126.93830627,서울특별시 관악구 봉천로 341,서울,관악구,봉천동
육식주의고깃집-신림점,"{'lat': '37.4847421', 'lng': '126.93998828'}","['한식', '분식', '고기/구이', '포장', '야식']","{'average_rating': 5.0, 'count': 4, 'image_count': 4, 'reply_count': 4}",5.0,4.0,4.0,4.0,37.4847421,126.93998828,서울특별시 관악구 봉천로29길 9,서울,관악구,봉천동
밥보이즈-신림점,"{'lat': '37.484597', 'lng': '126.92759424'}","['찜/탕', '한식', '야식', '도시락/죽', '포장', '1인분주문']","{'average_rating': 5.0, 'count': 20, 'image_count': 15, 'reply_count': 20}",5.0,20.0,15.0,20.0,37.484597,126.92759424,서울특별시 관악구 남부순환로 1597-11,서울,관악구,신림동
육연담다,"{'lat': '37.4866554', 'lng': '126.91316474'}","['한식', '야식', '일식/돈까스', '회/초밥', '포장']","{'average_rating': 4.9, 'count': 385, 'image_count': 353, 'reply_count': 379}",4.9,385.0,353.0,379.0,37.4866554,126.91316474,서울특별시 관악구 신사로 94,서울,관악구,신림동
스낵팩멜번-신림점,"{'lat': '37.484901', 'lng': '126.94007535'}","['한식', '고기/구이', '치킨', '포장', '야식']","{'average_rating': 4.9, 'count': 36, 'image_count': 32, 'reply_count': 10}",4.9,36.0,32.0,10.0,37.484901,126.94007535,서울특별시 관악구 은천로8길 28,서울,관악구,봉천동
폭식당-신림본점,"{'lat': '37.4792089', 'lng': '126.92799463'}","['한식', '포장', '야식']","{'average_rating': 5.0, 'count': 35, 'image_count': 52, 'reply_count': 35}",5.0,35.0,52.0,35.0,37.4792089,126.92799463,서울특별시 관악구 문성로 218,서울,관악구,신림동
제주도야지갈비찜,"{'lat': '37.4791602', 'lng': '126.92958616'}","['찜/탕', '한식', '고기/구이', '야식', '1인분주문']","{'average_rating': 4.8, 'count': 204, 'image_count': 154, 'reply_count': 180}",4.8,204.0,154.0,180.0,37.4791602,126.92958616,서울특별시 관악구 문성로 233,서울,관악구,신림동
과일청년-본점,"{'lat': '37.4866916792836', 'lng': '126.928169123727'}","['샐러드', '야식', '포장', '카페/디저트']","{'average_rating': 4.9, 'count': 838, 'image_count': 627, 'reply_count': 630}",4.9,838.0,627.0,630.0,37.4866916792836,126.928169123727,서울특별시 관악구 신림동1길 16,서울,관악구,신림동
화락바베큐치킨-신림스타점,"{'lat': '37.485897', 'lng': '126.93839049'}","['치킨', '포장', '고기/구이', '야식', '프랜차이즈']","{'average_rating': 5.0, 'count': 3, 'image_count': 2, 'reply_count': 0}",5.0,3.0,2.0,0.0,37.485897,126.93839049,서울특별시 관악구 은천로 28,서울,관악구,봉천동
밥시그널-신림점,"{'lat': '37.486915', 'lng': '126.92595687'}","['찜/탕', '한식', '프랜차이즈', '도시락/죽', '야식', '포장', '신규맛집']","{'average_rating': 5.0, 'count': 3, 'image_count': 2, 'reply_count': 1}",5.0,3.0,2.0,1.0,37.486915,126.92595687,서울특별시 관악구 신림동길 25,서울,관악구,신림동
도우라이크피자-신림봉천점,"{'lat': '37.478710661557386', 'lng': '126.94186041361303'}","['피자/양식', '야식', '프랜차이즈', '포장']","{'average_rating': 4.9, 'count': 8285, 'image_count': 7549, 'reply_count': 6918}",4.9,8285.0,7549.0,6918.0,37.478710661557386,126.94186041361304,서울특별시 관악구 참숯1길 19,서울,관악구,봉천동
육회2990-관악점,"{'lat': '37.4794481', 'lng': '126.94236749'}","['한식', '야식', '포장', '고기/구이', '회/초밥']","{'average_rating': 4.9, 'count': 242, 'image_count': 206, 'reply_count': 212}",4.9,242.0,206.0,212.0,37.4794481,126.94236749,서울특별시 관악구 쑥고개로 52,서울,관악구,봉천동
모두의죽-신림점,"{'lat': '37.4859944', 'lng': '126.92117477'}","['한식', '포장', '프랜차이즈']","{'average_rating': 4.9, 'count': 316, 'image_count': 271, 'reply_count': 315}",4.9,316.0,271.0,315.0,37.4859944,126.92117477,서울특별시 관악구 조원로 170,서울,관악구,신림동
튀김명인 최영일 닭강정&새우강정-관악직영점,"{'lat': '37.483194516786824', 'lng': '126.94515672134224'}","['분식', '야식', '도시락/죽', '치킨', '포장']","{'average_rating': 4.8, 'count': 208, 'image_count': 168, 'reply_count': 142}",4.8,208.0,168.0,142.0,37.48319451678682,126.94515672134224,서울특별시 관악구 봉천로 407,서울,관악구,봉천동
안심탕수육,"{'lat': '37.4686624', 'lng': '126.93886341'}","['중국집', '분식', '야식', '포장']","{'average_rating': 4.7, 'count': 2936, 'image_count': 1836, 'reply_count': 8}",4.7,2936.0,1836.0,8.0,37.4686624,126.93886341,서울특별시 관악구 신림로11길 41,서울,관악구,신림동
구슬구슬-신림점,"{'lat': '37.485065', 'lng': '126.92986437'}","['카페/디저트', '포장', '프랜차이즈']","{'average_rating': 4.3, 'count': 4, 'image_count': 6, 'reply_count': 0}",4.3,4.0,6.0,0.0,37.485065,126.92986437,서울특별시 관악구 신림로 344,서울,관악구,신림동
금동이네보쌈의명가,"{'lat': '37.4845236', 'lng': '126.91274575'}","['한식', '고기/구이', '족발/보쌈', '포장']","{'average_rating': 5.0, 'count': 520, 'image_count': 529, 'reply_count': 164}",5.0,520.0,529.0,164.0,37.4845236,126.91274575,서울특별시 관악구 조원로 94,서울,관악구,신림동
갱상도파절이대패삼겹-신림점,"{'lat': '37.4868663', 'lng': '126.93873133'}","['한식', '고기/구이', '도시락/죽', '포장', '야식', '프랜차이즈']","{'average_rating': 5.0, 'count': 473, 'image_count': 403, 'reply_count': 0}",5.0,473.0,403.0,0.0,37.4868663,126.93873133,서울 관악구 봉천동 953-10,서울,관악구,봉천동
정성카츠-신대방삼거리점,"{'lat': '37.4985598', 'lng': '126.92608257'}","['일식/돈까스', '프랜차이즈', '포장']","{'average_rating': 5.0, 'count': 68, 'image_count': 69, 'reply_count': 67}",5.0,68.0,69.0,67.0,37.4985598,126.92608257,서울특별시 동작구 여의대방로22길 121,서울,동작구,신대방동
순수타코야끼&닭강정-신림점,"{'lat': '37.4873878', 'lng': '126.92826255'}","['분식', '카페/디저트', '일식/돈까스', '야식', '포장', '프랜차이즈']","{'average_rating': 4.8, 'count': 130, 'image_count': 117, 'reply_count': 121}",4.8,130.0,117.0,121.0,37.4873878,126.92826255,서울특별시 관악구 신림동길 3-1,서울,관악구,신림동
임효성Top모밀&돈까스,"{'lat': '37.489193', 'lng': '126.93024395'}","['한식', '분식', '일식/돈까스', '포장', '1인분주문']","{'average_rating': 4.8, 'count': 250, 'image_count': 199, 'reply_count': 121}",4.8,250.0,199.0,121.0,37.489193,126.93024395,서울특별시 관악구 봉천로13길 9,서울,관악구,봉천동
인생아구찜-노량진점,"{'lat': '37.5130334', 'lng': '126.93023172'}","['찜/탕', '한식', '포장', '프랜차이즈']","{'average_rating': 5.0, 'count': 561, 'image_count': 433, 'reply_count': 149}",5.0,561.0,433.0,149.0,37.5130334,126.93023172,서울특별시 동작구 노량진로 40,서울,동작구,대방동
남촌김치찜&김치찌개,"{'lat': '37.4814757', 'lng': '126.90581434'}","['찜/탕', '한식', '포장']","{'average_rating': 4.9, 'count': 151, 'image_count': 119, 'reply_count': 132}",4.9,151.0,119.0,132.0,37.4814757,126.90581434,서울특별시 관악구 조원중앙로 22,서울,관악구,신림동
굽네치킨&피자-서림점,"{'lat': '37.4748324', 'lng': '126.93782432'}","['피자/양식', '프랜차이즈', '치킨', '포장', '야식']","{'average_rating': 4.7, 'count': 10773, 'image_count': 7345, 'reply_count': 5305}",4.7,10773.0,7345.0,5305.0,37.4748324,126.93782432,서울특별시 관악구 서림길 28,서울,관악구,신림동
맘스터치피자앤치킨-구로IT점,"{'lat': '37.484876', 'lng': '126.89376715'}","['피자/양식', '프랜차이즈', '야식', '포장']","{'average_rating': 4.8, 'count': 465, 'image_count': 419, 'reply_count': 0}",4.8,465.0,419.0,0.0,37.484876,126.89376715,서울특별시 구로구 디지털로31길 19,서울,구로구,구로동
육회랑연어랑-상도본점,"{'lat': '37.5001183704426', 'lng': '126.938075458064'}","['포장', '한식', '일식/돈까스', '야식', '회/초밥']","{'average_rating': 5.0, 'count': 18880, 'image_count': 17340, 'reply_count': 16566}",5.0,18880.0,17340.0,16566.0,37.5001183704426,126.938075458064,서울특별시 동작구 성대로29길 45,서울,동작구,상도동
엄마밥-신림점,"{'lat': '37.4823105', 'lng': '126.92042228'}","['한식', '포장', '야식', '신규맛집']","{'average_rating': 5.0, 'count': 4, 'image_count': 5, 'reply_count': 0}",5.0,4.0,5.0,0.0,37.4823105,126.92042228,서울특별시 관악구 남부순환로172길 98,서울,관악구,신림동
국민우유집&카페숍-신림직영점,"{'lat': '37.4838245', 'lng': '126.92805967'}","['카페/디저트', '야식', '포장']","{'average_rating': 4.9, 'count': 99, 'image_count': 71, 'reply_count': 0}",4.9,99.0,71.0,0.0,37.4838245,126.92805967,서울특별시 관악구 남부순환로 1596,서울,관악구,신림동
튀긴치킨싫어서구운치킨만파는집-신림스타점,"{'lat': '37.485897', 'lng': '126.93839049'}","['고기/구이', '치킨', '분식', '야식', '포장', '1인분주문']","{'average_rating': 4.4, 'count': 18, 'image_count': 13, 'reply_count': 1}",4.4,18.0,13.0,1.0,37.485897,126.93839049,서울특별시 관악구 은천로 28,서울,관악구,봉천동
감성낙곱새-관악신림점,"{'lat': '37.4871239', 'lng': '126.92836606'}","['한식', '포장', '프랜차이즈', '1인분주문', '신규맛집']","{'average_rating': 5.0, 'count': 4, 'image_count': 2, 'reply_count': 4}",5.0,4.0,2.0,4.0,37.4871239,126.92836606,서울특별시 관악구 신림동1길 7,서울,관악구,신림동
인도차이나밥상(ThailandFood)-구로점,"{'lat': '37.4943166', 'lng': '126.8879516'}","['아시안', '포장', '야식', '신규맛집']","{'average_rating': 1.0, 'count': 1, 'image_count': 0, 'reply_count': 0}",1.0,1.0,0.0,0.0,37.4943166,126.8879516,서울특별시 구로구 구로중앙로19길 22,서울,구로구,구로동
하이마라마라탕&마라샹궈-신림직영점,"{'lat': '37.4804059', 'lng': '126.91282657'}","['중국집', '야식', '찜/탕', '아시안', '포장']","{'average_rating': 4.8, 'count': 97, 'image_count': 90, 'reply_count': 79}",4.8,97.0,90.0,79.0,37.4804059,126.91282657,서울특별시 관악구 남부순환로144길 19,서울,관악구,신림동
진교동찜닭-관악점,"{'lat': '37.4865123', 'lng': '126.9416755'}","['찜/탕', '한식', '포장', '프랜차이즈']","{'average_rating': 4.9, 'count': 661, 'image_count': 583, 'reply_count': 642}",4.9,661.0,583.0,642.0,37.4865123,126.9416755,서울특별시 관악구 국회단지2길 40,서울,관악구,봉천동
샤르르우유빙수신림점,"{'lat': '37.4806601', 'lng': '126.94641253'}","['카페/디저트', '포장', '야식']","{'average_rating': 4.8, 'count': 60, 'image_count': 59, 'reply_count': 0}",4.8,60.0,59.0,0.0,37.4806601,126.94641253,서울특별시 관악구 청룡5길 3,서울,관악구,봉천동
김하돌 김치찜하는돌아이-관악본점,"{'lat': '37.489193', 'lng': '126.93024395'}","['찜/탕', '한식', '포장', '야식']","{'average_rating': 5.0, 'count': 367, 'image_count': 283, 'reply_count': 366}",5.0,367.0,283.0,366.0,37.489193,126.93024395,서울특별시 관악구 봉천로13길 9,서울,관악구,봉천동
곱창119-신림점,"{'lat': '37.4859563', 'lng': '126.92626755'}","['찜/탕', '한식', '고기/구이', '포장']","{'average_rating': 5.0, 'count': 21, 'image_count': 13, 'reply_count': 5}",5.0,21.0,13.0,5.0,37.4859563,126.92626755,서울특별시 관악구 신림동7길 24,서울,관악구,신림동
프랭크버거-서원역점,"{'lat': '37.4778349', 'lng': '126.93255474'}","['버거', '포장', '프랜차이즈']","{'average_rating': 4.2, 'count': 120, 'image_count': 94, 'reply_count': 5}",4.2,120.0,94.0,5.0,37.4778349,126.93255474,서울특별시 관악구 신림로 257,서울,관악구,신림동
찜고집파스타,"{'lat': '37.4683082', 'lng': '126.93206377'}","['피자/양식', '고기/구이', '야식', '포장', '1인분주문']","{'average_rating': 4.9, 'count': 2768, 'image_count': 2450, 'reply_count': 2761}",4.9,2768.0,2450.0,2761.0,37.4683082,126.93206377,서울특별시 관악구 호암로 567-1,서울,관악구,신림동
꾸이꾸이숯불두마리치킨,"{'lat': '37.4872083', 'lng': '126.94799688'}","['한식', '도시락/죽', '치킨', '포장', '야식']","{'average_rating': 5.0, 'count': 2716, 'image_count': 2307, 'reply_count': 2710}",5.0,2716.0,2307.0,2710.0,37.4872083,126.94799688,서울특별시 관악구 은천로23길 10,서울,관악구,봉천동
오사카타코야키&오코노미야끼-봉천본점,"{'lat': '37.485594', 'lng': '126.95558745'}","['분식', '치킨', '포장', '야식', '신규맛집']","{'average_rating': 5.0, 'count': 3, 'image_count': 6, 'reply_count': 3}",5.0,3.0,6.0,3.0,37.485594,126.95558745,서울특별시 관악구 은천로 184,서울,관악구,봉천동
이집닭강정잘하네-신림점,"{'lat': '37.4858919', 'lng': '126.92763607'}","['치킨', '포장', '1인분주문', '야식', '프랜차이즈']","{'average_rating': 5.0, 'count': 147, 'image_count': 106, 'reply_count': 6}",5.0,147.0,106.0,6.0,37.4858919,126.92763607,서울특별시 관악구 신림동5길 31,서울,관악구,신림동
짜글이용사성공담-관악점,"{'lat': '37.4881203', 'lng': '126.9255175'}","['찜/탕', '한식', '도시락/죽', '포장', '야식', '프랜차이즈']","{'average_rating': 4.9, 'count': 47, 'image_count': 31, 'reply_count': 47}",4.9,47.0,31.0,47.0,37.4881203,126.9255175,서울특별시 관악구 봉천로6길 36,서울,관악구,신림동
명인왕족발,"{'lat': '37.4782091', 'lng': '126.90290674'}","['족발/보쌈', '야식']","{'average_rating': 4.4, 'count': 2294, 'image_count': 1674, 'reply_count': 2269}",4.4,2294.0,1674.0,2269.0,37.4782091,126.90290674,서울특별시 금천구 독산로107길 14,서울,금천구,독산동
모쿠816cafe-신림점,"{'lat': '37.4806889474198', 'lng': '126.946451608055'}","['포장', '카페/디저트', '야식', '샌드위치', '프랜차이즈']","{'average_rating': 4.8, 'count': 218, 'image_count': 188, 'reply_count': 98}",4.8,218.0,188.0,98.0,37.4806889474198,126.946451608055,서울특별시 관악구 청룡5길 3,서울,관악구,봉천동
호식이두마리치킨-청룡점,"{'lat': '37.4800031', 'lng': '126.94590971'}","['프랜차이즈', '치킨', '포장', '야식']","{'average_rating': 4.9, 'count': 10993, 'image_count': 9725, 'reply_count': 10616}",4.9,10993.0,9725.0,10616.0,37.4800031,126.94590971,서울특별시 관악구 청룡길 40,서울,관악구,봉천동
양지순천집백순대&오볶,"{'lat': '37.4824902603777', 'lng': '126.926623273953'}","['한식', '야식', '고기/구이', '포장']","{'average_rating': 4.8, 'count': 2073, 'image_count': 1551, 'reply_count': 102}",4.8,2073.0,1551.0,102.0,37.4824902603777,126.926623273953,서울특별시 관악구 신원로3길 40,서울,관악구,신림동
불맛나는낙지세상,"{'lat': '37.4797711537112', 'lng': '126.911739259336'}","['한식', '야식', '고기/구이', '찜/탕']","{'average_rating': 4.7, 'count': 379, 'image_count': 343, 'reply_count': 143}",4.7,379.0,343.0,143.0,37.4797711537112,126.911739259336,서울특별시 관악구 남부순환로142길 31,서울,관악구,신림동
탐나종합어시장-난곡사거리점,"{'lat': '37.4822315318372', 'lng': '126.915112705623'}","['포장', '일식/돈까스', '회/초밥']","{'average_rating': 4.9, 'count': 2374, 'image_count': 2174, 'reply_count': 2232}",4.9,2374.0,2174.0,2232.0,37.4822315318372,126.915112705623,서울특별시 관악구 남부순환로 1481,서울,관악구,신림동
파스텔라-신림점,"{'lat': '37.4839342', 'lng': '126.93936786'}","['피자/양식', '분식', '고기/구이', '포장', '야식', '1인분주문', '신규맛집']","{'average_rating': 4.7, 'count': 15, 'image_count': 15, 'reply_count': 15}",4.7,15.0,15.0,15.0,37.4839342,126.93936786,서울특별시 관악구 봉천로 356,서울,관악구,봉천동
푸줏간 숙성돼지 김치찜-관악직영점,"{'lat': '37.483194516786824', 'lng': '126.94515672134224'}","['찜/탕', '한식', '야식', '포장']","{'average_rating': 4.9, 'count': 65, 'image_count': 46, 'reply_count': 56}",4.9,65.0,46.0,56.0,37.48319451678682,126.94515672134224,서울특별시 관악구 봉천로 407,서울,관악구,봉천동
마라영웅마라탕&마라샹궈-봉천점,"{'lat': '37.478144466165276', 'lng': '126.94139102703542'}","['중국집', '아시안', '찜/탕', '프랜차이즈', '포장']","{'average_rating': 4.9, 'count': 2941, 'image_count': 2594, 'reply_count': 1301}",4.9,2941.0,2594.0,1301.0,37.47814446616528,126.94139102703542,서울특별시 관악구 참숯1길 19,서울,관악구,봉천동
돈까스브로스-관악점,"{'lat': '37.4767357', 'lng': '126.95418767'}","['한식', '일식/돈까스', '야식', '포장', '프랜차이즈']","{'average_rating': 4.8, 'count': 584, 'image_count': 477, 'reply_count': 296}",4.8,584.0,477.0,296.0,37.4767357,126.95418767,서울특별시 관악구 남부순환로228길 69,서울,관악구,봉천동
교촌치킨-봉천4호점,"{'lat': '37.483313', 'lng': '126.9412329'}","['프랜차이즈', '치킨']","{'average_rating': 4.7, 'count': 3174, 'image_count': 2119, 'reply_count': 1942}",4.7,3174.0,2119.0,1942.0,37.483313,126.9412329,서울특별시 관악구 봉천로 374,서울,관악구,봉천동
캔플러스Coffee&Dessert-신림점,"{'lat': '37.4883011', 'lng': '126.92709586'}","['샐러드', '분식', '카페/디저트', '야식', '포장']","{'average_rating': 4.9, 'count': 151, 'image_count': 101, 'reply_count': 0}",4.9,151.0,101.0,0.0,37.4883011,126.92709586,서울특별시 관악구 봉천로8길 25,서울,관악구,신림동
감쪽같이-조원본점,"{'lat': '37.4827014445571', 'lng': '126.911379182179'}","['한식', '고기/구이', '찜/탕', '야식', '포장']","{'average_rating': 4.8, 'count': 1941, 'image_count': 1269, 'reply_count': 1672}",4.8,1941.0,1269.0,1672.0,37.4827014445571,126.911379182179,서울특별시 관악구 조원로16길 33,서울,관악구,신림동
대한냉면-관악점,"{'lat': '37.4798287', 'lng': '126.95756445'}","['한식', '분식', '일식/돈까스', '프랜차이즈', '포장']","{'average_rating': 4.9, 'count': 2887, 'image_count': 2509, 'reply_count': 1385}",4.9,2887.0,2509.0,1385.0,37.4798287,126.95756445,서울특별시 관악구 남부순환로 1869,서울,관악구,봉천동
동대문엽기떡볶이-신대방역점,"{'lat': '37.4859135', 'lng': '126.9134476'}","['분식', '프랜차이즈']","{'average_rating': 4.8, 'count': 583, 'image_count': 455, 'reply_count': 41}",4.8,583.0,455.0,41.0,37.4859135,126.9134476,서울특별시 관악구 난곡로 357,서울,관악구,신림동
호식이두마리치킨-보라매점,"{'lat': '37.4895595', 'lng': '126.92877103'}","['프랜차이즈', '치킨', '포장']","{'average_rating': 4.9, 'count': 245, 'image_count': 227, 'reply_count': 243}",4.9,245.0,227.0,243.0,37.4895595,126.92877103,서울특별시 관악구 당곡길 5,서울,관악구,봉천동
정성비빔밥-신림점,"{'lat': '37.486915', 'lng': '126.92595687'}","['찜/탕', '한식', '프랜차이즈', '도시락/죽', '야식', '포장', '신규맛집']","{'average_rating': 4.8, 'count': 6, 'image_count': 4, 'reply_count': 4}",4.8,6.0,4.0,4.0,37.486915,126.92595687,서울특별시 관악구 신림동길 25,서울,관악구,신림동
고깃집철판볶음밥-신림점,"{'lat': '37.4847421', 'lng': '126.93998828'}","['한식', '분식', '고기/구이', '포장', '야식']","{'average_rating': 5.0, 'count': 105, 'image_count': 74, 'reply_count': 105}",5.0,105.0,74.0,105.0,37.4847421,126.93998828,서울특별시 관악구 봉천로29길 9,서울,관악구,봉천동
이불속닭도리탕,"{'lat': '37.484597', 'lng': '126.92759424'}","['찜/탕', '한식', '치킨', '포장', '야식', '신규맛집']","{'average_rating': 5.0, 'count': 1, 'image_count': 1, 'reply_count': 0}",5.0,1.0,1.0,0.0,37.484597,126.92759424,서울특별시 관악구 남부순환로 1597-11,서울,관악구,신림동
삼과일-본점,"{'lat': '37.4854486', 'lng': '126.92872326'}","['카페/디저트', '포장', '샐러드', '야식', '샌드위치']","{'average_rating': 4.9, 'count': 19, 'image_count': 12, 'reply_count': 18}",4.9,19.0,12.0,18.0,37.4854486,126.92872326,서울특별시 관악구 신림로65길 10-9,서울,관악구,신림동
피자와썹-본점,"{'lat': '37.4884326', 'lng': '126.90787864'}","['피자/양식', '포장', '야식', '프랜차이즈']","{'average_rating': 5.0, 'count': 1050, 'image_count': 1028, 'reply_count': 597}",5.0,1050.0,1028.0,597.0,37.4884326,126.90787864,서울특별시 동작구 신대방3길 73,서울,동작구,신대방동
보드람치킨(1인)-신대방점,"{'lat': '37.4978928661329', 'lng': '126.928242238138'}","['야식', '치킨']","{'average_rating': 4.9, 'count': 648, 'image_count': 464, 'reply_count': 0}",4.9,648.0,464.0,0.0,37.4978928661329,126.928242238138,서울특별시 동작구 보라매로 96-1,서울,동작구,신대방동
고추장찌개자신있는집-신림점,"{'lat': '37.4851285', 'lng': '126.93824039'}","['찜/탕', '한식', '야식', '도시락/죽', '포장']","{'average_rating': 5.0, 'count': 1194, 'image_count': 837, 'reply_count': 454}",5.0,1194.0,837.0,454.0,37.4851285,126.93824039,서울특별시 관악구 봉천로 339,서울,관악구,봉천동
와떠마라탕-상도점,"{'lat': '37.5030099', 'lng': '126.93504583'}","['중국집', '찜/탕', '아시안', '야식', '포장']","{'average_rating': 5.0, 'count': 2162, 'image_count': 1925, 'reply_count': 38}",5.0,2162.0,1925.0,38.0,37.5030099,126.93504583,서울특별시 동작구 상도로19길 14,서울,동작구,상도동
삼합1인도시락,"{'lat': '37.4837611', 'lng': '126.95382872'}","['한식', '족발/보쌈', '도시락/죽', '포장']","{'average_rating': 4.9, 'count': 71, 'image_count': 57, 'reply_count': 71}",4.9,71.0,57.0,71.0,37.4837611,126.95382872,서울특별시 관악구 중앙길 7,서울,관악구,봉천동
오늘덮밥-신림점,"{'lat': '37.4874494', 'lng': '126.93312628'}","['샐러드', '한식', '야식', '도시락/죽']","{'average_rating': 5.0, 'count': 13, 'image_count': 11, 'reply_count': 13}",5.0,13.0,11.0,13.0,37.4874494,126.93312628,서울특별시 관악구 봉천로 287,서울,관악구,봉천동
옐로우캔-독산직영점,"{'lat': '37.4758977', 'lng': '126.90335159'}","['분식', '카페/디저트', '야식', '샌드위치', '포장']","{'average_rating': 4.9, 'count': 803, 'image_count': 651, 'reply_count': 266}",4.9,803.0,651.0,266.0,37.4758977,126.90335159,서울특별시 금천구 독산로 325,서울,금천구,독산동
BHC-신대방스타점,"{'lat': '37.4967546254854', 'lng': '126.928043500709'}","['프랜차이즈', '치킨', '포장']","{'average_rating': 4.8, 'count': 6532, 'image_count': 5136, 'reply_count': 1824}",4.8,6532.0,5136.0,1824.0,37.4967546254854,126.928043500709,서울특별시 동작구 보라매로 84,서울,동작구,신대방동
숙성고기육칠이-봉천점,"{'lat': '37.4866282781371', 'lng': '126.94448980015'}","['한식', '고기/구이', '포장', '야식', '프랜차이즈']","{'average_rating': 5.0, 'count': 205, 'image_count': 172, 'reply_count': 111}",5.0,205.0,172.0,111.0,37.4866282781371,126.94448980015,서울특별시 관악구 은천로 84,서울,관악구,봉천동
육회바른연어-봉천점,"{'lat': '37.4865536', 'lng': '126.94893011'}","['포장', '한식', '일식/돈까스', '야식', '회/초밥', '프랜차이즈']","{'average_rating': 4.9, 'count': 5549, 'image_count': 5135, 'reply_count': 177}",4.9,5549.0,5135.0,177.0,37.4865536,126.94893011,서울특별시 관악구 은천로 124,서울,관악구,봉천동
두찜-관악신림점,"{'lat': '37.4664244', 'lng': '126.93679148'}","['찜/탕', '한식', '프랜차이즈', '야식']","{'average_rating': 4.9, 'count': 523, 'image_count': 464, 'reply_count': 145}",4.9,523.0,464.0,145.0,37.4664244,126.93679148,서울특별시 관악구 대학14길 18,서울,관악구,신림동
피자보이시나-노량진점,"{'lat': '37.5118694', 'lng': '126.94539633'}","['피자/양식', '포장']","{'average_rating': 5.0, 'count': 9108, 'image_count': 8621, 'reply_count': 4081}",5.0,9108.0,8621.0,4081.0,37.5118694,126.94539633,서울특별시 동작구 만양로14길 21,서울,동작구,노량진동
전통숙성황실김치찜&찌개-봉천점,"{'lat': '37.4797687', 'lng': '126.95751774'}","['찜/탕', '한식', '고기/구이', '포장', '야식', '프랜차이즈', '신규맛집']","{'average_rating': 4.7, 'count': 11, 'image_count': 10, 'reply_count': 1}",4.7,11.0,10.0,1.0,37.4797687,126.95751774,서울특별시 관악구 남부순환로 1869,서울,관악구,봉천동
꽉찬소곱창-본점,"{'lat': '37.4805773', 'lng': '126.94742874'}","['포장', '한식', '야식', '고기/구이', '프랜차이즈']","{'average_rating': 4.9, 'count': 986, 'image_count': 985, 'reply_count': 33}",4.9,986.0,985.0,33.0,37.4805773,126.94742874,서울특별시 관악구 청룡3길 22,서울,관악구,봉천동
버거스올마이티-봉천점,"{'lat': '37.482488', 'lng': '126.94082365'}","['피자/양식', '버거', '포장', '프랜차이즈']","{'average_rating': 4.9, 'count': 154, 'image_count': 117, 'reply_count': 21}",4.9,154.0,117.0,21.0,37.482488,126.94082365,서울특별시 관악구 남부순환로 1718,서울,관악구,봉천동
동대문엽기떡볶이-신대방삼거리점,"{'lat': '37.500353090604', 'lng': '126.932216911228'}","['분식', '프랜차이즈', '포장']","{'average_rating': 4.8, 'count': 679, 'image_count': 507, 'reply_count': 0}",4.8,679.0,507.0,0.0,37.500353090604,126.932216911228,서울특별시 동작구 성대로 3,서울,동작구,상도동
김치찜참잘하는집-관악점,"{'lat': '37.4842091', 'lng': '126.94031621'}","['찜/탕', '한식', '고기/구이', '포장', '프랜차이즈', '1인분주문']","{'average_rating': 4.9, 'count': 714, 'image_count': 641, 'reply_count': 713}",4.9,714.0,641.0,713.0,37.4842091,126.94031621,서울특별시 관악구 봉천로 361,서울,관악구,봉천동
국제통닭-신림점,"{'lat': '37.4853218', 'lng': '126.93356031'}","['야식', '치킨', '포장', '1인분주문', '프랜차이즈']","{'average_rating': 4.5, 'count': 10, 'image_count': 8, 'reply_count': 0}",4.5,10.0,8.0,0.0,37.4853218,126.93356031,서울특별시 관악구 남부순환로187길 10,서울,관악구,신림동
뚜레쥬르-신대방역점,"{'lat': '37.4857411028096', 'lng': '126.913546177466'}","['카페/디저트', '프랜차이즈', '포장', '샌드위치']","{'average_rating': 4.8, 'count': 584, 'image_count': 518, 'reply_count': 0}",4.8,584.0,518.0,0.0,37.4857411028096,126.913546177466,서울특별시 관악구 난곡로 355-1,서울,관악구,신림동
88서울돼지불백-본점,"{'lat': '37.4872538', 'lng': '126.91014475'}","['한식', '고기/구이', '야식', '포장']","{'average_rating': 4.9, 'count': 458, 'image_count': 372, 'reply_count': 436}",4.9,458.0,372.0,436.0,37.4872538,126.91014475,서울특별시 동작구 대림로 28,서울,동작구,신대방동
난바우동-신림점,"{'lat': '37.4864785', 'lng': '126.92226258'}","['한식', '분식', '일식/돈까스', '야식', '프랜차이즈']","{'average_rating': 4.9, 'count': 19, 'image_count': 16, 'reply_count': 18}",4.9,19.0,16.0,18.0,37.4864785,126.92226258,서울특별시 관악구 조원로 181,서울,관악구,신림동
마라섬마라탕&딤섬-신림점,"{'lat': '37.4861106', 'lng': '126.92968339'}","['중국집', '아시안', '포장', '프랜차이즈', '신규맛집']","{'average_rating': 5.0, 'count': 12, 'image_count': 11, 'reply_count': 11}",5.0,12.0,11.0,11.0,37.4861106,126.92968339,서울특별시 관악구 신림로 356,서울,관악구,신림동
전주밥상한식전문점,"{'lat': '37.4811059', 'lng': '126.94706859'}","['한식', '고기/구이', '도시락/죽', '야식', '1인분주문', '포장']","{'average_rating': 5.0, 'count': 561, 'image_count': 459, 'reply_count': 341}",5.0,561.0,459.0,341.0,37.4811059,126.94706859,서울특별시 관악구 청룡1길 16,서울,관악구,봉천동
보드람치킨-난곡점,"{'lat': '37.483969', 'lng': '126.91396465'}","['분식', '치킨', '야식', '프랜차이즈']","{'average_rating': 4.8, 'count': 109, 'image_count': 87, 'reply_count': 0}",4.8,109.0,87.0,0.0,37.483969,126.91396465,서울특별시 관악구 난곡로 335,서울,관악구,신림동
원데이피자,"{'lat': '37.4841496', 'lng': '126.94135821'}","['피자/양식', '포장', '야식']","{'average_rating': 5.0, 'count': 24, 'image_count': 27, 'reply_count': 24}",5.0,24.0,27.0,24.0,37.4841496,126.94135821,서울특별시 관악구 봉천로31길 9,서울,관악구,봉천동
양평해장국&왕뼈감자탕,"{'lat': '37.4835471', 'lng': '126.94638764'}","['찜/탕', '한식', '고기/구이', '포장']","{'average_rating': 4.9, 'count': 301, 'image_count': 224, 'reply_count': 299}",4.9,301.0,224.0,299.0,37.4835471,126.94638764,서울특별시 관악구 양녕로 15,서울,관악구,봉천동
디저트프룻,"{'lat': '37.4857542', 'lng': '126.9274897'}","['카페/디저트', '야식', '샌드위치', '포장']","{'average_rating': 4.9, 'count': 132, 'image_count': 86, 'reply_count': 67}",4.9,132.0,86.0,67.0,37.4857542,126.9274897,서울특별시 관악구 신림동5길 34,서울,관악구,신림동
오리에올인-본점,"{'lat': '37.484532', 'lng': '126.93968267'}","['찜/탕', '고기/구이', '족발/보쌈', '야식', '포장']","{'average_rating': 4.9, 'count': 71, 'image_count': 61, 'reply_count': 57}",4.9,71.0,61.0,57.0,37.484532,126.93968267,서울특별시 관악구 봉천로 353-1,서울,관악구,봉천동
원조고기무침집-본점,"{'lat': '37.484532', 'lng': '126.93968267'}","['족발/보쌈', '고기/구이', '한식', '야식', '포장']","{'average_rating': 4.8, 'count': 167, 'image_count': 171, 'reply_count': 107}",4.8,167.0,171.0,107.0,37.484532,126.93968267,서울특별시 관악구 봉천로 353-1,서울,관악구,봉천동
피나치공뿌리공스-신림점,"{'lat': '37.4840884', 'lng': '126.92157603'}","['피자/양식', '치킨', '포장', '야식', '프랜차이즈', '신규맛집']","{'average_rating': 5.0, 'count': 1, 'image_count': 1, 'reply_count': 0}",5.0,1.0,1.0,0.0,37.4840884,126.92157603,서울특별시 관악구 남부순환로163길 6,서울,관악구,신림동
족발김사부,"{'lat': '37.4829284', 'lng': '126.91416895'}","['족발/보쌈', '야식', '포장']","{'average_rating': 5.0, 'count': 765, 'image_count': 834, 'reply_count': 727}",5.0,765.0,834.0,727.0,37.4829284,126.91416895,서울특별시 관악구 난곡로 323,서울,관악구,신림동
전설낙곱새-관악점,"{'lat': '37.4881054', 'lng': '126.95980073'}","['찜/탕', '한식', '분식', '야식', '프랜차이즈', '포장']","{'average_rating': 5.0, 'count': 1539, 'image_count': 1374, 'reply_count': 1087}",5.0,1539.0,1374.0,1087.0,37.4881054,126.95980073,서울특별시 관악구 청림길 16-3,서울,관악구,봉천동
죠스떡볶이-신대방역점,"{'lat': '37.4869569', 'lng': '126.9137097'}","['분식', '프랜차이즈']","{'average_rating': 4.8, 'count': 2039, 'image_count': 1101, 'reply_count': 50}",4.8,2039.0,1101.0,50.0,37.4869569,126.9137097,서울특별시 관악구 난곡로 370,서울,관악구,신림동
육연家-신림점,"{'lat': '37.48203242479008', 'lng': '126.92966049495293'}","['야식', '일식/돈까스', '회/초밥', '포장', '도시락/죽']","{'average_rating': 5.0, 'count': 380, 'image_count': 375, 'reply_count': 380}",5.0,380.0,375.0,380.0,37.48203242479008,126.92966049495293,서울특별시 관악구 신림로 309,서울,관악구,신림동
순수덮밥-신림점,"{'lat': '37.4873878', 'lng': '126.92826255'}","['한식', '프랜차이즈', '도시락/죽', '포장', '1인분주문']","{'average_rating': 4.9, 'count': 222, 'image_count': 171, 'reply_count': 219}",4.9,222.0,171.0,219.0,37.4873878,126.92826255,서울특별시 관악구 신림동길 3-1,서울,관악구,신림동
배스킨라빈스-신림역사거리점,"{'lat': '37.4843023', 'lng': '126.92844247'}","['카페/디저트', '프랜차이즈', '포장']","{'average_rating': 4.7, 'count': 22, 'image_count': 19, 'reply_count': 0}",4.7,22.0,19.0,0.0,37.4843023,126.92844247,서울특별시 관악구 남부순환로 1601,서울,관악구,신림동
피제이피자-관악점,"{'lat': '37.4803932878002', 'lng': '126.933137251878'}","['피자/양식', '프랜차이즈', '야식', '포장']","{'average_rating': 5.0, 'count': 1890, 'image_count': 1701, 'reply_count': 1889}",5.0,1890.0,1701.0,1889.0,37.4803932878002,126.933137251878,서울특별시 관악구 신림로48길 17-20,서울,관악구,신림동
삼봉통닭-봉천점,"{'lat': '37.4816911', 'lng': '126.941801'}","['고기/구이', '치킨', '포장', '야식']","{'average_rating': 4.9, 'count': 252, 'image_count': 208, 'reply_count': 0}",4.9,252.0,208.0,0.0,37.4816911,126.941801,서울특별시 관악구 장군봉1길 32,서울,관악구,봉천동
을지김치찜-신림점,"{'lat': '37.4847415', 'lng': '126.93712327'}","['찜/탕', '한식', '포장', '1인분주문', '신규맛집']","{'average_rating': 5.0, 'count': 2, 'image_count': 2, 'reply_count': 0}",5.0,2.0,2.0,0.0,37.4847415,126.93712327,서울특별시 관악구 남부순환로 1677,서울,관악구,봉천동
초신당한우곱도리탕-신림점,"{'lat': '37.477889', 'lng': '126.94185505'}","['찜/탕', '한식', '야식', '포장', '프랜차이즈', '1인분주문', '고기/구이']","{'average_rating': 5.0, 'count': 129, 'image_count': 104, 'reply_count': 127}",5.0,129.0,104.0,127.0,37.477889,126.94185505,서울특별시 관악구 참숯1길 19,서울,관악구,봉천동
압도반점-관악점,"{'lat': '37.4867629', 'lng': '126.94082561'}","['중국집', '야식', '포장', '1인분주문', '신규맛집']","{'average_rating': 4.8, 'count': 4, 'image_count': 3, 'reply_count': 3}",4.8,4.0,3.0,3.0,37.4867629,126.94082561,서울특별시 관악구 은천로9길 14,서울,관악구,봉천동
찹찹프레쉬,"{'lat': '37.4859617', 'lng': '126.93119511'}","['카페/디저트', '샌드위치', '샐러드', '포장']","{'average_rating': 4.9, 'count': 979, 'image_count': 859, 'reply_count': 956}",4.9,979.0,859.0,956.0,37.4859617,126.93119511,서울특별시 관악구 봉천로20길 47,서울,관악구,신림동
열무가득정성냉면,"{'lat': '37.4857499', 'lng': '126.94071559'}","['분식', '고기/구이', '한식', '야식', '포장', '신규맛집']","{'average_rating': 5.0, 'count': 1, 'image_count': 1, 'reply_count': 1}",5.0,1.0,1.0,1.0,37.4857499,126.94071559,서울특별시 관악구 봉천로27길 41,서울,관악구,봉천동
갈팡즙팡과일디저트카페-신림점,"{'lat': '37.4859539484452', 'lng': '126.915221000282'}","['카페/디저트', '포장', '야식', '도시락/죽', '샐러드']","{'average_rating': 4.9, 'count': 1466, 'image_count': 1300, 'reply_count': 21}",4.9,1466.0,1300.0,21.0,37.4859539484452,126.915221000282,서울특별시 관악구 난곡로74길 26,서울,관악구,신림동
지코바치킨-봉천역점,"{'lat': '37.4831415', 'lng': '126.94561119'}","['야식', '프랜차이즈', '치킨', '포장']","{'average_rating': 4.9, 'count': 31, 'image_count': 28, 'reply_count': 0}",4.9,31.0,28.0,0.0,37.4831415,126.94561119,서울특별시 관악구 봉천로 411,서울,관악구,봉천동
통큰고기집&냉면,"{'lat': '37.4792756', 'lng': '126.95081181'}","['한식', '분식', '고기/구이', '포장', '다회용기']","{'average_rating': 4.9, 'count': 1446, 'image_count': 1132, 'reply_count': 1244}",4.9,1446.0,1132.0,1244.0,37.4792756,126.95081181,서울특별시 관악구 관악로13길 25,서울,관악구,봉천동
비빔밥브라더-신림직영점,"{'lat': '37.4902636', 'lng': '126.92915955'}","['아시안', '한식', '포장']","{'average_rating': 5.0, 'count': 108, 'image_count': 76, 'reply_count': 0}",5.0,108.0,76.0,0.0,37.4902636,126.92915955,서울특별시 관악구 당곡길 22,서울,관악구,봉천동
국민핵교옛날도시락-봉천점,"{'lat': '37.4839059', 'lng': '126.9399404'}","['한식', '도시락/죽', '1인분주문']","{'average_rating': 4.8, 'count': 104, 'image_count': 66, 'reply_count': 0}",4.8,104.0,66.0,0.0,37.4839059,126.9399404,서울특별시 관악구 봉천로 360-1,서울,관악구,봉천동
갱스터피자-신림점,"{'lat': '37.4775796', 'lng': '126.93656687'}","['피자/양식', '야식', '포장', '프랜차이즈']","{'average_rating': 4.9, 'count': 176, 'image_count': 169, 'reply_count': 156}",4.9,176.0,169.0,156.0,37.4775796,126.93656687,서울특별시 관악구 신림로 224-1,서울,관악구,신림동
푸라닭-서림점,"{'lat': '37.4709053', 'lng': '126.93992087'}","['프랜차이즈', '치킨', '포장']","{'average_rating': 5.0, 'count': 4281, 'image_count': 4075, 'reply_count': 4089}",5.0,4281.0,4075.0,4089.0,37.4709053,126.93992087,서울특별시 관악구 신림로 86,서울,관악구,신림동
한끼든든수제돈까스&소바,"{'lat': '37.489193', 'lng': '126.93024395'}","['아시안', '분식', '일식/돈까스', '포장']","{'average_rating': 4.8, 'count': 82, 'image_count': 77, 'reply_count': 4}",4.8,82.0,77.0,4.0,37.489193,126.93024395,서울특별시 관악구 봉천로13길 9,서울,관악구,봉천동
찜맛탱김치찜전문-신림점,"{'lat': '37.4811191', 'lng': '126.92752263'}","['찜/탕', '한식', '포장', '야식']","{'average_rating': 4.7, 'count': 39, 'image_count': 28, 'reply_count': 13}",4.7,39.0,28.0,13.0,37.4811191,126.92752263,서울특별시 관악구 신원로3가길 9,서울,관악구,신림동
버거킹-신림역점,"{'lat': '37.4825754463389', 'lng': '126.930252882828'}","['버거', '프랜차이즈']","{'average_rating': 4.6, 'count': 14021, 'image_count': 7688, 'reply_count': 2124}",4.6,14021.0,7688.0,2124.0,37.4825754463389,126.930252882828,서울특별시 관악구 신림로 318,서울,관악구,신림동
맛집청송,"{'lat': '37.4834765', 'lng': '126.90762105'}","['한식', '야식', '포장']","{'average_rating': 4.8, 'count': 639, 'image_count': 545, 'reply_count': 555}",4.8,639.0,545.0,555.0,37.4834765,126.90762105,서울특별시 관악구 조원중앙로 50,서울,관악구,신림동
파리바게뜨-신림양지점,"{'lat': '37.4842974', 'lng': '126.93172805'}","['카페/디저트', '프랜차이즈', '샌드위치']","{'average_rating': 4.9, 'count': 2012, 'image_count': 1635, 'reply_count': 995}",4.9,2012.0,1635.0,995.0,37.4842974,126.93172805,서울특별시 관악구 남부순환로 1630,서울,관악구,신림동
분식을품다-구로디지털단지점,"{'lat': '37.4862991', 'lng': '126.9052193'}","['분식', '야식', '포장', '프랜차이즈']","{'average_rating': 4.9, 'count': 300, 'image_count': 298, 'reply_count': 142}",4.9,300.0,298.0,142.0,37.4862991,126.9052193,서울특별시 동작구 시흥대로 606,서울,동작구,신대방동
곱창의전설-신림점,"{'lat': '37.4693353', 'lng': '126.93633444'}","['한식', '고기/구이', '야식', '포장', '프랜차이즈', '1인분주문']","{'average_rating': 4.8, 'count': 123, 'image_count': 118, 'reply_count': 0}",4.8,123.0,118.0,0.0,37.4693353,126.93633444,서울특별시 관악구 신림로17길 32,서울,관악구,신림동
배터지는1인찹쌀탕수육,"{'lat': '37.489193', 'lng': '126.93024395'}","['중국집', '고기/구이', '아시안', '포장']","{'average_rating': 4.9, 'count': 47, 'image_count': 44, 'reply_count': 8}",4.9,47.0,44.0,8.0,37.489193,126.93024395,서울특별시 관악구 봉천로13길 9,서울,관악구,봉천동
강남쌀국수-신대방점,"{'lat': '37.4987653', 'lng': '126.9288979'}","['아시안', '한식', '분식', '포장', '야식', '프랜차이즈']","{'average_rating': 4.8, 'count': 22, 'image_count': 17, 'reply_count': 13}",4.8,22.0,17.0,13.0,37.4987653,126.9288979,서울특별시 동작구 국사봉1길 4,서울,동작구,상도동
나래족발,"{'lat': '37.4824957', 'lng': '126.95156076'}","['한식', '고기/구이', '족발/보쌈', '포장', '야식']","{'average_rating': 4.9, 'count': 163, 'image_count': 152, 'reply_count': 96}",4.9,163.0,152.0,96.0,37.4824957,126.95156076,서울특별시 관악구 봉천로 465,서울,관악구,봉천동
THE더가득담은김치찜-관악점,"{'lat': '37.4881203', 'lng': '126.9255175'}","['찜/탕', '한식', '야식', '도시락/죽', '프랜차이즈']","{'average_rating': 4.9, 'count': 4088, 'image_count': 3615, 'reply_count': 3450}",4.9,4088.0,3615.0,3450.0,37.4881203,126.9255175,서울특별시 관악구 봉천로6길 36,서울,관악구,신림동
심초밥,"{'lat': '37.4806350361901', 'lng': '126.903958011865'}","['일식/돈까스', '회/초밥', '야식']","{'average_rating': 4.9, 'count': 1184, 'image_count': 1031, 'reply_count': 431}",4.9,1184.0,1031.0,431.0,37.4806350361901,126.903958011865,서울특별시 관악구 조원중앙로1길 10,서울,관악구,신림동
미쳐버린파닭-서울대1호점,"{'lat': '37.4687232655933', 'lng': '126.9406655012'}",['치킨'],"{'average_rating': 4.8, 'count': 8220, 'image_count': 5634, 'reply_count': 2663}",4.8,8220.0,5634.0,2663.0,37.4687232655933,126.9406655012,서울특별시 관악구 대학7길 53,서울,관악구,신림동
토핑몬스터피자TMPPIZZA-관악점,"{'lat': '37.4835787', 'lng': '126.94354311'}","['피자/양식', '치킨', '포장', '프랜차이즈', '신규맛집']","{'average_rating': 4.9, 'count': 139, 'image_count': 146, 'reply_count': 136}",4.9,139.0,146.0,136.0,37.4835787,126.94354311,서울특별시 관악구 봉천로33길 7,서울,관악구,봉천동
세모디 세상의모든디저트 본점,"{'lat': '37.4821621', 'lng': '126.90504424'}","['분식', '카페/디저트', '포장', '한식', '야식']","{'average_rating': 4.9, 'count': 407, 'image_count': 353, 'reply_count': 112}",4.9,407.0,353.0,112.0,37.4821621,126.90504424,서울특별시 관악구 조원로4길 30,서울,관악구,신림동
한양냉면-동작점,"{'lat': '37.4965982', 'lng': '126.9306219'}","['한식', '분식', '일식/돈까스', '포장', '1인분주문']","{'average_rating': 5.0, 'count': 43, 'image_count': 35, 'reply_count': 5}",5.0,43.0,35.0,5.0,37.4965982,126.9306219,서울특별시 동작구 국사봉길 74,서울,동작구,상도동
숯고기-본점,"{'lat': '37.4795928', 'lng': '126.92964988'}","['찜/탕', '한식', '고기/구이', '포장']","{'average_rating': 4.9, 'count': 42, 'image_count': 44, 'reply_count': 42}",4.9,42.0,44.0,42.0,37.4795928,126.92964988,서울특별시 관악구 신원로4길 46,서울,관악구,신림동
두찜-관악보라매점,"{'lat': '37.4915305311542', 'lng': '126.927903109456'}","['찜/탕', '한식', '프랜차이즈', '포장']","{'average_rating': 4.8, 'count': 560, 'image_count': 476, 'reply_count': 228}",4.8,560.0,476.0,228.0,37.4915305311542,126.927903109456,서울특별시 관악구 당곡길 60,서울,관악구,봉천동
발칙한언니의순살치킨-본점,"{'lat': '37.4791757', 'lng': '126.92581883'}","['치킨', '포장', '야식', '신규맛집']","{'average_rating': 5.0, 'count': 1, 'image_count': 1, 'reply_count': 1}",5.0,1.0,1.0,1.0,37.4791757,126.92581883,서울특별시 관악구 문성로 199,서울,관악구,신림동
볶음밥도사-구로금천점,"{'lat': '37.4811265', 'lng': '126.91421284'}","['한식', '도시락/죽', '야식', '프랜차이즈']","{'average_rating': 4.9, 'count': 243, 'image_count': 186, 'reply_count': 0}",4.9,243.0,186.0,0.0,37.4811265,126.91421284,서울특별시 관악구 난곡로63길 6,서울,관악구,신림동
이디야커피-신림패션문화점,"{'lat': '37.4886542', 'lng': '126.92544396'}","['카페/디저트', '프랜차이즈', '포장']","{'average_rating': 4.9, 'count': 133, 'image_count': 104, 'reply_count': 37}",4.9,133.0,104.0,37.0,37.4886542,126.92544396,서울특별시 관악구 봉천로6길 24,서울,관악구,신림동
노랑통닭-신대방삼거리점,"{'lat': '37.4977846', 'lng': '126.92822367'}","['포장', '야식', '프랜차이즈', '치킨']","{'average_rating': 4.9, 'count': 1211, 'image_count': 989, 'reply_count': 352}",4.9,1211.0,989.0,352.0,37.4977846,126.92822367,서울특별시 동작구 보라매로 96,서울,동작구,신대방동
육개장명인육선생-신대방점,"{'lat': '37.4862991', 'lng': '126.9052193'}","['찜/탕', '한식', '포장', '프랜차이즈', '고기/구이', '야식']","{'average_rating': 4.9, 'count': 210, 'image_count': 171, 'reply_count': 209}",4.9,210.0,171.0,209.0,37.4862991,126.9052193,서울특별시 동작구 시흥대로 606,서울,동작구,신대방동
가화양꼬치&마라샹궈-신림점,"{'lat': '37.481681', 'lng': '126.92961063'}","['포장', '중국집', '야식', '아시안']","{'average_rating': 4.8, 'count': 239, 'image_count': 239, 'reply_count': 32}",4.8,239.0,239.0,32.0,37.481681,126.92961063,서울특별시 관악구 신원로 40-11,서울,관악구,신림동
오늘부터우리는떡볶이토핑에집중한다-관악점,"{'lat': '37.4794155', 'lng': '126.94194469'}","['분식', '야식', '포장', '치킨', '프랜차이즈']","{'average_rating': 4.9, 'count': 338, 'image_count': 334, 'reply_count': 309}",4.9,338.0,334.0,309.0,37.4794155,126.94194469,서울특별시 관악구 쑥고개로 48,서울,관악구,봉천동
극락갈비찜-관악점,"{'lat': '37.4843452', 'lng': '126.94929645'}","['찜/탕', '한식', '고기/구이', '포장', '1인분주문']","{'average_rating': 4.9, 'count': 420, 'image_count': 379, 'reply_count': 0}",4.9,420.0,379.0,0.0,37.4843452,126.94929645,서울특별시 관악구 양녕로6길 43,서울,관악구,봉천동
피자선생-봉천점,"{'lat': '37.4889643', 'lng': '126.93007852'}","['피자/양식', '포장', '야식', '프랜차이즈']","{'average_rating': 5.0, 'count': 914, 'image_count': 846, 'reply_count': 100}",5.0,914.0,846.0,100.0,37.4889643,126.93007852,서울특별시 관악구 봉천로13길 5,서울,관악구,봉천동
우곳간 뭉티기&육회,"{'lat': '37.498571', 'lng': '126.92416568'}","['한식', '고기/구이', '야식', '포장', '회/초밥']","{'average_rating': 4.9, 'count': 281, 'image_count': 251, 'reply_count': 270}",4.9,281.0,251.0,270.0,37.498571,126.92416568,서울특별시 동작구 여의대방로24길 73,서울,동작구,대방동
밥부르기니-관악신림점,"{'lat': '37.4871239', 'lng': '126.92836606'}","['한식', '포장', '야식', '프랜차이즈', '1인분주문', '신규맛집']","{'average_rating': 0.0, 'count': 0, 'image_count': 0, 'reply_count': 0}",0.0,0.0,0.0,0.0,37.4871239,126.92836606,서울특별시 관악구 신림동1길 7,서울,관악구,신림동
곱창듬뿍국물곱도리탕-신림점,"{'lat': '37.4841958', 'lng': '126.92511351'}","['찜/탕', '한식', '고기/구이', '포장', '야식', '프랜차이즈']","{'average_rating': 5.0, 'count': 2, 'image_count': 2, 'reply_count': 0}",5.0,2.0,2.0,0.0,37.4841958,126.92511351,서울특별시 관악구 관천로 59,서울,관악구,신림동
일인반닭,"{'lat': '37.48203242479008', 'lng': '126.92966049495293'}","['포장', '야식', '치킨']","{'average_rating': 4.9, 'count': 278, 'image_count': 195, 'reply_count': 30}",4.9,278.0,195.0,30.0,37.48203242479008,126.92966049495293,서울특별시 관악구 신림로 309,서울,관악구,신림동
마니달오프리미엄과일전문-신림점,"{'lat': '37.4828515', 'lng': '126.91714117'}","['분식', '카페/디저트', '포장', '야식', '신규맛집']","{'average_rating': 3.0, 'count': 1, 'image_count': 2, 'reply_count': 1}",3.0,1.0,2.0,1.0,37.4828515,126.91714117,서울특별시 관악구 남부순환로151길 13,서울,관악구,신림동
도래곱창-구디역점,"{'lat': '37.48201842224', 'lng': '126.905387238092'}","['한식', '고기/구이', '야식']","{'average_rating': 4.9, 'count': 1612, 'image_count': 1481, 'reply_count': 773}",4.9,1612.0,1481.0,773.0,37.48201842224,126.905387238092,서울특별시 관악구 조원로4길 37,서울,관악구,신림동
숙성회136,"{'lat': '37.4789597', 'lng': '126.95447827'}","['포장', '일식/돈까스', '한식', '회/초밥']","{'average_rating': 4.9, 'count': 488, 'image_count': 425, 'reply_count': 122}",4.9,488.0,425.0,122.0,37.4789597,126.95447827,서울특별시 관악구 관악로14길 35,서울,관악구,봉천동
K비빔밥-본점,"{'lat': '37.479664', 'lng': '126.94729518'}","['찜/탕', '한식', '포장', '1인분주문']","{'average_rating': 4.9, 'count': 268, 'image_count': 217, 'reply_count': 265}",4.9,268.0,217.0,265.0,37.479664,126.94729518,서울특별시 관악구 남부순환로214길 46,서울,관악구,봉천동
족의한수-신림점,"{'lat': '37.4730425', 'lng': '126.93437478'}","['한식', '고기/구이', '족발/보쌈', '포장']","{'average_rating': 5.0, 'count': 514, 'image_count': 530, 'reply_count': 513}",5.0,514.0,530.0,513.0,37.4730425,126.93437478,서울특별시 관악구 신림로26길 13,서울,관악구,신림동
오이시야-신림점,"{'lat': '37.4841352', 'lng': '126.91734554'}","['일식/돈까스', '포장', '야식', '1인분주문']","{'average_rating': 5.0, 'count': 18, 'image_count': 17, 'reply_count': 14}",5.0,18.0,17.0,14.0,37.4841352,126.91734554,서울특별시 관악구 남부순환로155길 31,서울,관악구,신림동
지코바치킨-신대방1호점,"{'lat': '37.4872547', 'lng': '126.91093309'}","['프랜차이즈', '치킨', '포장', '야식']","{'average_rating': 4.9, 'count': 320, 'image_count': 264, 'reply_count': 1}",4.9,320.0,264.0,1.0,37.4872547,126.91093309,서울특별시 동작구 대림로 20-1,서울,동작구,신대방동
올데이파스타-봉천신림점,"{'lat': '37.4835884', 'lng': '126.92797932'}","['피자/양식', '고기/구이', '야식', '포장', '프랜차이즈', '1인분주문']","{'average_rating': 4.8, 'count': 25, 'image_count': 15, 'reply_count': 7}",4.8,25.0,15.0,7.0,37.4835884,126.92797932,서울특별시 관악구 남부순환로 1594-6,서울,관악구,신림동
뽁순이볶음밥-신림본점,"{'lat': '37.4795271', 'lng': '126.94161931'}","['피자/양식', '한식', '도시락/죽', '포장', '야식', '프랜차이즈', '1인분주문']","{'average_rating': 4.8, 'count': 95, 'image_count': 58, 'reply_count': 63}",4.8,95.0,58.0,63.0,37.4795271,126.94161931,서울특별시 관악구 쑥고개로 45,서울,관악구,봉천동
화채꽃-관악점,"{'lat': '37.4881203', 'lng': '126.9255175'}","['한식', '카페/디저트', '도시락/죽', '포장', '야식', '프랜차이즈']","{'average_rating': 4.8, 'count': 101, 'image_count': 98, 'reply_count': 99}",4.8,101.0,98.0,99.0,37.4881203,126.9255175,서울특별시 관악구 봉천로6길 36,서울,관악구,신림동
춘리마라탕-신대방삼거리점,"{'lat': '37.4988242', 'lng': '126.92954628'}","['중국집', '분식', '찜/탕', '야식', '프랜차이즈', '포장']","{'average_rating': 4.8, 'count': 374, 'image_count': 312, 'reply_count': 211}",4.8,374.0,312.0,211.0,37.4988242,126.92954628,서울특별시 동작구 국사봉1길 18,서울,동작구,상도동
롯데리아-보라매타운점,"{'lat': '37.4920901662214', 'lng': '126.923508200883'}","['버거', '프랜차이즈', '치킨']","{'average_rating': 4.8, 'count': 2803, 'image_count': 1909, 'reply_count': 977}",4.8,2803.0,1909.0,977.0,37.4920901662214,126.923508200883,서울특별시 동작구 보라매로5길 35,서울,동작구,신대방동
피지컬찜닭-신림점,"{'lat': '37.4851007', 'lng': '126.93830627'}","['찜/탕', '한식', '고기/구이', '야식', '포장', '1인분주문']","{'average_rating': 4.9, 'count': 151, 'image_count': 136, 'reply_count': 78}",4.9,151.0,136.0,78.0,37.4851007,126.93830627,서울특별시 관악구 봉천로 341,서울,관악구,봉천동
인기급상승떡볶이-관악본점,"{'lat': '37.4795271', 'lng': '126.94161931'}","['한식', '분식', '포장', '야식']","{'average_rating': 4.7, 'count': 39, 'image_count': 28, 'reply_count': 18}",4.7,39.0,28.0,18.0,37.4795271,126.94161931,서울특별시 관악구 쑥고개로 45,서울,관악구,봉천동
땅스부대찌개-봉천역점,"{'lat': '37.4819733', 'lng': '126.94378647'}","['한식', '프랜차이즈', '포장', '찜/탕', '분식']","{'average_rating': 5.0, 'count': 113, 'image_count': 92, 'reply_count': 113}",5.0,113.0,92.0,113.0,37.4819733,126.94378647,서울특별시 관악구 남부순환로 1744-1,서울,관악구,봉천동
굿찜 명품찜닭 본점,"{'lat': '37.488415', 'lng': '126.9582851'}","['찜/탕', '한식', '고기/구이', '야식', '포장', '1인분주문']","{'average_rating': 4.9, 'count': 630, 'image_count': 543, 'reply_count': 627}",4.9,630.0,543.0,627.0,37.488415,126.9582851,서울특별시 관악구 관악로 274,서울,관악구,봉천동
치킨렉-신림본점,"{'lat': '37.4875056', 'lng': '126.92778638'}","['피자/양식', '분식', '치킨', '포장']","{'average_rating': 4.9, 'count': 113, 'image_count': 83, 'reply_count': 3}",4.9,113.0,83.0,3.0,37.4875056,126.92778638,서울특별시 관악구 신림동길 8,서울,관악구,신림동
순진한두부든든한제육이-봉천점,"{'lat': '37.4814092', 'lng': '126.94310598'}","['찜/탕', '한식', '고기/구이', '포장']","{'average_rating': 4.7, 'count': 26, 'image_count': 27, 'reply_count': 0}",4.7,26.0,27.0,0.0,37.4814092,126.94310598,서울특별시 관악구 장군봉1길 56,서울,관악구,봉천동
내사랑을먹어주세요,"{'lat': '37.4795946162772', 'lng': '126.950712433378'}","['카페/디저트', '야식', '샐러드', '포장']","{'average_rating': 4.8, 'count': 334, 'image_count': 259, 'reply_count': 38}",4.8,334.0,259.0,38.0,37.4795946162772,126.950712433378,서울특별시 관악구 관악로15길 23-16,서울,관악구,봉천동
매드피자-신림점,"{'lat': '37.4845999', 'lng': '126.9468547'}","['피자/양식', '분식', '야식', '치킨']","{'average_rating': 4.9, 'count': 1415, 'image_count': 1319, 'reply_count': 1090}",4.9,1415.0,1319.0,1090.0,37.4845999,126.9468547,서울특별시 관악구 양녕로 30,서울,관악구,봉천동
삼겹 찍먹의 정석-관악직영점,"{'lat': '37.483194516786824', 'lng': '126.94515672134224'}","['한식', '고기/구이', '야식', '도시락/죽', '포장']","{'average_rating': 4.8, 'count': 31, 'image_count': 26, 'reply_count': 28}",4.8,31.0,26.0,28.0,37.48319451678682,126.94515672134224,서울특별시 관악구 봉천로 407,서울,관악구,봉천동
청담강정-관악점,"{'lat': '37.4819738', 'lng': '126.94352232'}","['포장', '프랜차이즈', '치킨']","{'average_rating': 4.7, 'count': 20, 'image_count': 19, 'reply_count': 2}",4.7,20.0,19.0,2.0,37.4819738,126.94352232,서울특별시 관악구 남부순환로 1742,서울,관악구,봉천동
지영이네생선조림,"{'lat': '37.4735906', 'lng': '126.93930193'}","['찜/탕', '한식', '고기/구이', '포장']","{'average_rating': 5.0, 'count': 5, 'image_count': 1, 'reply_count': 0}",5.0,5.0,1.0,0.0,37.4735906,126.93930193,서울특별시 관악구 서림3길 9,서울,관악구,신림동
순자닭발,"{'lat': '37.4859944', 'lng': '126.92117477'}","['중국집', '고기/구이', '찜/탕', '포장', '야식', '1인분주문']","{'average_rating': 5.0, 'count': 4, 'image_count': 5, 'reply_count': 4}",5.0,4.0,5.0,4.0,37.4859944,126.92117477,서울특별시 관악구 조원로 170,서울,관악구,신림동
김영태스시&사시미마을-구로점,"{'lat': '37.4811265', 'lng': '126.91421284'}","['일식/돈까스', '프랜차이즈', '회/초밥']","{'average_rating': 4.8, 'count': 7681, 'image_count': 7250, 'reply_count': 179}",4.8,7681.0,7250.0,179.0,37.4811265,126.91421284,서울특별시 관악구 난곡로63길 6,서울,관악구,신림동
사천마라탕-본점,"{'lat': '37.4792349165327', 'lng': '126.950692450541'}","['중국집', '한식', '프랜차이즈', '야식', '아시안', '다회용기', '포장']","{'average_rating': 4.9, 'count': 7669, 'image_count': 6523, 'reply_count': 5271}",4.9,7669.0,6523.0,5271.0,37.4792349165327,126.950692450541,서울특별시 관악구 관악로13길 25,서울,관악구,봉천동
데일리프룻-관악점,"{'lat': '37.4807394', 'lng': '126.94598053'}","['분식', '카페/디저트', '포장', '프랜차이즈']","{'average_rating': 4.9, 'count': 19, 'image_count': 17, 'reply_count': 0}",4.9,19.0,17.0,0.0,37.4807394,126.94598053,서울특별시 관악구 청룡길 24,서울,관악구,봉천동
치킨플러스-신대방점,"{'lat': '37.48253579812506', 'lng': '126.91005734534423'}","['프랜차이즈', '치킨', '포장']","{'average_rating': 4.9, 'count': 832, 'image_count': 773, 'reply_count': 725}",4.9,832.0,773.0,725.0,37.48253579812506,126.91005734534424,서울특별시 관악구 조원로14길 27,서울,관악구,신림동
열정국밥-관악구신림점,"{'lat': '37.484672', 'lng': '126.93705965'}","['한식', '프랜차이즈']","{'average_rating': 4.9, 'count': 254, 'image_count': 173, 'reply_count': 96}",4.9,254.0,173.0,96.0,37.484672,126.93705965,서울특별시 관악구 남부순환로 1677,서울,관악구,봉천동
원할머니보쌈-봉천현대시장배달점,"{'lat': '37.4888384070027', 'lng': '126.948629359127'}","['포장', '족발/보쌈', '프랜차이즈', '한식']","{'average_rating': 4.7, 'count': 824, 'image_count': 467, 'reply_count': 157}",4.7,824.0,467.0,157.0,37.4888384070027,126.948629359127,서울특별시 관악구 은천로25길 63,서울,관악구,봉천동
피자팔이소년-본점,"{'lat': '37.4954617', 'lng': '126.9044253'}","['피자/양식', '야식', '포장']","{'average_rating': 5.0, 'count': 3829, 'image_count': 3489, 'reply_count': 3820}",5.0,3829.0,3489.0,3820.0,37.4954617,126.9044253,서울특별시 영등포구 대림로22길 38,서울,영등포구,대림동
동대문엽기떡볶이-서울대입구점,"{'lat': '37.4782694', 'lng': '126.95665894'}","['한식', '분식', '프랜차이즈', '포장']","{'average_rating': 4.8, 'count': 990, 'image_count': 727, 'reply_count': 0}",4.8,990.0,727.0,0.0,37.4782694,126.95665894,서울특별시 관악구 관악로14길 76,서울,관악구,봉천동
국밥백서-봉천점,"{'lat': '37.4866283', 'lng': '126.9444898'}","['찜/탕', '한식', '포장', '야식', '프랜차이즈', '1인분주문']","{'average_rating': 4.9, 'count': 92, 'image_count': 72, 'reply_count': 92}",4.9,92.0,72.0,92.0,37.4866283,126.9444898,서울특별시 관악구 은천로 84,서울,관악구,봉천동
봉이네짜글이,"{'lat': '37.4882179', 'lng': '126.95768571'}","['찜/탕', '한식', '분식', '포장', '1인분주문', '신규맛집']","{'average_rating': 5.0, 'count': 52, 'image_count': 44, 'reply_count': 51}",5.0,52.0,44.0,51.0,37.4882179,126.95768571,서울특별시 관악구 관악로 271,서울,관악구,봉천동
아이캔커피-봉천점,"{'lat': '37.4861307', 'lng': '126.93675981'}","['치킨', '포장', '야식', '신규맛집']","{'average_rating': 5.0, 'count': 2, 'image_count': 1, 'reply_count': 2}",5.0,2.0,1.0,2.0,37.4861307,126.93675981,서울특별시 관악구 은천로 14,서울,관악구,봉천동
코란라멘-본점,"{'lat': '37.4690339', 'lng': '126.93690141'}",['일식/돈까스'],"{'average_rating': 4.9, 'count': 471, 'image_count': 412, 'reply_count': 200}",4.9,471.0,412.0,200.0,37.4690339,126.93690141,서울특별시 관악구 대학6길 14,서울,관악구,신림동
햅삐햅삐,"{'lat': '37.4862893', 'lng': '126.94041528'}","['카페/디저트', '포장', '야식', '신규맛집']","{'average_rating': 5.0, 'count': 2, 'image_count': 2, 'reply_count': 0}",5.0,2.0,2.0,0.0,37.4862893,126.94041528,서울특별시 관악구 은천로 45-1,서울,관악구,봉천동
이삭토스트-신대방삼거리역점,"{'lat': '37.4990062', 'lng': '126.9289441'}","['카페/디저트', '프랜차이즈', '샌드위치']","{'average_rating': 4.8, 'count': 857, 'image_count': 521, 'reply_count': 54}",4.8,857.0,521.0,54.0,37.4990062,126.9289441,서울특별시 동작구 국사봉1길 7,서울,동작구,대방동
애우축산,"{'lat': '37.4791216', 'lng': '126.93231263'}","['고기/구이', '포장', '신규맛집']","{'average_rating': 0.0, 'count': 0, 'image_count': 0, 'reply_count': 0}",0.0,0.0,0.0,0.0,37.4791216,126.93231263,서울특별시 관악구 신림로48가길 1,서울,관악구,신림동
돌섬미역국-신림점,"{'lat': '37.4827067', 'lng': '126.90994659'}","['찜/탕', '한식', '도시락/죽', '포장', '야식', '프랜차이즈']","{'average_rating': 4.9, 'count': 87, 'image_count': 78, 'reply_count': 84}",4.9,87.0,78.0,84.0,37.4827067,126.90994659,서울특별시 관악구 조원로14길 23,서울,관악구,신림동
백년아구찜-관악점,"{'lat': '37.4794155', 'lng': '126.94194469'}","['찜/탕', '한식', '프랜차이즈', '야식', '포장']","{'average_rating': 4.6, 'count': 18, 'image_count': 13, 'reply_count': 7}",4.6,18.0,13.0,7.0,37.4794155,126.94194469,서울특별시 관악구 쑥고개로 48,서울,관악구,봉천동
교촌치킨-신림3호점,"{'lat': '37.4698807', 'lng': '126.93894617'}","['프랜차이즈', '치킨', '포장']","{'average_rating': 4.9, 'count': 768, 'image_count': 679, 'reply_count': 757}",4.9,768.0,679.0,757.0,37.4698807,126.93894617,서울특별시 관악구 신림로11길 13,서울,관악구,신림동
에그폭죽-봉천점,"{'lat': '37.477889', 'lng': '126.94185505'}","['한식', '포장', '1인분주문', '야식', '프랜차이즈']","{'average_rating': 5.0, 'count': 38, 'image_count': 35, 'reply_count': 0}",5.0,38.0,35.0,0.0,37.477889,126.94185505,서울특별시 관악구 참숯1길 19,서울,관악구,봉천동
인생짜장-신림점,"{'lat': '37.4833509', 'lng': '126.91869313'}","['중국집', '찜/탕', '아시안', '야식', '신규맛집']","{'average_rating': 5.0, 'count': 1, 'image_count': 1, 'reply_count': 0}",5.0,1.0,1.0,0.0,37.4833509,126.91869313,서울특별시 관악구 관천로11길 112,서울,관악구,신림동
시골남자파스타-신림점,"{'lat': '37.4814092', 'lng': '126.94310598'}","['피자/양식', '프랜차이즈', '포장', '1인분주문']","{'average_rating': 4.8, 'count': 38, 'image_count': 36, 'reply_count': 0}",4.8,38.0,36.0,0.0,37.4814092,126.94310598,서울특별시 관악구 장군봉1길 56,서울,관악구,봉천동
빙파이-신림점,"{'lat': '37.4876853', 'lng': '126.93993903'}","['분식', '카페/디저트', '야식']","{'average_rating': 5.0, 'count': 36, 'image_count': 34, 'reply_count': 3}",5.0,36.0,34.0,3.0,37.4876853,126.93993903,서울특별시 관악구 국회단지길 35,서울,관악구,봉천동
제일제육,"{'lat': '37.4857499', 'lng': '126.94071559'}","['찜/탕', '한식', '고기/구이', '야식', '포장', '신규맛집']","{'average_rating': 0.0, 'count': 0, 'image_count': 0, 'reply_count': 0}",0.0,0.0,0.0,0.0,37.4857499,126.94071559,서울특별시 관악구 봉천로27길 41,서울,관악구,봉천동
교촌치킨-신대방삼거리점,"{'lat': '37.4993389130707', 'lng': '126.927207311447'}","['프랜차이즈', '치킨', '포장']","{'average_rating': 4.9, 'count': 4141, 'image_count': 3388, 'reply_count': 4139}",4.9,4141.0,3388.0,4139.0,37.4993389130707,126.927207311447,서울특별시 동작구 여의대방로24길 129,서울,동작구,대방동
스시&롤그리고,"{'lat': '37.4856779', 'lng': '126.94676357'}","['일식/돈까스', '회/초밥', '야식', '포장']","{'average_rating': 4.8, 'count': 1170, 'image_count': 969, 'reply_count': 263}",4.8,1170.0,969.0,263.0,37.4856779,126.94676357,서울특별시 관악구 양녕로 39-1,서울,관악구,봉천동
신전떡볶이-봉천점,"{'lat': '37.4837091888476', 'lng': '126.953574318234'}","['분식', '프랜차이즈', '포장']","{'average_rating': 4.7, 'count': 969, 'image_count': 724, 'reply_count': 52}",4.7,969.0,724.0,52.0,37.4837091888476,126.953574318234,서울특별시 관악구 중앙1길 10,서울,관악구,봉천동
움버거앤윙스-신림역점,"{'lat': '37.4814773', 'lng': '126.92974204'}","['피자/양식', '버거', '프랜차이즈', '포장', '1인분주문']","{'average_rating': 4.9, 'count': 285, 'image_count': 229, 'reply_count': 231}",4.9,285.0,229.0,231.0,37.4814773,126.92974204,서울특별시 관악구 신림로 303,서울,관악구,신림동
전남친파스타,"{'lat': '37.4834714', 'lng': '126.94325036'}","['피자/양식', '포장', '1인분주문']","{'average_rating': 0.0, 'count': 0, 'image_count': 0, 'reply_count': 0}",0.0,0.0,0.0,0.0,37.4834714,126.94325036,서울특별시 관악구 봉천로 391,서울,관악구,봉천동
육수당-신림녹두점,"{'lat': '37.4697981', 'lng': '126.93401658'}","['한식', '프랜차이즈', '야식', '포장']","{'average_rating': 4.8, 'count': 104, 'image_count': 84, 'reply_count': 102}",4.8,104.0,84.0,102.0,37.4697981,126.93401658,서울특별시 관악구 호암로24길 16,서울,관악구,신림동
모두뼈다귀감자탕-상도점,"{'lat': '37.4995806', 'lng': '126.93196063'}","['포장', '한식', '찜/탕']","{'average_rating': 4.9, 'count': 3022, 'image_count': 2213, 'reply_count': 3021}",4.9,3022.0,2213.0,3021.0,37.4995806,126.93196063,서울특별시 동작구 성대로2길 5,서울,동작구,상도동
마왕족발-샤로수길점,"{'lat': '37.4797194', 'lng': '126.95473657'}","['족발/보쌈', '야식', '프랜차이즈', '포장', '도시락/죽', '한식']","{'average_rating': 4.7, 'count': 4420, 'image_count': 4019, 'reply_count': 4134}",4.7,4420.0,4019.0,4134.0,37.4797194,126.95473657,서울특별시 관악구 관악로16길 38,서울,관악구,봉천동
한입과일-신림점,"{'lat': '37.4782576', 'lng': '126.91319363'}","['분식', '카페/디저트', '포장', '야식', '프랜차이즈', '신규맛집']","{'average_rating': 5.0, 'count': 1, 'image_count': 0, 'reply_count': 1}",5.0,1.0,0.0,1.0,37.4782576,126.91319363,서울특별시 관악구 남부순환로144길 70,서울,관악구,신림동
60계치킨-서울구로조원점,"{'lat': '37.4835426', 'lng': '126.90834792'}","['프랜차이즈', '치킨', '포장', '신규맛집']","{'average_rating': 4.8, 'count': 5, 'image_count': 3, 'reply_count': 0}",4.8,5.0,3.0,0.0,37.4835426,126.90834792,서울특별시 관악구 조원로 54,서울,관악구,신림동
쫄면주는삼겹본능by놀부-신림점,"{'lat': '37.4766535', 'lng': '126.9375515'}","['한식', '프랜차이즈', '고기/구이', '야식']","{'average_rating': 4.9, 'count': 4768, 'image_count': 4385, 'reply_count': 3582}",4.9,4768.0,4385.0,3582.0,37.4766535,126.9375515,서울특별시 관악구 신림로38길 1,서울,관악구,신림동
"연탄할매곱창,막창&닭발-신림점","{'lat': '37.4693353', 'lng': '126.93633444'}","['한식', '고기/구이', '야식', '포장', '프랜차이즈']","{'average_rating': 4.5, 'count': 21, 'image_count': 13, 'reply_count': 0}",4.5,21.0,13.0,0.0,37.4693353,126.93633444,서울특별시 관악구 신림로17길 32,서울,관악구,신림동
예술피자-관악점,"{'lat': '37.4863624', 'lng': '126.93831178'}","['피자/양식', '야식', '포장']","{'average_rating': 5.0, 'count': 1193, 'image_count': 1183, 'reply_count': 1189}",5.0,1193.0,1183.0,1189.0,37.4863624,126.93831178,서울특별시 관악구 은천로 25,서울,관악구,봉천동
인생냉면-봉천점,"{'lat': '37.477889', 'lng': '126.94185505'}","['한식', '프랜차이즈', '1인분주문', '포장', '야식']","{'average_rating': 4.8, 'count': 61, 'image_count': 61, 'reply_count': 0}",4.8,61.0,61.0,0.0,37.477889,126.94185505,서울특별시 관악구 참숯1길 19,서울,관악구,봉천동
마라탕입구,"{'lat': '37.4837673891966', 'lng': '126.927858421184'}","['중국집', '아시안']","{'average_rating': 4.9, 'count': 486, 'image_count': 428, 'reply_count': 41}",4.9,486.0,428.0,41.0,37.4837673891966,126.927858421184,서울특별시 관악구 남부순환로 1594-1,서울,관악구,신림동
1키로공룡닭강정-봉천점,"{'lat': '37.4857221', 'lng': '126.93696214'}","['분식', '카페/디저트', '치킨', '포장', '야식', '프랜차이즈']","{'average_rating': 4.8, 'count': 78, 'image_count': 63, 'reply_count': 0}",4.8,78.0,63.0,0.0,37.4857221,126.93696214,서울특별시 관악구 봉천로 327,서울,관악구,봉천동
이불속낙곱새,"{'lat': '37.484597', 'lng': '126.92759424'}","['찜/탕', '한식', '포장', '야식', '신규맛집']","{'average_rating': 0.0, 'count': 0, 'image_count': 0, 'reply_count': 0}",0.0,0.0,0.0,0.0,37.484597,126.92759424,서울특별시 관악구 남부순환로 1597-11,서울,관악구,신림동
플러스82-구로점,"{'lat': '37.4938685', 'lng': '126.89233623'}","['카페/디저트', '샌드위치', '프랜차이즈', '분식', '야식', '포장', '신규맛집']","{'average_rating': 4.7, 'count': 44, 'image_count': 38, 'reply_count': 43}",4.7,44.0,38.0,43.0,37.4938685,126.89233623,서울특별시 구로구 구로중앙로14길 33,서울,구로구,구로동
베트남쌀국수미스사이공-신림대학동점,"{'lat': '37.4861338', 'lng': '126.94710912'}","['한식', '분식', '프랜차이즈', '아시안', '포장']","{'average_rating': 4.7, 'count': 903, 'image_count': 458, 'reply_count': 1}",4.7,903.0,458.0,1.0,37.4861338,126.94710912,서울특별시 관악구 양녕로 46,서울,관악구,봉천동
아라치찜닭-신림점,"{'lat': '37.4828928', 'lng': '126.9246786'}","['포장', '찜/탕', '프랜차이즈', '신규맛집']","{'average_rating': 4.8, 'count': 5, 'image_count': 5, 'reply_count': 4}",4.8,5.0,5.0,4.0,37.4828928,126.9246786,서울특별시 관악구 남부순환로170길 3,서울,관악구,신림동
김치구이&삼겹살김꿉남,"{'lat': '37.5030583', 'lng': '126.92097067'}","['한식', '고기/구이', '족발/보쌈', '포장', '야식']","{'average_rating': 5.0, 'count': 105, 'image_count': 113, 'reply_count': 82}",5.0,105.0,113.0,82.0,37.5030583,126.92097067,서울특별시 영등포구 여의대방로39길 3,서울,영등포구,신길동
돈씨김씨-관악점,"{'lat': '37.489193', 'lng': '126.93024395'}","['분식', '일식/돈까스', '중국집', '포장']","{'average_rating': 4.6, 'count': 968, 'image_count': 576, 'reply_count': 370}",4.6,968.0,576.0,370.0,37.489193,126.93024395,서울특별시 관악구 봉천로13길 9,서울,관악구,봉천동
제비파스타&리조또-신림점,"{'lat': '37.4839342', 'lng': '126.93936786'}","['피자/양식', '포장', '야식', '프랜차이즈', '1인분주문', '신규맛집']","{'average_rating': 3.6, 'count': 8, 'image_count': 6, 'reply_count': 8}",3.6,8.0,6.0,8.0,37.4839342,126.93936786,서울특별시 관악구 봉천로 356,서울,관악구,봉천동
KFC-신림역점,"{'lat': '37.4825754463389', 'lng': '126.930252882828'}","['버거', '프랜차이즈', '치킨', '포장']","{'average_rating': 4.7, 'count': 907, 'image_count': 469, 'reply_count': 0}",4.7,907.0,469.0,0.0,37.4825754463389,126.930252882828,서울특별시 관악구 신림로 318,서울,관악구,신림동
싸다김밥-신대방삼거리역점,"{'lat': '37.4986636', 'lng': '126.92777404'}","['한식', '분식', '일식/돈까스', '포장', '프랜차이즈']","{'average_rating': 4.7, 'count': 19, 'image_count': 13, 'reply_count': 0}",4.7,19.0,13.0,0.0,37.4986636,126.92777404,서울특별시 동작구 보라매로 105,서울,동작구,신대방동
파스타에반하다-구로금천점,"{'lat': '37.4811265', 'lng': '126.91421284'}","['피자/양식', '샐러드', '고기/구이', '프랜차이즈', '1인분주문']","{'average_rating': 4.9, 'count': 535, 'image_count': 447, 'reply_count': 0}",4.9,535.0,447.0,0.0,37.4811265,126.91421284,서울특별시 관악구 난곡로63길 6,서울,관악구,신림동
크리스피크림도넛-구로디지털역점,"{'lat': '37.484309', 'lng': '126.90324729'}","['카페/디저트', '프랜차이즈']","{'average_rating': 4.8, 'count': 88, 'image_count': 69, 'reply_count': 14}",4.8,88.0,69.0,14.0,37.484309,126.90324729,서울특별시 관악구 시흥대로 578,서울,관악구,신림동
파스타주는샐러즈salad&coffee,"{'lat': '37.4884611', 'lng': '126.90775158'}","['피자/양식', '샐러드', '야식', '포장', '아시안', '1인분주문']","{'average_rating': 4.9, 'count': 852, 'image_count': 745, 'reply_count': 508}",4.9,852.0,745.0,508.0,37.4884611,126.90775158,서울특별시 동작구 신대방11길 35,서울,동작구,신대방동
현대식당찌개전문점-봉천점,"{'lat': '37.4839059', 'lng': '126.9399404'}","['찜/탕', '한식', '도시락/죽']","{'average_rating': 4.8, 'count': 84, 'image_count': 71, 'reply_count': 0}",4.8,84.0,71.0,0.0,37.4839059,126.9399404,서울특별시 관악구 봉천로 360-1,서울,관악구,봉천동
꽉찬소곱창-관악점,"{'lat': '37.4805773', 'lng': '126.94742874'}","['찜/탕', '한식', '고기/구이', '야식', '포장', '프랜차이즈']","{'average_rating': 5.0, 'count': 9, 'image_count': 8, 'reply_count': 0}",5.0,9.0,8.0,0.0,37.4805773,126.94742874,서울특별시 관악구 청룡3길 22,서울,관악구,봉천동
벚꽃집-상도점,"{'lat': '37.5038849', 'lng': '126.9427608'}","['한식', '일식/돈까스', '회/초밥', '포장', '프랜차이즈']","{'average_rating': 4.9, 'count': 69, 'image_count': 54, 'reply_count': 0}",4.9,69.0,54.0,0.0,37.5038849,126.9427608,서울특별시 동작구 상도로30길 40,서울,동작구,상도동
푸라닭-미성점,"{'lat': '37.4772705', 'lng': '126.91264051'}","['포장', '야식', '프랜차이즈', '치킨']","{'average_rating': 4.9, 'count': 5001, 'image_count': 4561, 'reply_count': 4970}",4.9,5001.0,4561.0,4970.0,37.4772705,126.91264051,서울특별시 관악구 문성로 82,서울,관악구,신림동
놀부부대찌개-신림점,"{'lat': '37.4766535', 'lng': '126.9375515'}","['한식', '프랜차이즈', '야식']","{'average_rating': 5.0, 'count': 99, 'image_count': 71, 'reply_count': 0}",5.0,99.0,71.0,0.0,37.4766535,126.9375515,서울특별시 관악구 신림로38길 1,서울,관악구,신림동
남라고항,"{'lat': '37.4839695', 'lng': '126.95558387'}","['중국집', '찜/탕', '아시안', '포장']","{'average_rating': 4.9, 'count': 93, 'image_count': 81, 'reply_count': 20}",4.9,93.0,81.0,20.0,37.4839695,126.95558387,서울특별시 관악구 관악로24길 14,서울,관악구,봉천동
족발본부,"{'lat': '37.4817007', 'lng': '126.94154185'}","['한식', '족발/보쌈', '야식', '포장']","{'average_rating': 4.9, 'count': 24, 'image_count': 26, 'reply_count': 24}",4.9,24.0,26.0,24.0,37.4817007,126.94154185,서울특별시 관악구 장군봉1길 26,서울,관악구,봉천동
내맘대로갈비찜,"{'lat': '37.484048', 'lng': '126.92533287'}","['찜/탕', '한식', '고기/구이', '포장', '야식']","{'average_rating': 5.0, 'count': 7, 'image_count': 6, 'reply_count': 1}",5.0,7.0,6.0,1.0,37.484048,126.92533287,서울특별시 관악구 관천로 55,서울,관악구,신림동
크리스피크림도넛-서울대입구역점,"{'lat': '37.4828217355589', 'lng': '126.954227887262'}","['카페/디저트', '프랜차이즈', '포장']","{'average_rating': 4.8, 'count': 1688, 'image_count': 1323, 'reply_count': 922}",4.8,1688.0,1323.0,922.0,37.4828217355589,126.954227887262,서울특별시 관악구 관악로 202,서울,관악구,봉천동
피자스쿨-당곡역점,"{'lat': '37.4891698', 'lng': '126.92754607'}","['피자/양식', '프랜차이즈', '포장']","{'average_rating': 4.8, 'count': 43, 'image_count': 33, 'reply_count': 1}",4.8,43.0,33.0,1.0,37.4891698,126.92754607,서울특별시 관악구 봉천로 236,서울,관악구,신림동
국밥보스제육대장-관악신림점,"{'lat': '37.4712007', 'lng': '126.93780805'}","['찜/탕', '한식', '고기/구이', '포장', '프랜차이즈', '신규맛집']","{'average_rating': 5.0, 'count': 13, 'image_count': 14, 'reply_count': 13}",5.0,13.0,14.0,13.0,37.4712007,126.93780805,서울특별시 관악구 신림로14길 3,서울,관악구,신림동
동근이숯불두마리치킨-봉천점,"{'lat': '37.4842451', 'lng': '126.9465295'}","['한식', '야식', '치킨', '포장', '프랜차이즈']","{'average_rating': 5.0, 'count': 270, 'image_count': 237, 'reply_count': 194}",5.0,270.0,237.0,194.0,37.4842451,126.9465295,서울특별시 관악구 양녕로 23,서울,관악구,봉천동
냉면&숯불고기전문점줄벼락-낙성대점,"{'lat': '37.4814092', 'lng': '126.94310598'}","['포장', '한식', '프랜차이즈', '고기/구이']","{'average_rating': 4.9, 'count': 1469, 'image_count': 1244, 'reply_count': 118}",4.9,1469.0,1244.0,118.0,37.4814092,126.94310598,서울특별시 관악구 장군봉1길 56,서울,관악구,봉천동
할리스-신림점,"{'lat': '37.4859535465506', 'lng': '126.929241506075'}","['카페/디저트', '프랜차이즈']","{'average_rating': 4.7, 'count': 106, 'image_count': 64, 'reply_count': 33}",4.7,106.0,64.0,33.0,37.4859535465506,126.929241506075,서울특별시 관악구 신림로 353-1,서울,관악구,신림동
자담치킨-문성로점,"{'lat': '37.4785606', 'lng': '126.93139815'}","['프랜차이즈', '치킨', '포장']","{'average_rating': 5.0, 'count': 54, 'image_count': 49, 'reply_count': 22}",5.0,54.0,49.0,22.0,37.4785606,126.93139815,서울특별시 관악구 문성로 251,서울,관악구,신림동
보반불떡&두마리치킨,"{'lat': '37.4683082', 'lng': '126.93206377'}","['분식', '치킨', '포장', '야식', '도시락/죽', '1인분주문']","{'average_rating': 4.9, 'count': 521, 'image_count': 477, 'reply_count': 521}",4.9,521.0,477.0,521.0,37.4683082,126.93206377,서울특별시 관악구 호암로 567-1,서울,관악구,신림동
나는냉면너는모밀-관악점,"{'lat': '37.4857499', 'lng': '126.94071559'}","['한식', '포장', '1인분주문', '일식/돈까스', '야식', '프랜차이즈']","{'average_rating': 4.4, 'count': 17, 'image_count': 15, 'reply_count': 17}",4.4,17.0,15.0,17.0,37.4857499,126.94071559,서울특별시 관악구 봉천로27길 41,서울,관악구,봉천동
8출돈도그-본점,"{'lat': '37.4854486', 'lng': '126.92872326'}","['분식', '버거', '일식/돈까스', '야식', '포장']","{'average_rating': 4.0, 'count': 4, 'image_count': 6, 'reply_count': 3}",4.0,4.0,6.0,3.0,37.4854486,126.92872326,서울특별시 관악구 신림로65길 10-9,서울,관악구,신림동
육식사관학교-관악본점,"{'lat': '37.4797854', 'lng': '126.94748447'}","['한식', '고기/구이', '도시락/죽', '포장']","{'average_rating': 5.0, 'count': 251, 'image_count': 220, 'reply_count': 0}",5.0,251.0,220.0,0.0,37.4797854,126.94748447,서울특별시 관악구 남부순환로214길 41,서울,관악구,봉천동
고향엄마손생바지락칼국수-구로디지털직영점,"{'lat': '37.4859232', 'lng': '126.89733642'}","['한식', '포장', '프랜차이즈', '찜/탕', '족발/보쌈']","{'average_rating': 4.9, 'count': 212, 'image_count': 190, 'reply_count': 212}",4.9,212.0,190.0,212.0,37.4859232,126.89733642,서울특별시 구로구 디지털로 306,서울,구로구,구로동
봉추찜닭-신림점,"{'lat': '37.4835203', 'lng': '126.92775152'}","['찜/탕', '한식', '프랜차이즈', '치킨', '포장']","{'average_rating': 4.8, 'count': 30, 'image_count': 21, 'reply_count': 0}",4.8,30.0,21.0,0.0,37.4835203,126.92775152,서울특별시 관악구 남부순환로 1592-6,서울,관악구,신림동
옴므파스타-본점,"{'lat': '37.4822513', 'lng': '126.94000404'}","['피자/양식', '한식', '야식', '도시락/죽', '포장']","{'average_rating': 4.9, 'count': 235, 'image_count': 199, 'reply_count': 105}",4.9,235.0,199.0,105.0,37.4822513,126.94000404,서울특별시 관악구 장군봉2길 1,서울,관악구,봉천동
알라딘마라탕-신림점,"{'lat': '37.483795177806016', 'lng': '126.92957427116394'}","['중국집', '한식', '아시안', '포장']","{'average_rating': 5.0, 'count': 24, 'image_count': 17, 'reply_count': 24}",5.0,24.0,17.0,24.0,37.483795177806016,126.92957427116394,서울특별시 관악구 신림로 331,서울,관악구,신림동
맛닭꼬-은천점,"{'lat': '37.4864969', 'lng': '126.93539325'}","['치킨', '야식', '프랜차이즈']","{'average_rating': 4.8, 'count': 25, 'image_count': 21, 'reply_count': 0}",4.8,25.0,21.0,0.0,37.4864969,126.93539325,서울특별시 관악구 은천로 1,서울,관악구,봉천동
짜글이에진심-관악점,"{'lat': '37.4842091', 'lng': '126.94031621'}","['찜/탕', '한식', '포장', '신규맛집']","{'average_rating': 5.0, 'count': 2, 'image_count': 2, 'reply_count': 1}",5.0,2.0,2.0,1.0,37.4842091,126.94031621,서울특별시 관악구 봉천로 361,서울,관악구,봉천동
흰고래연어육회-신림점,"{'lat': '37.4827067', 'lng': '126.90994659'}","['한식', '야식', '일식/돈까스', '회/초밥', '포장', '프랜차이즈']","{'average_rating': 5.0, 'count': 132, 'image_count': 120, 'reply_count': 115}",5.0,132.0,120.0,115.0,37.4827067,126.90994659,서울특별시 관악구 조원로14길 23,서울,관악구,신림동
구디빙수(GoodieBingsu),"{'lat': '37.4827673', 'lng': '126.89920105'}","['카페/디저트', '포장']","{'average_rating': 4.9, 'count': 184, 'image_count': 186, 'reply_count': 0}",4.9,184.0,186.0,0.0,37.4827673,126.89920105,서울특별시 구로구 디지털로32가길 9,서울,구로구,구로동
백년카츠-관악점,"{'lat': '37.4834714', 'lng': '126.94325036'}","['한식', '일식/돈까스', '도시락/죽', '포장', '프랜차이즈']","{'average_rating': 4.8, 'count': 142, 'image_count': 104, 'reply_count': 52}",4.8,142.0,104.0,52.0,37.4834714,126.94325036,서울특별시 관악구 봉천로 391,서울,관악구,봉천동
독수리집육회,"{'lat': '37.4861757378333', 'lng': '126.913902746279'}","['포장', '한식', '야식', '고기/구이', '찜/탕']","{'average_rating': 4.4, 'count': 612, 'image_count': 298, 'reply_count': 57}",4.4,612.0,298.0,57.0,37.4861757378333,126.913902746279,서울특별시 관악구 난곡로 360,서울,관악구,신림동
닭다리순살치킨만팬다-신림스타점,"{'lat': '37.485897', 'lng': '126.93839049'}","['고기/구이', '치킨', '분식', '야식', '포장', '프랜차이즈', '1인분주문']","{'average_rating': 5.0, 'count': 7, 'image_count': 4, 'reply_count': 0}",5.0,7.0,4.0,0.0,37.485897,126.93839049,서울특별시 관악구 은천로 28,서울,관악구,봉천동
천년족발-구로디지털점,"{'lat': '37.4820002368784', 'lng': '126.898099747835'}","['포장', '족발/보쌈']","{'average_rating': 4.8, 'count': 3702, 'image_count': 3692, 'reply_count': 3696}",4.8,3702.0,3692.0,3696.0,37.4820002368784,126.898099747835,서울특별시 구로구 시흥대로163길 33,서울,구로구,구로동
오븐치즈필라프&파스타-관악본점,"{'lat': '37.4889407', 'lng': '126.92675922'}","['피자/양식', '포장', '분식', '야식', '신규맛집']","{'average_rating': 5.0, 'count': 2, 'image_count': 1, 'reply_count': 0}",5.0,2.0,1.0,0.0,37.4889407,126.92675922,서울특별시 관악구 봉천로8길 12,서울,관악구,신림동
두찜-동작신대방점,"{'lat': '37.4900524', 'lng': '126.90862521'}","['찜/탕', '한식', '프랜차이즈', '포장']","{'average_rating': 4.9, 'count': 278, 'image_count': 244, 'reply_count': 268}",4.9,278.0,244.0,268.0,37.4900524,126.90862521,서울특별시 동작구 신대방길 105,서울,동작구,신대방동
더바른정국밥-서울대입구역점,"{'lat': '37.483663', 'lng': '126.95327959'}","['찜/탕', '한식', '프랜차이즈', '포장', '고기/구이', '1인분주문']","{'average_rating': 5.0, 'count': 843, 'image_count': 693, 'reply_count': 838}",5.0,843.0,693.0,838.0,37.483663,126.95327959,서울특별시 관악구 중앙1길 11,서울,관악구,봉천동
플러스82-독산점,"{'lat': '37.4764584', 'lng': '126.90452843'}","['분식', '카페/디저트', '샌드위치', '포장', '프랜차이즈', '야식']","{'average_rating': 5.0, 'count': 46, 'image_count': 40, 'reply_count': 44}",5.0,46.0,40.0,44.0,37.4764584,126.90452843,서울특별시 금천구 문성로 7,서울,금천구,독산동
꼬치마을-봉천점,"{'lat': '37.485594', 'lng': '126.95558745'}","['고기/구이', '포장', '야식', '신규맛집']","{'average_rating': 5.0, 'count': 7, 'image_count': 7, 'reply_count': 7}",5.0,7.0,7.0,7.0,37.485594,126.95558745,서울특별시 관악구 은천로 184,서울,관악구,봉천동
동대문엽기떡볶이-구로디지털단지역점,"{'lat': '37.4833916729539', 'lng': '126.901424329376'}","['포장', '한식', '프랜차이즈', '분식', '야식']","{'average_rating': 4.8, 'count': 2901, 'image_count': 2131, 'reply_count': 821}",4.8,2901.0,2131.0,821.0,37.4833916729539,126.901424329376,서울특별시 구로구 시흥대로 563,서울,구로구,구로동
미친김치찜-관악점,"{'lat': '37.4857499', 'lng': '126.94071559'}","['찜/탕', '한식', '포장', '야식', '프랜차이즈', '1인분주문']","{'average_rating': 5.0, 'count': 6, 'image_count': 7, 'reply_count': 5}",5.0,6.0,7.0,5.0,37.4857499,126.94071559,서울특별시 관악구 봉천로27길 41,서울,관악구,봉천동
지코바치킨-대방1호점,"{'lat': '37.4999923', 'lng': '126.92562606'}","['치킨', '포장', '야식', '프랜차이즈']","{'average_rating': 4.9, 'count': 15, 'image_count': 14, 'reply_count': 0}",4.9,15.0,14.0,0.0,37.4999923,126.92562606,서울특별시 동작구 상도로 45,서울,동작구,대방동
드디어 찾은 인생 최고의 중국집-신림점,"{'lat': '37.4844866', 'lng': '126.93582351'}","['중국집', '포장', '야식']","{'average_rating': 3.8, 'count': 14, 'image_count': 9, 'reply_count': 0}",3.8,14.0,9.0,0.0,37.4844866,126.93582351,서울특별시 관악구 남부순환로 1668,서울,관악구,신림동
제육고집,"{'lat': '37.4806395', 'lng': '126.91156526'}","['한식', '고기/구이', '야식', '도시락/죽', '포장']","{'average_rating': 5.0, 'count': 496, 'image_count': 441, 'reply_count': 460}",5.0,496.0,441.0,460.0,37.4806395,126.91156526,서울특별시 관악구 난곡로63길 54,서울,관악구,신림동
빙달-관악점,"{'lat': '37.4868229', 'lng': '126.93992557'}","['카페/디저트', '프랜차이즈', '야식', '포장']","{'average_rating': 4.9, 'count': 203, 'image_count': 155, 'reply_count': 0}",4.9,203.0,155.0,0.0,37.4868229,126.93992557,서울특별시 관악구 국회단지2길 7,서울,관악구,봉천동
불타는꼬꼬발-신림점,"{'lat': '37.4878630713513', 'lng': '126.930369436522'}","['한식', '찜/탕', '도시락/죽', '야식', '포장']","{'average_rating': 4.9, 'count': 420, 'image_count': 391, 'reply_count': 322}",4.9,420.0,391.0,322.0,37.4878630713513,126.930369436522,서울특별시 관악구 봉천로14길 5,서울,관악구,신림동
오늘은게장&순살덮밥-신림점,"{'lat': '37.4856792', 'lng': '126.91791037'}","['한식', '야식', '도시락/죽', '포장']","{'average_rating': 5.0, 'count': 42, 'image_count': 52, 'reply_count': 15}",5.0,42.0,52.0,15.0,37.4856792,126.91791037,서울특별시 관악구 조원로 141,서울,관악구,신림동
치킨부라더스-봉천점,"{'lat': '37.4788721', 'lng': '126.94899123'}","['치킨', '포장']","{'average_rating': 5.0, 'count': 83, 'image_count': 74, 'reply_count': 81}",5.0,83.0,74.0,81.0,37.4788721,126.94899123,서울특별시 관악구 쑥고개로 114,서울,관악구,봉천동
옐로우피자-관악점,"{'lat': '37.4864204', 'lng': '126.93769622'}","['피자/양식', '분식', '야식', '프랜차이즈', '포장']","{'average_rating': 5.0, 'count': 1619, 'image_count': 1600, 'reply_count': 510}",5.0,1619.0,1600.0,510.0,37.4864204,126.93769622,서울특별시 관악구 은천로 21,서울,관악구,봉천동
찜하다-봉천점,"{'lat': '37.4795271', 'lng': '126.94161931'}","['찜/탕', '한식', '고기/구이', '포장', '1인분주문']","{'average_rating': 4.9, 'count': 2189, 'image_count': 2108, 'reply_count': 1772}",4.9,2189.0,2108.0,1772.0,37.4795271,126.94161931,서울특별시 관악구 쑥고개로 45,서울,관악구,봉천동
SPECIAL여수수산,"{'lat': '37.5091873262562', 'lng': '126.940349238102'}","['회/초밥', '찜/탕', '야식', '포장']","{'average_rating': 4.7, 'count': 374, 'image_count': 330, 'reply_count': 7}",4.7,374.0,330.0,7.0,37.5091873262562,126.940349238102,서울특별시 동작구 장승배기로 130,서울,동작구,노량진동
최고집 김치삼겹구이&김치찜-관악직영점,"{'lat': '37.483194516786824', 'lng': '126.94515672134224'}","['찜/탕', '한식', '고기/구이', '야식', '포장']","{'average_rating': 4.9, 'count': 41, 'image_count': 36, 'reply_count': 35}",4.9,41.0,36.0,35.0,37.48319451678682,126.94515672134224,서울특별시 관악구 봉천로 407,서울,관악구,봉천동
사이드가500원인닭다리살치킨집-신림스타점,"{'lat': '37.485897', 'lng': '126.93839049'}","['분식', '고기/구이', '야식', '치킨', '포장', '1인분주문']","{'average_rating': 4.5, 'count': 2, 'image_count': 2, 'reply_count': 0}",4.5,2.0,2.0,0.0,37.485897,126.93839049,서울특별시 관악구 은천로 28,서울,관악구,봉천동
배스킨라빈스-봉천역점,"{'lat': '37.481967', 'lng': '126.94329293'}","['포장', '카페/디저트', '프랜차이즈']","{'average_rating': 5.0, 'count': 2, 'image_count': 2, 'reply_count': 1}",5.0,2.0,2.0,1.0,37.481967,126.94329293,서울 관악구 봉천동 927-1,서울,관악구,봉천동
숙성고집-동작점,"{'lat': '37.4985858', 'lng': '126.94357624'}","['한식', '고기/구이', '도시락/죽', '포장']","{'average_rating': 5.0, 'count': 40, 'image_count': 35, 'reply_count': 35}",5.0,40.0,35.0,35.0,37.4985858,126.94357624,서울특별시 동작구 양녕로25길 2,서울,동작구,상도동
웅이네오돌뼈닭발도-상도점,"{'lat': '37.4980312241079', 'lng': '126.945892053375'}","['한식', '야식', '프랜차이즈', '포장']","{'average_rating': 4.9, 'count': 1125, 'image_count': 963, 'reply_count': 2}",4.9,1125.0,963.0,2.0,37.4980312241079,126.945892053375,서울특별시 동작구 양녕로28길 42,서울,동작구,상도동
네모찹쌀탕수육-관악점,"{'lat': '37.4812601', 'lng': '126.92742955'}","['중국집', '분식', '고기/구이', '야식', '프랜차이즈']","{'average_rating': 5.0, 'count': 13, 'image_count': 10, 'reply_count': 0}",5.0,13.0,10.0,0.0,37.4812601,126.92742955,서울특별시 관악구 신원로3가길 8,서울,관악구,신림동
청년다방-봉천현대점,"{'lat': '37.48589032673407', 'lng': '126.94673976355125'}","['분식', '프랜차이즈', '치킨', '포장']","{'average_rating': 4.9, 'count': 145, 'image_count': 143, 'reply_count': 82}",4.9,145.0,143.0,82.0,37.48589032673407,126.94673976355124,서울특별시 관악구 양녕로 41-1,서울,관악구,봉천동
김치돼학교-신림캠퍼스점,"{'lat': '37.479343', 'lng': '126.9269165'}","['찜/탕', '한식', '포장', '1인분주문', '프랜차이즈', '다회용기']","{'average_rating': 4.8, 'count': 92, 'image_count': 83, 'reply_count': 83}",4.8,92.0,83.0,83.0,37.479343,126.9269165,서울특별시 관악구 문성로 209,서울,관악구,신림동
화덕에구운족발신선생-신림점,"{'lat': '37.4838062', 'lng': '126.92858965'}","['족발/보쌈', '고기/구이', '한식', '야식', '포장', '프랜차이즈']","{'average_rating': 4.9, 'count': 32, 'image_count': 31, 'reply_count': 0}",4.9,32.0,31.0,0.0,37.4838062,126.92858965,서울특별시 관악구 남부순환로 1600-1,서울,관악구,신림동
롯데리아-봉천역점,"{'lat': '37.4821778950748', 'lng': '126.941632177411'}","['버거', '프랜차이즈', '치킨']","{'average_rating': 4.7, 'count': 1951, 'image_count': 1157, 'reply_count': 9}",4.7,1951.0,1157.0,9.0,37.4821778950748,126.941632177411,서울특별시 관악구 남부순환로 1724,서울,관악구,봉천동
파스타입니다-신림점,"{'lat': '37.4797853', 'lng': '126.94277726'}","['피자/양식', '포장', '야식', '프랜차이즈', '1인분주문']","{'average_rating': 4.8, 'count': 50, 'image_count': 32, 'reply_count': 46}",4.8,50.0,32.0,46.0,37.4797853,126.94277726,서울특별시 관악구 쑥고개로 57,서울,관악구,봉천동
메가카츠-관악점,"{'lat': '37.4797687', 'lng': '126.95751774'}","['분식', '일식/돈까스', '도시락/죽', '포장', '1인분주문']","{'average_rating': 0.0, 'count': 0, 'image_count': 0, 'reply_count': 0}",0.0,0.0,0.0,0.0,37.4797687,126.95751774,서울특별시 관악구 남부순환로 1869,서울,관악구,봉천동
바싹순살핫후라이드치킨-신림점,"{'lat': '37.4844866', 'lng': '126.93582351'}","['분식', '야식', '치킨', '포장']","{'average_rating': 4.8, 'count': 160, 'image_count': 132, 'reply_count': 0}",4.8,160.0,132.0,0.0,37.4844866,126.93582351,서울특별시 관악구 남부순환로 1668,서울,관악구,신림동
혼밥쿵야-봉천점,"{'lat': '37.4839059', 'lng': '126.9399404'}","['한식', '고기/구이', '도시락/죽']","{'average_rating': 4.9, 'count': 221, 'image_count': 170, 'reply_count': 159}",4.9,221.0,170.0,159.0,37.4839059,126.9399404,서울특별시 관악구 봉천로 360-1,서울,관악구,봉천동
백년갈비탕-신대방직영점,"{'lat': '37.4862991', 'lng': '126.9052193'}","['찜/탕', '한식', '고기/구이', '야식', '포장', '1인분주문', '프랜차이즈']","{'average_rating': 4.9, 'count': 110, 'image_count': 94, 'reply_count': 110}",4.9,110.0,94.0,110.0,37.4862991,126.9052193,서울특별시 동작구 시흥대로 606,서울,동작구,신대방동
배스킨라빈스-보라매타운점,"{'lat': '37.49001574467', 'lng': '126.926669672757'}","['카페/디저트', '프랜차이즈', '포장']","{'average_rating': 4.7, 'count': 816, 'image_count': 403, 'reply_count': 0}",4.7,816.0,403.0,0.0,37.49001574467,126.926669672757,서울특별시 관악구 봉천로 223-1,서울,관악구,봉천동
가마솥에푹끓인김치찜&김치찌개,"{'lat': '37.484274076460956', 'lng': '126.9401948643586'}","['찜/탕', '한식', '일식/돈까스', '포장', '야식', '1인분주문']","{'average_rating': 4.9, 'count': 458, 'image_count': 400, 'reply_count': 437}",4.9,458.0,400.0,437.0,37.48427407646096,126.9401948643586,서울특별시 관악구 봉천로 359,서울,관악구,봉천동
지코바치킨-독산1호점,"{'lat': '37.477273', 'lng': '126.90354139'}","['포장', '야식', '프랜차이즈', '치킨']","{'average_rating': 4.9, 'count': 3298, 'image_count': 2774, 'reply_count': 0}",4.9,3298.0,2774.0,0.0,37.477273,126.90354139,서울특별시 금천구 독산로 341,서울,금천구,독산동
국밥넘버원,"{'lat': '37.489193', 'lng': '126.93024395'}","['찜/탕', '한식', '분식', '포장']","{'average_rating': 4.8, 'count': 49, 'image_count': 50, 'reply_count': 40}",4.8,49.0,50.0,40.0,37.489193,126.93024395,서울특별시 관악구 봉천로13길 9,서울,관악구,봉천동
쥬씨-차얌구로깔깔거리점,"{'lat': '37.4831298', 'lng': '126.90043231'}","['카페/디저트', '포장', '프랜차이즈']","{'average_rating': 4.9, 'count': 180, 'image_count': 135, 'reply_count': 0}",4.9,180.0,135.0,0.0,37.4831298,126.90043231,서울특별시 구로구 디지털로32길 93,서울,구로구,구로동
피자먹다-서울대점,"{'lat': '37.4694188', 'lng': '126.9376692'}","['피자/양식', '샐러드', '포장', '카페/디저트', '프랜차이즈']","{'average_rating': 5.0, 'count': 39, 'image_count': 27, 'reply_count': 0}",5.0,39.0,27.0,0.0,37.4694188,126.9376692,서울특별시 관악구 대학길 30,서울,관악구,신림동
하루한끼도시락-신림점,"{'lat': '37.4887849', 'lng': '126.92615021'}","['한식', '고기/구이', '도시락/죽', '포장', '1인분주문']","{'average_rating': 4.7, 'count': 34, 'image_count': 26, 'reply_count': 5}",4.7,34.0,26.0,5.0,37.4887849,126.92615021,서울특별시 관악구 관천로22길 67,서울,관악구,신림동
쌈겹 조합의 달인-관악직영점,"{'lat': '37.483194516786824', 'lng': '126.94515672134224'}","['한식', '고기/구이', '야식', '도시락/죽', '포장']","{'average_rating': 4.7, 'count': 24, 'image_count': 12, 'reply_count': 20}",4.7,24.0,12.0,20.0,37.48319451678682,126.94515672134224,서울특별시 관악구 봉천로 407,서울,관악구,봉천동
초선마라-관악봉천점,"{'lat': '37.4812972', 'lng': '126.94664876'}","['중국집', '야식', '찜/탕', '아시안', '포장']","{'average_rating': 5.0, 'count': 609, 'image_count': 529, 'reply_count': 448}",5.0,609.0,529.0,448.0,37.4812972,126.94664876,서울특별시 관악구 청룡1길 7,서울,관악구,봉천동
초밥24-신대방점,"{'lat': '37.4980011', 'lng': '126.92820391'}","['일식/돈까스', '회/초밥', '포장', '고기/구이']","{'average_rating': 5.0, 'count': 539, 'image_count': 487, 'reply_count': 528}",5.0,539.0,487.0,528.0,37.4980011,126.92820391,서울특별시 동작구 보라매로 98,서울,동작구,신대방동
교촌치킨-신림1호점,"{'lat': '37.4859135', 'lng': '126.9134476'}","['프랜차이즈', '치킨']","{'average_rating': 4.8, 'count': 1161, 'image_count': 864, 'reply_count': 712}",4.8,1161.0,864.0,712.0,37.4859135,126.9134476,서울특별시 관악구 난곡로 357,서울,관악구,신림동
닭떼목장-본점,"{'lat': '37.4871131793003', 'lng': '126.92833787350921'}","['찜/탕', '한식', '포장', '1인분주문']","{'average_rating': 5.0, 'count': 439, 'image_count': 338, 'reply_count': 439}",5.0,439.0,338.0,439.0,37.4871131793003,126.9283378735092,서울특별시 관악구 신림동1길 7,서울,관악구,신림동
더본쭈꾸미-관악점,"{'lat': '37.4794155', 'lng': '126.94194469'}","['찜/탕', '한식', '분식', '야식', '포장', '프랜차이즈']","{'average_rating': 4.9, 'count': 66, 'image_count': 54, 'reply_count': 32}",4.9,66.0,54.0,32.0,37.4794155,126.94194469,서울특별시 관악구 쑥고개로 48,서울,관악구,봉천동
신전떡볶이-관악점,"{'lat': '37.4801720912442', 'lng': '126.945924539241'}","['포장', '분식', '프랜차이즈']","{'average_rating': 4.7, 'count': 1218, 'image_count': 823, 'reply_count': 0}",4.7,1218.0,823.0,0.0,37.4801720912442,126.945924539241,서울특별시 관악구 청룡길 38,서울,관악구,봉천동
BRsingles-신림역사거리점,"{'lat': '37.4843023', 'lng': '126.92844247'}","['카페/디저트', '프랜차이즈', '포장', '1인분주문']","{'average_rating': 0.0, 'count': 0, 'image_count': 0, 'reply_count': 0}",0.0,0.0,0.0,0.0,37.4843023,126.92844247,서울특별시 관악구 남부순환로 1601,서울,관악구,신림동
강남쌀국수-서울대입구점,"{'lat': '37.4826851', 'lng': '126.95631086'}","['아시안', '한식', '분식', '야식', '포장', '프랜차이즈']","{'average_rating': 4.9, 'count': 51, 'image_count': 40, 'reply_count': 9}",4.9,51.0,40.0,9.0,37.4826851,126.95631086,서울특별시 관악구 행운1길 94,서울,관악구,봉천동
취향저격국밥왕,"{'lat': '37.489193', 'lng': '126.93024395'}","['찜/탕', '한식', '고기/구이', '포장', '1인분주문']","{'average_rating': 4.9, 'count': 145, 'image_count': 111, 'reply_count': 25}",4.9,145.0,111.0,25.0,37.489193,126.93024395,서울특별시 관악구 봉천로13길 9,서울,관악구,봉천동
파리바게뜨-보라매타운점,"{'lat': '37.49190170797857', 'lng': '126.92539887847946'}","['카페/디저트', '프랜차이즈']","{'average_rating': 4.8, 'count': 31, 'image_count': 30, 'reply_count': 0}",4.8,31.0,30.0,0.0,37.49190170797857,126.92539887847946,서울특별시 동작구 보라매로5가길 7,서울,동작구,신대방동
큰집치킨,"{'lat': '37.4860180281577', 'lng': '126.939843313115'}","['치킨', '1인분주문']","{'average_rating': 4.9, 'count': 592, 'image_count': 469, 'reply_count': 510}",4.9,592.0,469.0,510.0,37.4860180281577,126.939843313115,서울특별시 관악구 은천로 40-1,서울,관악구,봉천동
원할머니보쌈-보라매점,"{'lat': '37.4912752', 'lng': '126.92409466'}","['족발/보쌈', '프랜차이즈', '포장', '한식', '1인분주문']","{'average_rating': 4.9, 'count': 15, 'image_count': 13, 'reply_count': 7}",4.9,15.0,13.0,7.0,37.4912752,126.92409466,서울특별시 동작구 보라매로5가길 16,서울,동작구,신대방동
1인피자혼자와썹-본점,"{'lat': '37.4884326', 'lng': '126.90787864'}","['피자/양식', '야식', '포장', '프랜차이즈']","{'average_rating': 4.9, 'count': 143, 'image_count': 131, 'reply_count': 63}",4.9,143.0,131.0,63.0,37.4884326,126.90787864,서울특별시 동작구 신대방3길 73,서울,동작구,신대방동
차담냉면-관악본점,"{'lat': '37.4889407', 'lng': '126.92675922'}","['한식', '일식/돈까스', '포장', '분식', '야식', '1인분주문', '신규맛집']","{'average_rating': 5.0, 'count': 2, 'image_count': 3, 'reply_count': 0}",5.0,2.0,3.0,0.0,37.4889407,126.92675922,서울특별시 관악구 봉천로8길 12,서울,관악구,신림동
또래오래-신림중앙점,"{'lat': '37.469700178185', 'lng': '126.919099573055'}","['야식', '프랜차이즈', '치킨', '포장']","{'average_rating': 4.9, 'count': 9393, 'image_count': 7459, 'reply_count': 61}",4.9,9393.0,7459.0,61.0,37.469700178185,126.919099573055,서울특별시 관악구 난곡로 167,서울,관악구,신림동
이찜저찜,"{'lat': '37.4902401', 'lng': '126.92784099'}","['찜/탕', '한식', '포장', '신규맛집']","{'average_rating': 0.0, 'count': 0, 'image_count': 0, 'reply_count': 0}",0.0,0.0,0.0,0.0,37.4902401,126.92784099,서울특별시 관악구 보라매로 8,서울,관악구,봉천동
올루올루베이글샌드위치&스무디-서울대입구점,"{'lat': '37.4809131', 'lng': '126.95448608'}","['카페/디저트', '포장', '야식']","{'average_rating': 5.0, 'count': 2, 'image_count': 1, 'reply_count': 1}",5.0,2.0,1.0,1.0,37.4809131,126.95448608,서울특별시 관악구 남부순환로 1837,서울,관악구,봉천동
모락국밥-신림점,"{'lat': '37.4824783', 'lng': '126.9295042'}","['찜/탕', '한식', '고기/구이', '포장', '야식', '프랜차이즈']","{'average_rating': 4.2, 'count': 14, 'image_count': 11, 'reply_count': 1}",4.2,14.0,11.0,1.0,37.4824783,126.9295042,서울특별시 관악구 신림로59길 15-20,서울,관악구,신림동
동해마라탕&양꼬치&요리,"{'lat': '37.4819316973526', 'lng': '126.941343526321'}","['중국집', '찜/탕', '아시안', '포장']","{'average_rating': 4.7, 'count': 221, 'image_count': 165, 'reply_count': 8}",4.7,221.0,165.0,8.0,37.4819316973526,126.941343526321,서울특별시 관악구 장군봉1길 21,서울,관악구,봉천동
무한대로삼겹살-관악신림점,"{'lat': '37.4871239', 'lng': '126.92836606'}","['한식', '고기/구이', '포장', '1인분주문', '신규맛집']","{'average_rating': 0.0, 'count': 0, 'image_count': 0, 'reply_count': 0}",0.0,0.0,0.0,0.0,37.4871239,126.92836606,서울특별시 관악구 신림동1길 7,서울,관악구,신림동
오하요라멘,"{'lat': '37.4992347', 'lng': '126.9275198'}","['한식', '분식', '일식/돈까스', '1인분주문']","{'average_rating': 4.9, 'count': 545, 'image_count': 468, 'reply_count': 157}",4.9,545.0,468.0,157.0,37.4992347,126.9275198,서울특별시 동작구 여의대방로24길 133,서울,동작구,대방동
새마을옛날통닭-관악점,"{'lat': '37.4835787', 'lng': '126.94354311'}","['피자/양식', '치킨', '포장', '프랜차이즈', '신규맛집']","{'average_rating': 4.8, 'count': 10, 'image_count': 10, 'reply_count': 10}",4.8,10.0,10.0,10.0,37.4835787,126.94354311,서울특별시 관악구 봉천로33길 7,서울,관악구,봉천동
숯불고기냉면-관악점,"{'lat': '37.4902634235831', 'lng': '126.929211188034'}","['한식', '프랜차이즈', '고기/구이']","{'average_rating': 4.9, 'count': 702, 'image_count': 523, 'reply_count': 71}",4.9,702.0,523.0,71.0,37.4902634235831,126.929211188034,서울특별시 관악구 당곡길 22,서울,관악구,봉천동
동대문엽기떡볶이-보라매역점,"{'lat': '37.4994815', 'lng': '126.92002365'}","['분식', '프랜차이즈', '포장']","{'average_rating': 4.9, 'count': 277, 'image_count': 231, 'reply_count': 0}",4.9,277.0,231.0,0.0,37.4994815,126.92002365,서울특별시 영등포구 여의대방로 137,서울,영등포구,신길동
감자탕골목뼈찜대장,"{'lat': '37.4867575', 'lng': '126.94058449'}","['족발/보쌈', '한식', '찜/탕', '포장', '야식', '1인분주문']","{'average_rating': 4.9, 'count': 547, 'image_count': 407, 'reply_count': 300}",4.9,547.0,407.0,300.0,37.4867575,126.94058449,서울특별시 관악구 국회단지2길 19,서울,관악구,봉천동
파스타보이-봉천점,"{'lat': '37.4836128', 'lng': '126.94549099'}","['피자/양식', '포장', '1인분주문', '신규맛집']","{'average_rating': 5.0, 'count': 5, 'image_count': 3, 'reply_count': 5}",5.0,5.0,3.0,5.0,37.4836128,126.94549099,서울특별시 관악구 양녕로1길 18,서울,관악구,봉천동
포시즌버거,"{'lat': '37.4791325', 'lng': '126.95595821'}","['피자/양식', '버거', '분식', '야식', '포장']","{'average_rating': 4.9, 'count': 1115, 'image_count': 975, 'reply_count': 976}",4.9,1115.0,975.0,976.0,37.4791325,126.95595821,서울특별시 관악구 봉천로 524,서울,관악구,봉천동
국제시장육회와연어,"{'lat': '37.4700190697666', 'lng': '126.933912113111'}","['회/초밥', '일식/돈까스', '야식', '포장']","{'average_rating': 4.9, 'count': 94, 'image_count': 99, 'reply_count': 4}",4.9,94.0,99.0,4.0,37.4700190697666,126.933912113111,서울특별시 관악구 호암로24길 11,서울,관악구,신림동
파리바게뜨-은천길입구점,"{'lat': '37.4865341', 'lng': '126.93539747'}","['카페/디저트', '프랜차이즈']","{'average_rating': 5.0, 'count': 19, 'image_count': 18, 'reply_count': 0}",5.0,19.0,18.0,0.0,37.4865341,126.93539747,서울특별시 관악구 은천로 1,서울,관악구,봉천동
이불속제육볶음,"{'lat': '37.484597', 'lng': '126.92759424'}","['한식', '분식', '고기/구이', '포장', '야식', '신규맛집']","{'average_rating': 0.0, 'count': 0, 'image_count': 0, 'reply_count': 0}",0.0,0.0,0.0,0.0,37.484597,126.92759424,서울특별시 관악구 남부순환로 1597-11,서울,관악구,신림동
내가닭도리탕이다-서울신림점,"{'lat': '37.4782405', 'lng': '126.91473102'}","['찜/탕', '한식', '포장', '야식', '프랜차이즈']","{'average_rating': 5.0, 'count': 1, 'image_count': 1, 'reply_count': 1}",5.0,1.0,1.0,1.0,37.4782405,126.91473102,서울특별시 관악구 난곡로51길 8,서울,관악구,신림동
천년명가닭강정-봉천점,"{'lat': '37.4813567', 'lng': '126.94227282'}","['분식', '고기/구이', '치킨', '포장', '야식']","{'average_rating': 5.0, 'count': 4, 'image_count': 4, 'reply_count': 4}",5.0,4.0,4.0,4.0,37.4813567,126.94227282,서울특별시 관악구 쑥고개로11길 37,서울,관악구,봉천동
순자네국밥집-서울대입구역점,"{'lat': '37.4805773', 'lng': '126.94742874'}","['찜/탕', '한식', '야식', '포장', '프랜차이즈']","{'average_rating': 4.8, 'count': 8, 'image_count': 6, 'reply_count': 0}",4.8,8.0,6.0,0.0,37.4805773,126.94742874,서울특별시 관악구 청룡3길 22,서울,관악구,봉천동
도래곱창-신림점,"{'lat': '37.4693353', 'lng': '126.93633444'}","['한식', '고기/구이', '야식', '포장', '프랜차이즈', '1인분주문']","{'average_rating': 4.9, 'count': 42, 'image_count': 38, 'reply_count': 0}",4.9,42.0,38.0,0.0,37.4693353,126.93633444,서울특별시 관악구 신림로17길 32,서울,관악구,신림동
리얼안심&찹쌀탕수육-봉천점,"{'lat': '37.4686624', 'lng': '126.93886341'}","['포장', '중국집', '야식', '프랜차이즈']","{'average_rating': 4.7, 'count': 786, 'image_count': 519, 'reply_count': 2}",4.7,786.0,519.0,2.0,37.4686624,126.93886341,서울특별시 관악구 신림로11길 41,서울,관악구,신림동
요아정-신대방삼거리점,"{'lat': '37.4998619', 'lng': '126.92877557'}","['카페/디저트', '야식', '포장', '프랜차이즈']","{'average_rating': 4.9, 'count': 71, 'image_count': 69, 'reply_count': 0}",4.9,71.0,69.0,0.0,37.4998619,126.92877557,서울특별시 동작구 상도로 73,서울,동작구,대방동
더맛있는족발보쌈-봉천현대시장점,"{'lat': '37.4856443', 'lng': '126.94701751'}","['한식', '고기/구이', '족발/보쌈', '포장', '야식', '프랜차이즈']","{'average_rating': 4.9, 'count': 81, 'image_count': 68, 'reply_count': 66}",4.9,81.0,68.0,66.0,37.4856443,126.94701751,서울특별시 관악구 양녕로 40-1,서울,관악구,봉천동
BBQ-봉천사랑점,"{'lat': '37.4880587', 'lng': '126.93201929'}","['포장', '프랜차이즈', '치킨']","{'average_rating': 4.9, 'count': 7, 'image_count': 3, 'reply_count': 0}",4.9,7.0,3.0,0.0,37.4880587,126.93201929,서울특별시 관악구 봉천로17길 4,서울,관악구,봉천동
바른고기숯불양념갈비,"{'lat': '37.4853989', 'lng': '126.95637958'}","['한식', '고기/구이', '포장', '1인분주문']","{'average_rating': 4.9, 'count': 348, 'image_count': 286, 'reply_count': 298}",4.9,348.0,286.0,298.0,37.4853989,126.95637958,서울특별시 관악구 관악로 236,서울,관악구,봉천동
탄투니케밥,"{'lat': '37.4815213', 'lng': '126.95322728'}","['피자/양식', '포장', '야식']","{'average_rating': 4.8, 'count': 4, 'image_count': 5, 'reply_count': 0}",4.8,4.0,5.0,0.0,37.4815213,126.95322728,서울특별시 관악구 관악로 184,서울,관악구,봉천동
장가네제육,"{'lat': '37.4694251', 'lng': '126.93682958'}","['한식', '분식', '고기/구이', '포장', '야식']","{'average_rating': 4.9, 'count': 79, 'image_count': 57, 'reply_count': 0}",4.9,79.0,57.0,0.0,37.4694251,126.93682958,서울특별시 관악구 호암로24길 65,서울,관악구,신림동
프레퍼스다이어트푸드-서울대입구직영점,"{'lat': '37.4789168', 'lng': '126.95262093'}","['피자/양식', '샐러드', '카페/디저트', '포장', '프랜차이즈']","{'average_rating': 4.9, 'count': 113, 'image_count': 90, 'reply_count': 77}",4.9,113.0,90.0,77.0,37.4789168,126.95262093,서울특별시 관악구 관악로 154,서울,관악구,봉천동
"옥수동돼치집,돼지와김치의완벽한비율을찾다-관악점","{'lat': '37.4881203', 'lng': '126.9255175'}","['찜/탕', '한식', '도시락/죽', '포장', '야식', '프랜차이즈']","{'average_rating': 4.9, 'count': 150, 'image_count': 123, 'reply_count': 146}",4.9,150.0,123.0,146.0,37.4881203,126.9255175,서울특별시 관악구 봉천로6길 36,서울,관악구,신림동
서촌삼계탕-본점,"{'lat': '37.4791602', 'lng': '126.92958616'}","['찜/탕', '한식', '야식', '도시락/죽', '포장']","{'average_rating': 4.9, 'count': 184, 'image_count': 135, 'reply_count': 161}",4.9,184.0,135.0,161.0,37.4791602,126.92958616,서울특별시 관악구 문성로 233,서울,관악구,신림동
아가씨분식,"{'lat': '37.4832817', 'lng': '126.94627803'}","['한식', '분식']","{'average_rating': 4.8, 'count': 421, 'image_count': 337, 'reply_count': 88}",4.8,421.0,337.0,88.0,37.4832817,126.94627803,서울특별시 관악구 양녕로 13,서울,관악구,봉천동
지코바치킨-신림1호점,"{'lat': '37.4694926321465', 'lng': '126.934880626678'}","['프랜차이즈', '치킨', '포장']","{'average_rating': 4.9, 'count': 774, 'image_count': 646, 'reply_count': 255}",4.9,774.0,646.0,255.0,37.4694926321465,126.934880626678,서울특별시 관악구 호암로24길 32,서울,관악구,신림동
서울제육-신림점,"{'lat': '37.4874494', 'lng': '126.93312628'}","['한식', '고기/구이', '도시락/죽', '1인분주문']","{'average_rating': 5.0, 'count': 49, 'image_count': 34, 'reply_count': 49}",5.0,49.0,34.0,49.0,37.4874494,126.93312628,서울특별시 관악구 봉천로 287,서울,관악구,봉천동
파리바게뜨-신림신원점,"{'lat': '37.4795736', 'lng': '126.92815414'}","['카페/디저트', '프랜차이즈']","{'average_rating': 5.0, 'count': 3, 'image_count': 4, 'reply_count': 0}",5.0,3.0,4.0,0.0,37.4795736,126.92815414,서울특별시 관악구 신원로 2,서울,관악구,신림동
순자네국밥집-본점,"{'lat': '37.4805773', 'lng': '126.94742874'}","['찜/탕', '한식', '야식', '포장', '프랜차이즈']","{'average_rating': 5.0, 'count': 7, 'image_count': 3, 'reply_count': 4}",5.0,7.0,3.0,4.0,37.4805773,126.94742874,서울특별시 관악구 청룡3길 22,서울,관악구,봉천동
어시장활어회(테이크아웃전문점),"{'lat': '37.4859037899341', 'lng': '126.937878654107'}","['일식/돈까스', '야식', '회/초밥', '한식', '포장']","{'average_rating': 4.6, 'count': 708, 'image_count': 106, 'reply_count': 0}",4.6,708.0,106.0,0.0,37.4859037899341,126.937878654107,서울특별시 관악구 봉천로25길 13,서울,관악구,봉천동
이선생파스타-봉천점,"{'lat': '37.4854819', 'lng': '126.93790844'}","['피자/양식', '고기/구이', '야식', '포장', '1인분주문']","{'average_rating': 5.0, 'count': 20, 'image_count': 17, 'reply_count': 14}",5.0,20.0,17.0,14.0,37.4854819,126.93790844,서울특별시 관악구 봉천로25길 4,서울,관악구,봉천동
BHC-상도점,"{'lat': '37.4989724', 'lng': '126.93958825'}","['프랜차이즈', '치킨', '포장']","{'average_rating': 4.9, 'count': 1433, 'image_count': 1242, 'reply_count': 0}",4.9,1433.0,1242.0,0.0,37.4989724,126.93958825,서울특별시 동작구 성대로 167,서울,동작구,상도동
카레세끼매운숙성카레-봉천점,"{'lat': '37.4857499', 'lng': '126.94071559'}","['일식/돈까스', '프랜차이즈', '포장']","{'average_rating': 5.0, 'count': 4, 'image_count': 5, 'reply_count': 0}",5.0,4.0,5.0,0.0,37.4857499,126.94071559,서울특별시 관악구 봉천로27길 41,서울,관악구,봉천동
마라촌마라탕-신대방역점,"{'lat': '37.48633674334252', 'lng': '126.9134629612828'}","['중국집', '아시안', '포장']","{'average_rating': 4.9, 'count': 794, 'image_count': 782, 'reply_count': 269}",4.9,794.0,782.0,269.0,37.48633674334252,126.9134629612828,서울특별시 관악구 난곡로 363,서울,관악구,신림동
순자네국밥집-관악점,"{'lat': '37.4805773', 'lng': '126.94742874'}","['찜/탕', '한식', '포장', '야식', '프랜차이즈']","{'average_rating': 4.3, 'count': 6, 'image_count': 6, 'reply_count': 0}",4.3,6.0,6.0,0.0,37.4805773,126.94742874,서울특별시 관악구 청룡3길 22,서울,관악구,봉천동
BRsingles-관악은천점,"{'lat': '37.4863519', 'lng': '126.93848947'}","['카페/디저트', '프랜차이즈', '포장', '1인분주문']","{'average_rating': 4.4, 'count': 5, 'image_count': 5, 'reply_count': 0}",4.4,5.0,5.0,0.0,37.4863519,126.93848947,서울특별시 관악구 은천로 27,서울,관악구,봉천동
김통삼삼겹살&김치구이-관악본점,"{'lat': '37.4832998', 'lng': '126.94697025'}","['한식', '고기/구이', '야식', '포장', '도시락/죽']","{'average_rating': 4.9, 'count': 40, 'image_count': 32, 'reply_count': 40}",4.9,40.0,32.0,40.0,37.4832998,126.94697025,서울특별시 관악구 양녕로2길 8,서울,관악구,봉천동
당당아구해물찜-본점,"{'lat': '37.5011074', 'lng': '126.93317412'}","['찜/탕', '한식', '포장', '1인분주문']","{'average_rating': 5.0, 'count': 348, 'image_count': 303, 'reply_count': 240}",5.0,348.0,303.0,240.0,37.5011074,126.93317412,서울특별시 동작구 상도로 116,서울,동작구,상도동
깻잎두마리치킨-서울대점,"{'lat': '37.4838649301733', 'lng': '126.946759532824'}","['프랜차이즈', '치킨', '야식', '포장']","{'average_rating': 4.9, 'count': 808, 'image_count': 668, 'reply_count': 2}",4.9,808.0,668.0,2.0,37.4838649301733,126.946759532824,서울특별시 관악구 양녕로 20-1,서울,관악구,봉천동
수북국밥&냉면-봉천점,"{'lat': '37.4834474', 'lng': '126.95572482'}","['한식', '포장', '찜/탕', '고기/구이', '프랜차이즈', '1인분주문']","{'average_rating': 4.8, 'count': 1703, 'image_count': 1230, 'reply_count': 1337}",4.8,1703.0,1230.0,1337.0,37.4834474,126.95572482,서울특별시 관악구 행운1마길 13,서울,관악구,봉천동
요미남파스타&리조또-금천점,"{'lat': '37.4767955', 'lng': '126.90726893'}","['피자/양식', '분식', '고기/구이', '포장']","{'average_rating': 5.0, 'count': 264, 'image_count': 239, 'reply_count': 158}",5.0,264.0,239.0,158.0,37.4767955,126.90726893,서울특별시 금천구 문성로 33,서울,금천구,독산동
화정족발이야기국내산족발본점,"{'lat': '37.5250009', 'lng': '126.89313106'}","['포장', '족발/보쌈', '야식']","{'average_rating': 4.8, 'count': 19992, 'image_count': 20620, 'reply_count': 14295}",4.8,19992.0,20620.0,14295.0,37.5250009,126.89313106,서울특별시 영등포구 양산로 91,서울,영등포구,당산동3가
배스킨라빈스-봉천현대점,"{'lat': '37.4869475888964', 'lng': '126.947928226427'}","['카페/디저트', '프랜차이즈', '포장']","{'average_rating': 4.7, 'count': 917, 'image_count': 467, 'reply_count': 9}",4.7,917.0,467.0,9.0,37.4869475888964,126.947928226427,서울특별시 관악구 은천로 113,서울,관악구,봉천동
건담떡볶이-봉천점,"{'lat': '37.4686384', 'lng': '126.93889933'}","['분식', '야식', '한식', '도시락/죽', '포장', '프랜차이즈']","{'average_rating': 5.0, 'count': 4, 'image_count': 6, 'reply_count': 0}",5.0,4.0,6.0,0.0,37.4686384,126.93889933,서울특별시 관악구 신림로11길 41,서울,관악구,신림동
삼겹김치볶음밥&컵밥천국,"{'lat': '37.5117833', 'lng': '126.94532642'}","['한식', '분식', '야식', '포장', '찜/탕']","{'average_rating': 4.7, 'count': 598, 'image_count': 283, 'reply_count': 485}",4.7,598.0,283.0,485.0,37.5117833,126.94532642,서울특별시 동작구 만양로14가길 4,서울,동작구,노량진동
닭플릭스-신림점,"{'lat': '37.4851007', 'lng': '126.93830627'}","['찜/탕', '한식', '고기/구이', '야식', '포장', '1인분주문']","{'average_rating': 4.9, 'count': 81, 'image_count': 60, 'reply_count': 23}",4.9,81.0,60.0,23.0,37.4851007,126.93830627,서울특별시 관악구 봉천로 341,서울,관악구,봉천동
또래오래-동작상도점,"{'lat': '37.5033895', 'lng': '126.94682351'}","['프랜차이즈', '치킨', '야식', '포장']","{'average_rating': 4.9, 'count': 1698, 'image_count': 1527, 'reply_count': 214}",4.9,1698.0,1527.0,214.0,37.5033895,126.94682351,서울특별시 동작구 양녕로 253-13,서울,동작구,상도1동
버거킹-신림역점(24),"{'lat': '37.4825754463389', 'lng': '126.930252882828'}","['버거', '야식', '프랜차이즈']","{'average_rating': 4.6, 'count': 3940, 'image_count': 2145, 'reply_count': 877}",4.6,3940.0,2145.0,877.0,37.4825754463389,126.930252882828,서울특별시 관악구 신림로 318,서울,관악구,신림동
킹짱이네오돌뼈&닭발,"{'lat': '37.4812601', 'lng': '126.92742955'}","['한식', '분식', '고기/구이', '야식']","{'average_rating': 5.0, 'count': 23, 'image_count': 19, 'reply_count': 0}",5.0,23.0,19.0,0.0,37.4812601,126.92742955,서울특별시 관악구 신원로3가길 8,서울,관악구,신림동
신길동매운짬뽕-신림점,"{'lat': '37.4833509', 'lng': '126.91869313'}","['중국집', '찜/탕', '아시안', '야식', '프랜차이즈', '신규맛집']","{'average_rating': 0.0, 'count': 0, 'image_count': 0, 'reply_count': 0}",0.0,0.0,0.0,0.0,37.4833509,126.91869313,서울특별시 관악구 관천로11길 112,서울,관악구,신림동
1인나혼자먹는다-관악점,"{'lat': '37.4794155', 'lng': '126.94194469'}","['찜/탕', '포장', '야식', '프랜차이즈', '한식', '분식']","{'average_rating': 4.8, 'count': 83, 'image_count': 82, 'reply_count': 42}",4.8,83.0,82.0,42.0,37.4794155,126.94194469,서울특별시 관악구 쑥고개로 48,서울,관악구,봉천동
다람쥐다과상점,"{'lat': '37.4854459', 'lng': '126.9331032'}","['카페/디저트', '포장']","{'average_rating': 0.0, 'count': 0, 'image_count': 0, 'reply_count': 0}",0.0,0.0,0.0,0.0,37.4854459,126.9331032,서울특별시 관악구 신림로64길 59,서울,관악구,신림동
자담치킨-신대방역점,"{'lat': '37.4868352906347', 'lng': '126.914757393136'}","['포장', '프랜차이즈', '치킨']","{'average_rating': 4.9, 'count': 2128, 'image_count': 1918, 'reply_count': 418}",4.9,2128.0,1918.0,418.0,37.4868352906347,126.914757393136,서울특별시 관악구 난곡로78길 20,서울,관악구,신림동
언양불고기-신림점,"{'lat': '37.4737154671894', 'lng': '126.931951980917'}","['한식', '야식', '고기/구이']","{'average_rating': 5.0, 'count': 3650, 'image_count': 2959, 'reply_count': 7}",5.0,3650.0,2959.0,7.0,37.4737154671894,126.931951980917,서울특별시 관악구 양산길 22,서울,관악구,신림동
2인같은1인야식뚝딱게장,"{'lat': '37.4797711537112', 'lng': '126.911739259336'}","['한식', '야식', '고기/구이', '찜/탕']","{'average_rating': 4.5, 'count': 661, 'image_count': 549, 'reply_count': 445}",4.5,661.0,549.0,445.0,37.4797711537112,126.911739259336,서울특별시 관악구 남부순환로142길 31,서울,관악구,신림동
벚꽃스시-동작점,"{'lat': '37.5038849', 'lng': '126.9427608'}","['한식', '일식/돈까스', '회/초밥', '포장', '프랜차이즈']","{'average_rating': 4.9, 'count': 402, 'image_count': 431, 'reply_count': 353}",4.9,402.0,431.0,353.0,37.5038849,126.9427608,서울특별시 동작구 상도로30길 40,서울,동작구,상도동
오분이네오븐볶음밥&필라프-관악점,"{'lat': '37.4789463', 'lng': '126.94764875'}","['피자/양식', '포장', '야식', '1인분주문']","{'average_rating': 4.7, 'count': 55, 'image_count': 42, 'reply_count': 52}",4.7,55.0,42.0,52.0,37.4789463,126.94764875,서울특별시 관악구 쑥고개로 100,서울,관악구,봉천동
죽이네,"{'lat': '37.4911482046109', 'lng': '126.940780432949'}","['한식', '야식']","{'average_rating': 4.8, 'count': 872, 'image_count': 680, 'reply_count': 349}",4.8,872.0,680.0,349.0,37.4911482046109,126.940780432949,서울특별시 관악구 국회단지27길 15,서울,관악구,봉천동
코리엔탈깻잎두마리치킨-봉천점,"{'lat': '37.4864689', 'lng': '126.93686058'}","['프랜차이즈', '치킨', '포장']","{'average_rating': 4.8, 'count': 323, 'image_count': 230, 'reply_count': 6}",4.8,323.0,230.0,6.0,37.4864689,126.93686058,서울특별시 관악구 은천로 13-1,서울,관악구,봉천동
배스킨라빈스-신대방역점,"{'lat': '37.4853708919588', 'lng': '126.913654791385'}","['카페/디저트', '프랜차이즈', '포장']","{'average_rating': 4.7, 'count': 1402, 'image_count': 863, 'reply_count': 73}",4.7,1402.0,863.0,73.0,37.4853708919588,126.913654791385,서울특별시 관악구 난곡로 351,서울,관악구,신림동
응급실국물떡볶이-서울보라매역점,"{'lat': '37.5037927', 'lng': '126.92151383'}","['한식', '분식', '프랜차이즈']","{'average_rating': 4.9, 'count': 387, 'image_count': 352, 'reply_count': 0}",4.9,387.0,352.0,0.0,37.5037927,126.92151383,서울특별시 영등포구 여의대방로 187,서울,영등포구,신길동
몬스터덮밥-구로금천점,"{'lat': '37.4811265', 'lng': '126.91421284'}","['한식', '고기/구이', '도시락/죽', '야식', '프랜차이즈', '1인분주문']","{'average_rating': 5.0, 'count': 345, 'image_count': 228, 'reply_count': 0}",5.0,345.0,228.0,0.0,37.4811265,126.91421284,서울특별시 관악구 난곡로63길 6,서울,관악구,신림동
오리야미-관악중앙점,"{'lat': '37.4861036', 'lng': '126.94985657'}","['한식', '고기/구이', '도시락/죽', '포장', '프랜차이즈']","{'average_rating': 4.9, 'count': 8, 'image_count': 7, 'reply_count': 8}",4.9,8.0,7.0,8.0,37.4861036,126.94985657,서울특별시 관악구 중앙길 100,서울,관악구,봉천동
카레는카레와-관악직영점,"{'lat': '37.4822944', 'lng': '126.92055544'}","['한식', '일식/돈까스', '포장']","{'average_rating': 4.9, 'count': 46, 'image_count': 34, 'reply_count': 0}",4.9,46.0,34.0,0.0,37.4822944,126.92055544,서울특별시 관악구 남부순환로172길 96,서울,관악구,신림동
동궁찜닭-상도점,"{'lat': '37.4996378788012', 'lng': '126.93294626617'}","['찜/탕', '한식', '프랜차이즈', '포장']","{'average_rating': 4.9, 'count': 1065, 'image_count': 860, 'reply_count': 874}",4.9,1065.0,860.0,874.0,37.4996378788012,126.93294626617,서울특별시 동작구 성대로 23,서울,동작구,상도동
2피자1치킨피자왕닭튀겨-관악점,"{'lat': '37.4835787', 'lng': '126.94354311'}","['피자/양식', '치킨', '포장', '프랜차이즈', '신규맛집']","{'average_rating': 4.9, 'count': 18, 'image_count': 15, 'reply_count': 18}",4.9,18.0,15.0,18.0,37.4835787,126.94354311,서울특별시 관악구 봉천로33길 7,서울,관악구,봉천동
도야짬뽕-봉천점,"{'lat': '37.4813158', 'lng': '126.94659007'}","['중국집', '프랜차이즈', '야식', '포장']","{'average_rating': 4.8, 'count': 44, 'image_count': 28, 'reply_count': 0}",4.8,44.0,28.0,0.0,37.4813158,126.94659007,서울특별시 관악구 청룡1길 7,서울,관악구,봉천동
가성빛피자-영등포점,"{'lat': '37.4875856', 'lng': '126.90896046'}","['피자/양식', '분식', '치킨', '포장', '야식']","{'average_rating': 5.0, 'count': 38, 'image_count': 38, 'reply_count': 34}",5.0,38.0,38.0,34.0,37.4875856,126.90896046,서울특별시 동작구 대림로 40-1,서울,동작구,신대방동
더맛있는족발보쌈-신림녹두점,"{'lat': '37.4695967', 'lng': '126.9354996'}","['족발/보쌈', '고기/구이', '한식', '야식', '포장', '프랜차이즈']","{'average_rating': 5.0, 'count': 63, 'image_count': 65, 'reply_count': 31}",5.0,63.0,65.0,31.0,37.4695967,126.9354996,서울특별시 관악구 호암로24길 41,서울,관악구,신림동
제육참잘하는집-관악점,"{'lat': '37.4842091', 'lng': '126.94031621'}","['찜/탕', '한식', '고기/구이', '포장']","{'average_rating': 5.0, 'count': 82, 'image_count': 58, 'reply_count': 52}",5.0,82.0,58.0,52.0,37.4842091,126.94031621,서울특별시 관악구 봉천로 361,서울,관악구,봉천동
유명한간식마을,"{'lat': '37.4854459', 'lng': '126.9331032'}","['카페/디저트', '포장']","{'average_rating': 5.0, 'count': 1, 'image_count': 1, 'reply_count': 0}",5.0,1.0,1.0,0.0,37.4854459,126.9331032,서울특별시 관악구 신림로64길 59,서울,관악구,신림동
바로GO배달삼겹&냉면-관악본점,"{'lat': '37.4685704', 'lng': '126.93726426'}","['포장', '한식', '고기/구이', '야식', '찜/탕']","{'average_rating': 4.9, 'count': 1495, 'image_count': 1179, 'reply_count': 266}",4.9,1495.0,1179.0,266.0,37.4685704,126.93726426,서울특별시 관악구 호암로22길 81,서울,관악구,신림동
부르릉세마리가간닭-관악점,"{'lat': '37.4835787', 'lng': '126.94354311'}","['피자/양식', '치킨', '포장', '프랜차이즈', '신규맛집']","{'average_rating': 5.0, 'count': 13, 'image_count': 14, 'reply_count': 13}",5.0,13.0,14.0,13.0,37.4835787,126.94354311,서울특별시 관악구 봉천로33길 7,서울,관악구,봉천동
즐거울락곱새-신림점,"{'lat': '37.4887849', 'lng': '126.92615021'}","['찜/탕', '한식', '포장', '1인분주문']","{'average_rating': 5.0, 'count': 24, 'image_count': 16, 'reply_count': 7}",5.0,24.0,16.0,7.0,37.4887849,126.92615021,서울특별시 관악구 관천로22길 67,서울,관악구,신림동
베트남쌀국수몬스터Pho-금천점,"{'lat': '37.4784196', 'lng': '126.90358792'}","['아시안', '포장', '프랜차이즈', '한식', '분식']","{'average_rating': 4.9, 'count': 601, 'image_count': 530, 'reply_count': 597}",4.9,601.0,530.0,597.0,37.4784196,126.90358792,서울특별시 금천구 독산로 353,서울,금천구,독산동
낙곱상회-신림본점,"{'lat': '37.4752902', 'lng': '126.93016883'}","['찜/탕', '포장', '한식', '야식']","{'average_rating': 5.0, 'count': 6, 'image_count': 4, 'reply_count': 4}",5.0,6.0,4.0,4.0,37.4752902,126.93016883,서울특별시 관악구 문성로38길 70-4,서울,관악구,신림동
오늘은아구찜-본점,"{'lat': '37.4862780367727', 'lng': '126.947875816519'}","['한식', '찜/탕', '고기/구이', '포장']","{'average_rating': 4.9, 'count': 1205, 'image_count': 1060, 'reply_count': 573}",4.9,1205.0,1060.0,573.0,37.4862780367727,126.947875816519,서울특별시 관악구 중앙길 133,서울,관악구,봉천동
육회바른연어-신림역점,"{'lat': '37.4821884', 'lng': '126.93014844'}","['한식', '일식/돈까스', '회/초밥', '포장', '프랜차이즈']","{'average_rating': 5.0, 'count': 15, 'image_count': 11, 'reply_count': 15}",5.0,15.0,11.0,15.0,37.4821884,126.93014844,서울특별시 관악구 신림로 312,서울,관악구,신림동
은이국밥-서울2호점,"{'lat': '37.4762076', 'lng': '126.9034147'}","['찜/탕', '한식', '야식', '고기/구이', '포장', '1인분주문']","{'average_rating': 4.9, 'count': 358, 'image_count': 273, 'reply_count': 351}",4.9,358.0,273.0,351.0,37.4762076,126.9034147,서울특별시 금천구 독산로 329,서울,금천구,독산동
맨날커피,"{'lat': '37.4773009', 'lng': '126.93445619'}","['카페/디저트', '야식', '분식', '샌드위치']","{'average_rating': 4.9, 'count': 119, 'image_count': 85, 'reply_count': 0}",4.9,119.0,85.0,0.0,37.4773009,126.93445619,서울특별시 관악구 서원1길 29,서울,관악구,신림동
미슐랭면-서울대입구역점,"{'lat': '37.483663', 'lng': '126.95327959'}","['한식', '프랜차이즈', '포장', '신규맛집']","{'average_rating': 0.0, 'count': 0, 'image_count': 0, 'reply_count': 0}",0.0,0.0,0.0,0.0,37.483663,126.95327959,서울특별시 관악구 중앙1길 11,서울,관악구,봉천동
도로시파스타연정-관악점,"{'lat': '37.4837778', 'lng': '126.94018822'}","['피자/양식', '샐러드', '고기/구이', '포장', '야식', '프랜차이즈', '1인분주문']","{'average_rating': 5.0, 'count': 24, 'image_count': 20, 'reply_count': 0}",5.0,24.0,20.0,0.0,37.4837778,126.94018822,서울특별시 관악구 봉천로 362-1,서울,관악구,봉천동
잉치킨-구로신대방역점,"{'lat': '37.4856398', 'lng': '126.91402459'}","['치킨', '포장', '야식', '프랜차이즈', '신규맛집']","{'average_rating': 5.0, 'count': 1, 'image_count': 0, 'reply_count': 1}",5.0,1.0,0.0,1.0,37.4856398,126.91402459,서울특별시 관악구 난곡로 356,서울,관악구,신림동
맵달떡분식,"{'lat': '37.4862893', 'lng': '126.94041528'}","['한식', '분식', '야식', '포장', '1인분주문']","{'average_rating': 4.6, 'count': 7, 'image_count': 3, 'reply_count': 4}",4.6,7.0,3.0,4.0,37.4862893,126.94041528,서울특별시 관악구 은천로 45-1,서울,관악구,봉천동
감성낙곱새-신림점,"{'lat': '37.4871239', 'lng': '126.92836606'}","['찜/탕', '한식', '포장', '야식', '프랜차이즈', '1인분주문', '신규맛집']","{'average_rating': 5.0, 'count': 1, 'image_count': 1, 'reply_count': 1}",5.0,1.0,1.0,1.0,37.4871239,126.92836606,서울특별시 관악구 신림동1길 7,서울,관악구,신림동
원조엄마밥,"{'lat': '37.48439679159076', 'lng': '126.92268808845141'}","['한식', '분식', '고기/구이', '포장', '야식']","{'average_rating': 4.8, 'count': 109, 'image_count': 85, 'reply_count': 1}",4.8,109.0,85.0,1.0,37.48439679159076,126.9226880884514,서울특별시 관악구 남부순환로165길 19,서울,관악구,신림동
홍콩반점0410-관악구청점,"{'lat': '37.4786959', 'lng': '126.95253309'}","['중국집', '프랜차이즈']","{'average_rating': 4.7, 'count': 248, 'image_count': 207, 'reply_count': 113}",4.7,248.0,207.0,113.0,37.4786959,126.95253309,서울특별시 관악구 관악로 152,서울,관악구,봉천동
롯데리아-세이브마트점,"{'lat': '37.4742456', 'lng': '126.91761045'}","['버거', '프랜차이즈', '치킨']","{'average_rating': 4.7, 'count': 6861, 'image_count': 3678, 'reply_count': 5821}",4.7,6861.0,3678.0,5821.0,37.4742456,126.91761045,서울특별시 관악구 난곡로 220,서울,관악구,신림동
가장맛있는후라이드-신림2호점,"{'lat': '37.4716424', 'lng': '126.93235601'}","['분식', '야식', '치킨', '포장']","{'average_rating': 4.8, 'count': 18, 'image_count': 23, 'reply_count': 18}",4.8,18.0,23.0,18.0,37.4716424,126.93235601,서울특별시 관악구 양지길 14,서울,관악구,신림동
바나다커피-신림신원점,"{'lat': '37.4795954', 'lng': '126.92794476'}","['카페/디저트', '샌드위치', '포장', '1인분주문']","{'average_rating': 5.0, 'count': 104, 'image_count': 90, 'reply_count': 104}",5.0,104.0,90.0,104.0,37.4795954,126.92794476,서울특별시 관악구 신원로 1,서울,관악구,신림동
레전드고기한상-봉천점,"{'lat': '37.4819666', 'lng': '126.94117995'}","['한식', '프랜차이즈', '야식']","{'average_rating': 4.7, 'count': 32, 'image_count': 26, 'reply_count': 31}",4.7,32.0,26.0,31.0,37.4819666,126.94117995,서울특별시 관악구 장군봉1길 19,서울,관악구,봉천동
무한대로삼겹살-신림점,"{'lat': '37.4871239', 'lng': '126.92836606'}","['한식', '고기/구이', '포장', '야식', '1인분주문', '신규맛집']","{'average_rating': 0.0, 'count': 0, 'image_count': 0, 'reply_count': 0}",0.0,0.0,0.0,0.0,37.4871239,126.92836606,서울특별시 관악구 신림동1길 7,서울,관악구,신림동
청년곱도리탕-신림본점,"{'lat': '37.4752902', 'lng': '126.93016883'}","['찜/탕', '포장', '한식', '야식']","{'average_rating': 5.0, 'count': 67, 'image_count': 58, 'reply_count': 31}",5.0,67.0,58.0,31.0,37.4752902,126.93016883,서울특별시 관악구 문성로38길 70-4,서울,관악구,신림동
딥딥시카고-관악점,"{'lat': '37.4864689', 'lng': '126.93686058'}","['피자/양식', '포장', '프랜차이즈']","{'average_rating': 5.0, 'count': 2, 'image_count': 0, 'reply_count': 0}",5.0,2.0,0.0,0.0,37.4864689,126.93686058,서울특별시 관악구 은천로 13-1,서울,관악구,봉천동
모두뼈해장국,"{'lat': '37.4995806', 'lng': '126.93196063'}","['포장', '한식', '찜/탕']","{'average_rating': 4.8, 'count': 308, 'image_count': 245, 'reply_count': 308}",4.8,308.0,245.0,308.0,37.4995806,126.93196063,서울특별시 동작구 성대로2길 5,서울,동작구,상도동
상도고려왕족발보쌈애감자탕-대방점,"{'lat': '37.4992051', 'lng': '126.92765183'}","['포장', '한식', '족발/보쌈', '야식', '찜/탕']","{'average_rating': 4.8, 'count': 304, 'image_count': 261, 'reply_count': 118}",4.8,304.0,261.0,118.0,37.4992051,126.92765183,서울특별시 동작구 여의대방로24길 137,서울,동작구,대방동
BBQ-신림역점,"{'lat': '37.4836233', 'lng': '126.93048156'}","['포장', '프랜차이즈', '치킨']","{'average_rating': 4.5, 'count': 6, 'image_count': 3, 'reply_count': 0}",4.5,6.0,3.0,0.0,37.4836233,126.93048156,서울특별시 관악구 남부순환로180길 6,서울,관악구,신림동
남산왕돈까스-신림점,"{'lat': '37.4869099', 'lng': '126.93842962'}","['한식', '분식', '일식/돈까스', '포장', '프랜차이즈', '야식']","{'average_rating': 4.1, 'count': 11, 'image_count': 8, 'reply_count': 8}",4.1,11.0,8.0,8.0,37.4869099,126.93842962,서울특별시 관악구 봉천로23나길 53,서울,관악구,봉천동
로플봉봉,"{'lat': '37.48013040181282', 'lng': '126.92805869911105'}","['샐러드', '카페/디저트', '샌드위치', '포장', '야식']","{'average_rating': 5.0, 'count': 317, 'image_count': 315, 'reply_count': 309}",5.0,317.0,315.0,309.0,37.48013040181282,126.92805869911103,서울특별시 관악구 신원로 8-1,서울,관악구,신림동
전라도전통김치찜,"{'lat': '37.4857499', 'lng': '126.94071559'}","['찜/탕', '한식', '고기/구이', '야식', '포장', '신규맛집']","{'average_rating': 0.0, 'count': 0, 'image_count': 0, 'reply_count': 0}",0.0,0.0,0.0,0.0,37.4857499,126.94071559,서울특별시 관악구 봉천로27길 41,서울,관악구,봉천동
샤오바오우육면-봉천점,"{'lat': '37.4833505', 'lng': '126.94286352'}","['중국집', '한식', '야식', '아시안']","{'average_rating': 4.8, 'count': 519, 'image_count': 440, 'reply_count': 1}",4.8,519.0,440.0,1.0,37.4833505,126.94286352,서울특별시 관악구 봉천로 385,서울,관악구,봉천동
네네치킨-상도2호점,"{'lat': '37.4978752', 'lng': '126.93480528'}","['프랜차이즈', '치킨', '포장']","{'average_rating': 4.9, 'count': 396, 'image_count': 290, 'reply_count': 11}",4.9,396.0,290.0,11.0,37.4978752,126.93480528,서울특별시 동작구 성대로 75,서울,동작구,상도동
기떡찜-신대방점,"{'lat': '37.482506', 'lng': '126.91001443'}","['찜/탕', '한식', '분식', '프랜차이즈', '포장']","{'average_rating': 4.8, 'count': 10, 'image_count': 15, 'reply_count': 0}",4.8,10.0,15.0,0.0,37.482506,126.91001443,서울특별시 관악구 조원로14길 27,서울,관악구,신림동
노량진수산시장삼천포수산,"{'lat': '37.5148237', 'lng': '126.93797594'}","['포장', '일식/돈까스', '회/초밥']","{'average_rating': 4.9, 'count': 398, 'image_count': 436, 'reply_count': 69}",4.9,398.0,436.0,69.0,37.5148237,126.93797594,서울특별시 동작구 노들로 674,서울,동작구,노량진동
한양카츠-관악점,"{'lat': '37.4797687', 'lng': '126.95751774'}","['한식', '분식', '일식/돈까스', '포장', '1인분주문']","{'average_rating': 5.0, 'count': 25, 'image_count': 20, 'reply_count': 0}",5.0,25.0,20.0,0.0,37.4797687,126.95751774,서울특별시 관악구 남부순환로 1869,서울,관악구,봉천동
해장요리전문점해장쿡-본점,"{'lat': '37.4791397', 'lng': '126.94093445'}","['찜/탕', '한식', '야식', '포장', '프랜차이즈']","{'average_rating': 4.9, 'count': 2359, 'image_count': 1670, 'reply_count': 465}",4.9,2359.0,1670.0,465.0,37.4791397,126.94093445,서울특별시 관악구 쑥고개로 39,서울,관악구,봉천동
진교동한우곱도리탕-관악점,"{'lat': '37.4865123', 'lng': '126.9416755'}","['찜/탕', '한식', '포장']","{'average_rating': 4.5, 'count': 2, 'image_count': 2, 'reply_count': 0}",4.5,2.0,2.0,0.0,37.4865123,126.9416755,서울특별시 관악구 국회단지2길 40,서울,관악구,봉천동
옐로우파스타-신림점,"{'lat': '37.48737501892205', 'lng': '126.93318452680533'}","['피자/양식', '샐러드', '고기/구이', '야식', '포장']","{'average_rating': 5.0, 'count': 4, 'image_count': 3, 'reply_count': 4}",5.0,4.0,3.0,4.0,37.48737501892205,126.93318452680532,서울특별시 관악구 봉천로 287-1,서울,관악구,봉천동
스트릿캔-신림점,"{'lat': '37.4843413', 'lng': '126.93400079'}","['카페/디저트', '포장', '야식', '프랜차이즈']","{'average_rating': 4.8, 'count': 8, 'image_count': 7, 'reply_count': 0}",4.8,8.0,7.0,0.0,37.4843413,126.93400079,서울특별시 관악구 남부순환로190길 6,서울,관악구,신림동
진격의곱창-신림점,"{'lat': '37.4828554683663', 'lng': '126.926803682844'}","['한식', '고기/구이', '분식']","{'average_rating': 4.8, 'count': 49, 'image_count': 32, 'reply_count': 0}",4.8,49.0,32.0,0.0,37.4828554683663,126.926803682844,서울특별시 관악구 관천로 37-1,서울,관악구,신림동
피나치공-서울봉천점,"{'lat': '37.4729012', 'lng': '126.96611959'}","['피자/양식', '프랜차이즈', '치킨', '포장', '야식']","{'average_rating': 4.9, 'count': 1001, 'image_count': 991, 'reply_count': 997}",4.9,1001.0,991.0,997.0,37.4729012,126.96611959,서울특별시 관악구 남부순환로248길 78,서울,관악구,봉천동
놀부김치찜-신림점,"{'lat': '37.4766535', 'lng': '126.9375515'}","['찜/탕', '한식', '프랜차이즈', '야식']","{'average_rating': 4.9, 'count': 67, 'image_count': 60, 'reply_count': 0}",4.9,67.0,60.0,0.0,37.4766535,126.9375515,서울특별시 관악구 신림로38길 1,서울,관악구,신림동
국대김치찜-봉천점,"{'lat': '37.477889', 'lng': '126.94185505'}","['찜/탕', '한식', '프랜차이즈', '포장', '1인분주문', '야식']","{'average_rating': 4.8, 'count': 92, 'image_count': 95, 'reply_count': 0}",4.8,92.0,95.0,0.0,37.477889,126.94185505,서울특별시 관악구 참숯1길 19,서울,관악구,봉천동
요아정-난곡사거리점,"{'lat': '37.4807744', 'lng': '126.91493522'}","['포장', '카페/디저트', '프랜차이즈', '야식']","{'average_rating': 5.0, 'count': 2, 'image_count': 2, 'reply_count': 0}",5.0,2.0,2.0,0.0,37.4807744,126.91493522,서울특별시 관악구 난곡로 300,서울,관악구,신림동
못말리는파닭-신림점,"{'lat': '37.4813013578555', 'lng': '126.92744309648'}","['야식', '치킨', '포장']","{'average_rating': 4.6, 'count': 154, 'image_count': 46, 'reply_count': 0}",4.6,154.0,46.0,0.0,37.4813013578555,126.92744309648,서울특별시 관악구 신원로3가길 8,서울,관악구,신림동
미미사천마라탕-신림점,"{'lat': '37.4808766', 'lng': '126.91269398'}","['중국집', '야식', '찜/탕', '아시안', '포장']","{'average_rating': 4.9, 'count': 66, 'image_count': 72, 'reply_count': 65}",4.9,66.0,72.0,65.0,37.4808766,126.91269398,서울특별시 관악구 난곡로63길 34,서울,관악구,신림동
피자마루-성대시장점,"{'lat': '37.4992384', 'lng': '126.93296635'}","['피자/양식', '프랜차이즈', '포장']","{'average_rating': 4.8, 'count': 1333, 'image_count': 903, 'reply_count': 1331}",4.8,1333.0,903.0,1331.0,37.4992384,126.93296635,서울특별시 동작구 성대로 30,서울,동작구,상도동
두찜-관악난곡점,"{'lat': '37.469700178185', 'lng': '126.919099573055'}","['찜/탕', '한식', '프랜차이즈', '포장']","{'average_rating': 4.9, 'count': 578, 'image_count': 549, 'reply_count': 155}",4.9,578.0,549.0,155.0,37.469700178185,126.919099573055,서울특별시 관악구 난곡로 167,서울,관악구,신림동
긴말하지않겠다냉면-봉천점,"{'lat': '37.4819666', 'lng': '126.94117995'}","['한식', '프랜차이즈', '야식']","{'average_rating': 4.9, 'count': 57, 'image_count': 47, 'reply_count': 55}",4.9,57.0,47.0,55.0,37.4819666,126.94117995,서울특별시 관악구 장군봉1길 19,서울,관악구,봉천동
마왕족발-신길대방점,"{'lat': '37.503569', 'lng': '126.92194389'}","['족발/보쌈', '프랜차이즈', '포장', '도시락/죽', '한식']","{'average_rating': 5.0, 'count': 1485, 'image_count': 1619, 'reply_count': 110}",5.0,1485.0,1619.0,110.0,37.503569,126.92194389,서울특별시 동작구 여의대방로 188,서울,동작구,대방동
응급실국물떡볶이-서울대입구역점,"{'lat': '37.4837968728182', 'lng': '126.953385044384'}","['포장', '분식', '프랜차이즈']","{'average_rating': 4.8, 'count': 924, 'image_count': 718, 'reply_count': 252}",4.8,924.0,718.0,252.0,37.4837968728182,126.953385044384,서울특별시 관악구 중앙1길 12,서울,관악구,봉천동
돼찜돼지품은김치찜-본점,"{'lat': '37.488415', 'lng': '126.9582851'}","['찜/탕', '한식', '고기/구이', '야식', '포장', '1인분주문']","{'average_rating': 4.9, 'count': 182, 'image_count': 147, 'reply_count': 180}",4.9,182.0,147.0,180.0,37.488415,126.9582851,서울특별시 관악구 관악로 274,서울,관악구,봉천동
백종원의한신포차닭발&통닭-서울대입구역점,"{'lat': '37.4797194', 'lng': '126.95473657'}","['포장', '찜/탕', '한식', '프랜차이즈', '치킨', '야식', '신규맛집']","{'average_rating': 5.0, 'count': 2, 'image_count': 1, 'reply_count': 2}",5.0,2.0,1.0,2.0,37.4797194,126.95473657,서울특별시 관악구 관악로16길 38,서울,관악구,봉천동
대박삼겹김치찜&초대박등갈비김치찜-봉천점,"{'lat': '37.4857499', 'lng': '126.94071559'}","['한식', '프랜차이즈']","{'average_rating': 5.0, 'count': 23, 'image_count': 22, 'reply_count': 0}",5.0,23.0,22.0,0.0,37.4857499,126.94071559,서울특별시 관악구 봉천로27길 41,서울,관악구,봉천동
배스킨라빈스-보라매공원점,"{'lat': '37.4967791', 'lng': '126.91634037'}","['카페/디저트', '프랜차이즈', '포장']","{'average_rating': 4.8, 'count': 510, 'image_count': 311, 'reply_count': 0}",4.8,510.0,311.0,0.0,37.4967791,126.91634037,서울특별시 동작구 여의대방로 86-1,서울,동작구,신대방동
쉐이크쉑-신림점,"{'lat': '37.4838513411842', 'lng': '126.930234565071'}","['버거', '프랜차이즈']","{'average_rating': 4.6, 'count': 313, 'image_count': 245, 'reply_count': 204}",4.6,313.0,245.0,204.0,37.4838513411842,126.930234565071,서울특별시 관악구 신림로 330,서울,관악구,신림동
정직화벌집삼겹-신림봉천점,"{'lat': '37.4811059', 'lng': '126.94706859'}","['찜/탕', '한식', '고기/구이', '포장', '프랜차이즈', '신규맛집']","{'average_rating': 5.0, 'count': 2, 'image_count': 2, 'reply_count': 0}",5.0,2.0,2.0,0.0,37.4811059,126.94706859,서울특별시 관악구 청룡1길 16,서울,관악구,봉천동
찐태평양수산-노량진수산시장점,"{'lat': '37.5148237', 'lng': '126.93797594'}","['일식/돈까스', '회/초밥', '포장']","{'average_rating': 4.7, 'count': 194, 'image_count': 198, 'reply_count': 40}",4.7,194.0,198.0,40.0,37.5148237,126.93797594,서울특별시 동작구 노들로 674,서울,동작구,노량진동
스타동-봉천점,"{'lat': '37.4822061', 'lng': '126.94182944'}","['일식/돈까스', '포장', '프랜차이즈']","{'average_rating': 4.8, 'count': 23, 'image_count': 21, 'reply_count': 0}",4.8,23.0,21.0,0.0,37.4822061,126.94182944,서울특별시 관악구 남부순환로 1726,서울,관악구,봉천동
마마쿡-신대방삼거리역점,"{'lat': '37.4999054830777', 'lng': '126.929876902609'}","['한식', '프랜차이즈', '포장', '분식', '반찬']","{'average_rating': 4.9, 'count': 198, 'image_count': 179, 'reply_count': 8}",4.9,198.0,179.0,8.0,37.4999054830777,126.929876902609,서울특별시 동작구 상도로 83,서울,동작구,대방동
굽네치킨&피자-신림동점,"{'lat': '37.4869239', 'lng': '126.92575932'}","['피자/양식', '프랜차이즈', '치킨', '포장']","{'average_rating': 4.7, 'count': 1043, 'image_count': 738, 'reply_count': 57}",4.7,1043.0,738.0,57.0,37.4869239,126.92575932,서울특별시 관악구 신림동길 27,서울,관악구,신림동
명품임실치즈피자-본점,"{'lat': '37.4986444082797', 'lng': '126.914639186357'}","['피자/양식', '프랜차이즈', '포장', '야식']","{'average_rating': 5.0, 'count': 1442, 'image_count': 1393, 'reply_count': 257}",5.0,1442.0,1393.0,257.0,37.4986444082797,126.914639186357,서울특별시 영등포구 대방천로 211-8,서울,영등포구,신길동
흥부찜닭by놀부-신림점,"{'lat': '37.4766569789258', 'lng': '126.937583203244'}","['한식', '프랜차이즈', '찜/탕', '야식']","{'average_rating': 4.9, 'count': 2264, 'image_count': 1832, 'reply_count': 1450}",4.9,2264.0,1832.0,1450.0,37.4766569789258,126.937583203244,서울특별시 관악구 신림로38길 1,서울,관악구,신림동
그린앤피니-봉천점,"{'lat': '37.4822103', 'lng': '126.94046324'}","['피자/양식', '샐러드', '카페/디저트', '포장']","{'average_rating': 5.0, 'count': 147, 'image_count': 130, 'reply_count': 24}",5.0,147.0,130.0,24.0,37.4822103,126.94046324,서울특별시 관악구 장군봉1길 5,서울,관악구,봉천동
올루올루아사이볼&요거트아이스크림-서울대입구점,"{'lat': '37.4809131', 'lng': '126.95448608'}","['카페/디저트', '포장', '야식']","{'average_rating': 4.8, 'count': 5, 'image_count': 4, 'reply_count': 4}",4.8,5.0,4.0,4.0,37.4809131,126.95448608,서울특별시 관악구 남부순환로 1837,서울,관악구,봉천동
강여사김치찜,"{'lat': '37.4694275', 'lng': '126.93683335'}","['찜/탕', '한식', '고기/구이', '야식', '포장', '1인분주문']","{'average_rating': 5.0, 'count': 255, 'image_count': 227, 'reply_count': 12}",5.0,255.0,227.0,12.0,37.4694275,126.93683335,서울특별시 관악구 호암로24길 65,서울,관악구,신림동
만나네마라탕-독산점,"{'lat': '37.4740183', 'lng': '126.9026314'}","['중국집', '아시안', '포장', '프랜차이즈']","{'average_rating': 4.9, 'count': 6027, 'image_count': 5086, 'reply_count': 570}",4.9,6027.0,5086.0,570.0,37.4740183,126.9026314,서울특별시 금천구 독산로93길 12,서울,금천구,독산동
푸라닭-낙성대점,"{'lat': '37.4787609', 'lng': '126.95983705'}","['포장', '야식', '프랜차이즈', '치킨']","{'average_rating': 4.9, 'count': 3081, 'image_count': 2582, 'reply_count': 1052}",4.9,3081.0,2582.0,1052.0,37.4787609,126.95983705,서울특별시 관악구 남부순환로 1891,서울,관악구,봉천동
곱도리탕부터시작하는자영업생활-관악점,"{'lat': '37.4881203', 'lng': '126.9255175'}","['찜/탕', '한식', '도시락/죽', '포장', '야식', '프랜차이즈']","{'average_rating': 4.9, 'count': 128, 'image_count': 105, 'reply_count': 123}",4.9,128.0,105.0,123.0,37.4881203,126.9255175,서울특별시 관악구 봉천로6길 36,서울,관악구,신림동
천하제일불닭발-신림점,"{'lat': '37.4799186', 'lng': '126.91165005'}","['한식', '고기/구이', '포장', '프랜차이즈']","{'average_rating': 4.8, 'count': 6, 'image_count': 5, 'reply_count': 5}",4.8,6.0,5.0,5.0,37.4799186,126.91165005,서울특별시 관악구 남부순환로142길 27,서울,관악구,신림동
스텔라떡볶이-서울구로조원점,"{'lat': '37.4835426', 'lng': '126.90834792'}","['분식', '포장', '프랜차이즈', '신규맛집']","{'average_rating': 5.0, 'count': 2, 'image_count': 1, 'reply_count': 0}",5.0,2.0,1.0,0.0,37.4835426,126.90834792,서울특별시 관악구 조원로 54,서울,관악구,신림동
함박웃음-관악점,"{'lat': '37.4911482046109', 'lng': '126.940780432949'}","['피자/양식', '야식', '1인분주문']","{'average_rating': 4.8, 'count': 450, 'image_count': 405, 'reply_count': 124}",4.8,450.0,405.0,124.0,37.4911482046109,126.940780432949,서울특별시 관악구 국회단지27길 15,서울,관악구,봉천동
별과담특별한과일을담아,"{'lat': '37.4838531', 'lng': '126.90799401'}","['카페/디저트', '포장']","{'average_rating': 4.9, 'count': 47, 'image_count': 53, 'reply_count': 47}",4.9,47.0,53.0,47.0,37.4838531,126.90799401,서울특별시 관악구 조원로 49,서울,관악구,신림동
에몽피자-신림점,"{'lat': '37.479164', 'lng': '126.9326124'}","['피자/양식', '포장']","{'average_rating': 5.0, 'count': 1, 'image_count': 1, 'reply_count': 0}",5.0,1.0,1.0,0.0,37.479164,126.9326124,서울특별시 관악구 신림로48길 11,서울,관악구,신림동
치킨마루-현대시장점,"{'lat': '37.4860953384368', 'lng': '126.945183829841'}","['프랜차이즈', '치킨']","{'average_rating': 4.7, 'count': 270, 'image_count': 146, 'reply_count': 0}",4.7,270.0,146.0,0.0,37.4860953384368,126.945183829841,서울특별시 관악구 은천로 86,서울,관악구,봉천동
부추통삼겹,"{'lat': '37.4764236433067', 'lng': '126.937565888196'}","['한식', '고기/구이', '포장', '야식', '1인분주문']","{'average_rating': 4.8, 'count': 146, 'image_count': 104, 'reply_count': 40}",4.8,146.0,104.0,40.0,37.4764236433067,126.937565888196,서울특별시 관악구 신림로 212-1,서울,관악구,신림동
짜글이대가-신림본점,"{'lat': '37.4795271', 'lng': '126.94161931'}","['한식', '고기/구이', '포장', '야식', '프랜차이즈', '1인분주문']","{'average_rating': 4.7, 'count': 17, 'image_count': 10, 'reply_count': 15}",4.7,17.0,10.0,15.0,37.4795271,126.94161931,서울특별시 관악구 쑥고개로 45,서울,관악구,봉천동
김여사숯불바베큐보쌈,"{'lat': '37.4782091', 'lng': '126.90290674'}","['족발/보쌈', '야식', '고기/구이', '한식']","{'average_rating': 4.5, 'count': 1076, 'image_count': 705, 'reply_count': 1062}",4.5,1076.0,705.0,1062.0,37.4782091,126.90290674,서울특별시 금천구 독산로107길 14,서울,금천구,독산동
신사왕갈비탕,"{'lat': '37.4861338', 'lng': '126.94710912'}","['찜/탕', '한식', '포장']","{'average_rating': 4.7, 'count': 146, 'image_count': 78, 'reply_count': 0}",4.7,146.0,78.0,0.0,37.4861338,126.94710912,서울특별시 관악구 양녕로 46,서울,관악구,봉천동
황금식당-신림점,"{'lat': '37.4735906', 'lng': '126.93930193'}","['한식', '찜/탕', '포장', '고기/구이', '프랜차이즈']","{'average_rating': 4.9, 'count': 1374, 'image_count': 1209, 'reply_count': 70}",4.9,1374.0,1209.0,70.0,37.4735906,126.93930193,서울특별시 관악구 서림3길 9,서울,관악구,신림동
사르르육회,"{'lat': '37.4867085', 'lng': '126.94106388'}","['한식', '고기/구이', '야식', '회/초밥', '포장']","{'average_rating': 5.0, 'count': 13, 'image_count': 15, 'reply_count': 12}",5.0,13.0,15.0,12.0,37.4867085,126.94106388,서울특별시 관악구 국회단지2길 27,서울,관악구,봉천동
훌랄라참숯치킨-봉천1점,"{'lat': '37.4812338', 'lng': '126.94606844'}","['프랜차이즈', '치킨']","{'average_rating': 4.8, 'count': 47, 'image_count': 40, 'reply_count': 20}",4.8,47.0,40.0,20.0,37.4812338,126.94606844,서울특별시 관악구 청룡2길 1,서울,관악구,봉천동
백억커피-구로점,"{'lat': '37.4815649', 'lng': '126.90127148'}","['카페/디저트', '포장', '프랜차이즈', '야식']","{'average_rating': 4.9, 'count': 352, 'image_count': 213, 'reply_count': 3}",4.9,352.0,213.0,3.0,37.4815649,126.90127148,서울특별시 관악구 시흥대로160길 12,서울,관악구,신림동
딜리어트-집에서 먹는 다이어트식단-신림점,"{'lat': '37.4805244', 'lng': '126.90472835'}","['한식', '포장', '도시락/죽', '중국집', '1인분주문', '야식']","{'average_rating': 4.8, 'count': 24, 'image_count': 22, 'reply_count': 21}",4.8,24.0,22.0,21.0,37.4805244,126.90472835,서울특별시 관악구 조원중앙로 8,서울,관악구,신림동
볶볶음밥-신림점,"{'lat': '37.4874494', 'lng': '126.93312628'}","['샐러드', '한식', '분식', '야식']","{'average_rating': 4.9, 'count': 31, 'image_count': 17, 'reply_count': 31}",4.9,31.0,17.0,31.0,37.4874494,126.93312628,서울특별시 관악구 봉천로 287,서울,관악구,봉천동
우기파스타-봉천점,"{'lat': '37.4814092', 'lng': '126.94310598'}","['피자/양식', '샐러드', '카페/디저트', '야식', '포장']","{'average_rating': 4.9, 'count': 61, 'image_count': 70, 'reply_count': 61}",4.9,61.0,70.0,61.0,37.4814092,126.94310598,서울특별시 관악구 장군봉1길 56,서울,관악구,봉천동
원할머니명품도시락-보라매점,"{'lat': '37.4912752', 'lng': '126.92409466'}","['족발/보쌈', '프랜차이즈', '도시락/죽', '포장']","{'average_rating': 4.9, 'count': 12, 'image_count': 13, 'reply_count': 8}",4.9,12.0,13.0,8.0,37.4912752,126.92409466,서울특별시 동작구 보라매로5가길 16,서울,동작구,신대방동
후라이드참잘하는집-신림2호점,"{'lat': '37.4776206276642', 'lng': '126.933242853571'}","['야식', '프랜차이즈', '치킨', '포장']","{'average_rating': 4.6, 'count': 980, 'image_count': 583, 'reply_count': 192}",4.6,980.0,583.0,192.0,37.4776206276642,126.933242853571,서울특별시 관악구 신림로 251,서울,관악구,신림동
얃얃닭발-신림점,"{'lat': '37.4856008', 'lng': '126.93880505'}","['찜/탕', '한식', '분식', '포장', '야식']","{'average_rating': 4.8, 'count': 26, 'image_count': 21, 'reply_count': 0}",4.8,26.0,21.0,0.0,37.4856008,126.93880505,서울특별시 관악구 은천로2길 35,서울,관악구,봉천동
보끔당-서울대입구점,"{'lat': '37.4789334', 'lng': '126.95448516'}","['찜/탕', '포장', '프랜차이즈']","{'average_rating': 4.9, 'count': 310, 'image_count': 266, 'reply_count': 310}",4.9,310.0,266.0,310.0,37.4789334,126.95448516,서울특별시 관악구 관악로14길 35,서울,관악구,봉천동
삼합대장-서울대입구역본점,"{'lat': '37.4837611', 'lng': '126.95382872'}","['한식', '고기/구이', '일식/돈까스', '포장']","{'average_rating': 5.0, 'count': 11, 'image_count': 12, 'reply_count': 10}",5.0,11.0,12.0,10.0,37.4837611,126.95382872,서울특별시 관악구 중앙길 7,서울,관악구,봉천동
마니달오프리미엄과일전문-봉천점,"{'lat': '37.4879659', 'lng': '126.9467491'}","['카페/디저트', '야식']","{'average_rating': 4.9, 'count': 59, 'image_count': 52, 'reply_count': 29}",4.9,59.0,52.0,29.0,37.4879659,126.9467491,서울특별시 관악구 양녕로 66,서울,관악구,봉천동
국민우동,"{'lat': '37.4818981', 'lng': '126.94190655'}","['찜/탕', '한식', '분식', '포장']","{'average_rating': 4.9, 'count': 14, 'image_count': 14, 'reply_count': 1}",4.9,14.0,14.0,1.0,37.4818981,126.94190655,서울특별시 관악구 남부순환로206길 7,서울,관악구,봉천동
돈까스연구소-동작점,"{'lat': '37.4965982', 'lng': '126.9306219'}","['한식', '분식', '일식/돈까스', '포장', '1인분주문']","{'average_rating': 4.9, 'count': 23, 'image_count': 20, 'reply_count': 11}",4.9,23.0,20.0,11.0,37.4965982,126.9306219,서울특별시 동작구 국사봉길 74,서울,동작구,상도동
꽉찬소곱창-서울대입구역점,"{'lat': '37.4805773', 'lng': '126.94742874'}","['찜/탕', '한식', '고기/구이', '야식', '포장', '프랜차이즈']","{'average_rating': 4.5, 'count': 6, 'image_count': 7, 'reply_count': 0}",4.5,6.0,7.0,0.0,37.4805773,126.94742874,서울특별시 관악구 청룡3길 22,서울,관악구,봉천동
88냉면육전육회냉면전문-서울대점,"{'lat': '37.4853989', 'lng': '126.95637958'}","['한식', '분식', '포장', '1인분주문', '신규맛집']","{'average_rating': 5.0, 'count': 1, 'image_count': 1, 'reply_count': 0}",5.0,1.0,1.0,0.0,37.4853989,126.95637958,서울특별시 관악구 관악로 236,서울,관악구,봉천동
맘스터치-삼각지역점,"{'lat': '37.5366399410786', 'lng': '126.972738380827'}","['버거', '프랜차이즈', '치킨']","{'average_rating': 4.8, 'count': 1121, 'image_count': 808, 'reply_count': 9}",4.8,1121.0,808.0,9.0,37.5366399410786,126.972738380827,서울특별시 용산구 한강대로 205,서울,용산구,한강로1가
그램치킨-신림봉천점,"{'lat': '37.4864412', 'lng': '126.93635188'}","['야식', '치킨', '포장', '프랜차이즈']","{'average_rating': 4.9, 'count': 585, 'image_count': 479, 'reply_count': 122}",4.9,585.0,479.0,122.0,37.4864412,126.93635188,서울 관악구 봉천동 955-8,서울,관악구,봉천동
포포몬쓰분짜&팟타이-대방점,"{'lat': '37.4992347', 'lng': '126.9275198'}","['아시안', '한식', '일식/돈까스', '1인분주문']","{'average_rating': 4.9, 'count': 252, 'image_count': 222, 'reply_count': 23}",4.9,252.0,222.0,23.0,37.4992347,126.9275198,서울특별시 동작구 여의대방로24길 133,서울,동작구,대방동
오구피자-보라매삼성점,"{'lat': '37.4951164', 'lng': '126.92720597'}","['피자/양식', '포장', '프랜차이즈']","{'average_rating': 4.7, 'count': 70, 'image_count': 57, 'reply_count': 29}",4.7,70.0,57.0,29.0,37.4951164,126.92720597,서울특별시 동작구 보라매로 63,서울,동작구,신대방동
충청집두배로김치찜,"{'lat': '37.4842742', 'lng': '126.94018241'}","['찜/탕', '한식', '고기/구이', '포장', '야식', '1인분주문']","{'average_rating': 4.9, 'count': 155, 'image_count': 140, 'reply_count': 152}",4.9,155.0,140.0,152.0,37.4842742,126.94018241,서울특별시 관악구 봉천로 359,서울,관악구,봉천동
저당중화연구소,"{'lat': '37.4833509', 'lng': '126.91869313'}","['중국집', '찜/탕', '아시안', '야식', '신규맛집']","{'average_rating': 0.0, 'count': 0, 'image_count': 0, 'reply_count': 0}",0.0,0.0,0.0,0.0,37.4833509,126.91869313,서울특별시 관악구 관천로11길 112,서울,관악구,신림동
홈인팜스과일전문점,"{'lat': '37.4992051', 'lng': '126.92765183'}","['샐러드', '카페/디저트', '포장', '야식', '도시락/죽']","{'average_rating': 4.6, 'count': 96, 'image_count': 83, 'reply_count': 33}",4.6,96.0,83.0,33.0,37.4992051,126.92765183,서울특별시 동작구 여의대방로24길 137,서울,동작구,대방동
가장맛있는족발-보라매역점,"{'lat': '37.4996288', 'lng': '126.92088327'}","['족발/보쌈', '프랜차이즈', '한식']","{'average_rating': 4.8, 'count': 274, 'image_count': 270, 'reply_count': 23}",4.8,274.0,270.0,23.0,37.4996288,126.92088327,서울특별시 동작구 여의대방로24가길 31,서울,동작구,대방동
소풍닭강정-본점,"{'lat': '37.48928144351033', 'lng': '126.89198724581968'}","['분식', '치킨', '야식', '포장']","{'average_rating': 4.8, 'count': 4220, 'image_count': 2797, 'reply_count': 2239}",4.8,4220.0,2797.0,2239.0,37.48928144351033,126.89198724581968,서울특별시 구로구 도림로20길 10,서울,구로구,구로동
김할매묵은지김치찜,"{'lat': '37.4782091', 'lng': '126.90290674'}","['한식', '야식', '고기/구이', '찜/탕']","{'average_rating': 4.7, 'count': 3703, 'image_count': 2821, 'reply_count': 3697}",4.7,3703.0,2821.0,3697.0,37.4782091,126.90290674,서울특별시 금천구 독산로107길 14,서울,금천구,독산동
1인짜글이끝판왕-본점,"{'lat': '37.479664', 'lng': '126.94729518'}","['찜/탕', '한식', '포장', '1인분주문']","{'average_rating': 4.9, 'count': 68, 'image_count': 49, 'reply_count': 66}",4.9,68.0,49.0,66.0,37.479664,126.94729518,서울특별시 관악구 남부순환로214길 46,서울,관악구,봉천동
먼키135초밥숙성회,"{'lat': '37.4875408', 'lng': '126.89401835'}","['회/초밥', '포장', '일식/돈까스']","{'average_rating': 4.9, 'count': 190, 'image_count': 178, 'reply_count': 0}",4.9,190.0,178.0,0.0,37.4875408,126.89401835,서울특별시 구로구 디지털로33길 50,서울,구로구,구로동
파리바게뜨-신림역점,"{'lat': '37.4836736', 'lng': '126.9294367'}","['카페/디저트', '프랜차이즈', '샌드위치']","{'average_rating': 4.8, 'count': 3336, 'image_count': 2534, 'reply_count': 260}",4.8,3336.0,2534.0,260.0,37.4836736,126.9294367,서울특별시 관악구 신림로 329,서울,관악구,신림동
연가닭강정-신림점,"{'lat': '37.4846683', 'lng': '126.93117661'}","['치킨', '포장', '야식']","{'average_rating': 4.9, 'count': 14, 'image_count': 15, 'reply_count': 12}",4.9,14.0,15.0,12.0,37.4846683,126.93117661,서울특별시 관악구 남부순환로 1625,서울,관악구,신림동
메가혼밥-구로디지털단지점,"{'lat': '37.4862991', 'lng': '126.9052193'}","['한식', '고기/구이', '도시락/죽', '프랜차이즈', '1인분주문', '포장']","{'average_rating': 5.0, 'count': 8, 'image_count': 5, 'reply_count': 0}",5.0,8.0,5.0,0.0,37.4862991,126.9052193,서울특별시 동작구 시흥대로 606,서울,동작구,신대방동
서울대고깃집-서울대직영점,"{'lat': '37.4853989', 'lng': '126.95637958'}","['한식', '고기/구이', '포장', '1인분주문', '도시락/죽']","{'average_rating': 5.0, 'count': 282, 'image_count': 236, 'reply_count': 259}",5.0,282.0,236.0,259.0,37.4853989,126.95637958,서울특별시 관악구 관악로 236,서울,관악구,봉천동
떡볶이플러스-신대방점,"{'lat': '37.48253579812506', 'lng': '126.91005734534423'}","['분식', '프랜차이즈', '포장']","{'average_rating': 5.0, 'count': 68, 'image_count': 62, 'reply_count': 0}",5.0,68.0,62.0,0.0,37.48253579812506,126.91005734534424,서울특별시 관악구 조원로14길 27,서울,관악구,신림동
오구피자-난곡점,"{'lat': '37.4716142', 'lng': '126.91997461'}","['피자/양식', '포장', '프랜차이즈']","{'average_rating': 4.8, 'count': 2172, 'image_count': 1180, 'reply_count': 767}",4.8,2172.0,1180.0,767.0,37.4716142,126.91997461,서울특별시 관악구 난곡로 184,서울,관악구,신림동
베트남쌀국수몬스터포Pho-관악점,"{'lat': '37.480573', 'lng': '126.95661246'}","['아시안', '포장', '프랜차이즈', '야식', '1인분주문']","{'average_rating': 5.0, 'count': 237, 'image_count': 202, 'reply_count': 211}",5.0,237.0,202.0,211.0,37.480573,126.95661246,서울특별시 관악구 봉천로 507-30,서울,관악구,봉천동
할매김치찜&찌개-본점,"{'lat': '37.4859944', 'lng': '126.92117477'}","['찜/탕', '한식', '포장', '야식', '1인분주문']","{'average_rating': 4.9, 'count': 22, 'image_count': 23, 'reply_count': 15}",4.9,22.0,23.0,15.0,37.4859944,126.92117477,서울특별시 관악구 조원로 170,서울,관악구,신림동
BHC-대방점,"{'lat': '37.5097478', 'lng': '126.93231071'}","['치킨', '포장', '프랜차이즈']","{'average_rating': 4.9, 'count': 352, 'image_count': 288, 'reply_count': 0}",4.9,352.0,288.0,0.0,37.5097478,126.93231071,서울특별시 동작구 등용로 96,서울,동작구,대방동
불맛전문관사부간짬뽕-서울대점,"{'lat': '37.4772823', 'lng': '126.95873891'}","['중국집', '고기/구이', '아시안', '포장', '야식']","{'average_rating': 4.8, 'count': 229, 'image_count': 180, 'reply_count': 0}",4.8,229.0,180.0,0.0,37.4772823,126.95873891,서울특별시 관악구 낙성대로 14,서울,관악구,봉천동
순살순정 아구찜 관악본점,"{'lat': '37.4793042', 'lng': '126.94748446'}","['찜/탕', '한식', '분식', '포장', '야식', '다회용기']","{'average_rating': 4.9, 'count': 43, 'image_count': 51, 'reply_count': 7}",4.9,43.0,51.0,7.0,37.4793042,126.94748446,서울특별시 관악구 쑥고개로 97,서울,관악구,봉천동
과일에반하다프루타-노량진점,"{'lat': '37.5089673', 'lng': '126.9464961'}","['샐러드', '카페/디저트', '샌드위치', '포장', '프랜차이즈']","{'average_rating': 5.0, 'count': 84, 'image_count': 69, 'reply_count': 7}",5.0,84.0,69.0,7.0,37.5089673,126.9464961,서울특별시 동작구 만양로 56,서울,동작구,노량진동
못골낙곱새,"{'lat': '37.4766192867145', 'lng': '126.963959141937'}","['한식', '포장']","{'average_rating': 4.9, 'count': 125, 'image_count': 107, 'reply_count': 4}",4.9,125.0,107.0,4.0,37.4766192867145,126.963959141937,서울특별시 관악구 남부순환로 1936,서울,관악구,봉천동
오사카우동-관악점,"{'lat': '37.4791186', 'lng': '126.94646671'}","['한식', '분식', '일식/돈까스', '포장', '프랜차이즈']","{'average_rating': 4.9, 'count': 42, 'image_count': 34, 'reply_count': 42}",4.9,42.0,34.0,42.0,37.4791186,126.94646671,서울특별시 관악구 쑥고개로 90,서울,관악구,봉천동
가마로강정-녹두거리점,"{'lat': '37.4685778', 'lng': '126.93775233'}","['분식', '야식', '프랜차이즈', '치킨', '포장']","{'average_rating': 4.7, 'count': 29, 'image_count': 26, 'reply_count': 20}",4.7,29.0,26.0,20.0,37.4685778,126.93775233,서울특별시 관악구 대학길 47,서울,관악구,신림동
백만그릇파스타-관악점,"{'lat': '37.4865491', 'lng': '126.93613783'}","['피자/양식', '샐러드', '포장']","{'average_rating': 5.0, 'count': 9, 'image_count': 9, 'reply_count': 0}",5.0,9.0,9.0,0.0,37.4865491,126.93613783,서울특별시 관악구 은천로1길 3,서울,관악구,봉천동
천수냉면-동작점,"{'lat': '37.4995516', 'lng': '126.94351757'}","['한식', '포장', '프랜차이즈', '분식', '일식/돈까스']","{'average_rating': 4.9, 'count': 64, 'image_count': 73, 'reply_count': 50}",4.9,64.0,73.0,50.0,37.4995516,126.94351757,서울특별시 동작구 장승배기로 8-1,서울,동작구,상도동
상도고려왕족발보쌈애감자탕-신대방점,"{'lat': '37.4989765622282', 'lng': '126.927821292088'}","['포장', '한식', '족발/보쌈', '야식', '찜/탕']","{'average_rating': 4.8, 'count': 327, 'image_count': 299, 'reply_count': 135}",4.8,327.0,299.0,135.0,37.4989765622282,126.927821292088,서울특별시 동작구 여의대방로24길 140,서울,동작구,신대방동
설앞당베이커리,"{'lat': '37.479614', 'lng': '126.95080887'}","['카페/디저트', '야식']","{'average_rating': 4.9, 'count': 60, 'image_count': 47, 'reply_count': 39}",4.9,60.0,47.0,39.0,37.479614,126.95080887,서울특별시 관악구 관악로15길 23-16,서울,관악구,봉천동
구백냥곱창-숭실점,"{'lat': '37.499599', 'lng': '126.95134043'}","['고기/구이', '한식', '야식', '포장', '프랜차이즈', '1인분주문']","{'average_rating': 4.9, 'count': 216, 'image_count': 201, 'reply_count': 0}",4.9,216.0,201.0,0.0,37.499599,126.95134043,서울특별시 동작구 상도로47길 4,서울,동작구,상도동
용초밥사시미&육회,"{'lat': '37.4811265', 'lng': '126.91421284'}","['고기/구이', '일식/돈까스', '회/초밥']","{'average_rating': 4.8, 'count': 36, 'image_count': 25, 'reply_count': 0}",4.8,36.0,25.0,0.0,37.4811265,126.91421284,서울특별시 관악구 난곡로63길 6,서울,관악구,신림동
폭탄국밥-금천점,"{'lat': '37.4759706', 'lng': '126.90066072'}","['찜/탕', '한식', '분식', '포장', '야식', '신규맛집']","{'average_rating': 4.8, 'count': 5, 'image_count': 3, 'reply_count': 2}",4.8,5.0,3.0,2.0,37.4759706,126.90066072,서울특별시 금천구 시흥대로150길 33,서울,금천구,독산동
오늘찜닭어때,"{'lat': '37.4908773', 'lng': '126.93019749'}","['찜/탕', '한식', '포장', '야식']","{'average_rating': 5.0, 'count': 49, 'image_count': 40, 'reply_count': 44}",5.0,49.0,40.0,44.0,37.4908773,126.93019749,서울특별시 관악구 당곡2길 22,서울,관악구,봉천동
또래오래-봉천2호점,"{'lat': '37.48616268892753', 'lng': '126.9585629972241'}","['야식', '프랜차이즈', '치킨', '포장']","{'average_rating': 4.7, 'count': 5018, 'image_count': 3182, 'reply_count': 314}",4.7,5018.0,3182.0,314.0,37.48616268892753,126.9585629972241,서울특별시 관악구 관악로30길 12,서울,관악구,봉천동
수제김밥에그맘-서울대입구역점,"{'lat': '37.4779222', 'lng': '126.95518521'}","['찜/탕', '한식', '분식', '포장']","{'average_rating': 4.7, 'count': 45, 'image_count': 36, 'reply_count': 8}",4.7,45.0,36.0,8.0,37.4779222,126.95518521,서울특별시 관악구 남부순환로230길 50,서울,관악구,봉천동
아재불닭발그리고오돌뼈-봉천점,"{'lat': '37.4838803', 'lng': '126.93991232'}","['고기/구이', '야식', '프랜차이즈']","{'average_rating': 5.0, 'count': 5, 'image_count': 5, 'reply_count': 5}",5.0,5.0,5.0,5.0,37.4838803,126.93991232,서울특별시 관악구 봉천로 360-1,서울,관악구,봉천동
볶고댄스-관악본점,"{'lat': '37.4889407', 'lng': '126.92675922'}","['한식', '분식', '포장', '야식', '1인분주문', '신규맛집']","{'average_rating': 5.0, 'count': 5, 'image_count': 5, 'reply_count': 0}",5.0,5.0,5.0,0.0,37.4889407,126.92675922,서울특별시 관악구 봉천로8길 12,서울,관악구,신림동
마라촌마라탕-보라매점,"{'lat': '37.4912752', 'lng': '126.92409466'}","['중국집', '아시안', '포장']","{'average_rating': 4.9, 'count': 83, 'image_count': 81, 'reply_count': 81}",4.9,83.0,81.0,81.0,37.4912752,126.92409466,서울특별시 동작구 보라매로5가길 16,서울,동작구,신대방동
프레디버거FREDDYBURGER,"{'lat': '37.4803498', 'lng': '126.95455053'}","['피자/양식', '버거', '치킨', '포장', '야식', '1인분주문']","{'average_rating': 4.8, 'count': 131, 'image_count': 118, 'reply_count': 86}",4.8,131.0,118.0,86.0,37.4803498,126.95455053,서울특별시 관악구 남부순환로 1842,서울,관악구,봉천동
담소소사골순대육개장-신림2호신원동점,"{'lat': '37.4798966', 'lng': '126.92788322'}","['찜/탕', '한식', '프랜차이즈', '1인분주문']","{'average_rating': 4.8, 'count': 61, 'image_count': 44, 'reply_count': 0}",4.8,61.0,44.0,0.0,37.4798966,126.92788322,서울특별시 관악구 신원로 5-1,서울,관악구,신림동
캔팩토리-본점,"{'lat': '37.4909499', 'lng': '126.92635224'}","['카페/디저트', '포장']","{'average_rating': 4.7, 'count': 22, 'image_count': 11, 'reply_count': 1}",4.7,22.0,11.0,1.0,37.4909499,126.92635224,서울특별시 관악구 보라매로 15-8,서울,관악구,봉천동
킹케밥,"{'lat': '37.5391389369945', 'lng': '126.988101001119'}","['피자/양식', '고기/구이', '야식', '치킨', '포장']","{'average_rating': 4.5, 'count': 675, 'image_count': 381, 'reply_count': 236}",4.5,675.0,381.0,236.0,37.5391389369945,126.988101001119,서울특별시 용산구 녹사평대로54길 16,서울,용산구,이태원동
일도강정,"{'lat': '37.4817212', 'lng': '126.94245235'}","['한식', '고기/구이', '치킨', '포장']","{'average_rating': 4.7, 'count': 45, 'image_count': 55, 'reply_count': 44}",4.7,45.0,55.0,44.0,37.4817212,126.94245235,서울특별시 관악구 장군봉1길 43,서울,관악구,봉천동
대한냉면-금천점,"{'lat': '37.4711944', 'lng': '126.89626203'}","['한식', '분식', '일식/돈까스', '프랜차이즈']","{'average_rating': 4.9, 'count': 3475, 'image_count': 2994, 'reply_count': 3434}",4.9,3475.0,2994.0,3434.0,37.4711944,126.89626203,서울특별시 금천구 시흥대로123길 38,서울,금천구,독산동
제로고기찜-보라매점,"{'lat': '37.4912113', 'lng': '126.92499033'}","['찜/탕', '한식', '아시안', '포장', '1인분주문', '신규맛집']","{'average_rating': 0.0, 'count': 0, 'image_count': 0, 'reply_count': 0}",0.0,0.0,0.0,0.0,37.4912113,126.92499033,서울특별시 동작구 보라매로3길 29,서울,동작구,신대방동
가마로강정-서울대입구역점,"{'lat': '37.4827193', 'lng': '126.95322981'}","['치킨', '포장', '프랜차이즈']","{'average_rating': 4.7, 'count': 31, 'image_count': 29, 'reply_count': 24}",4.7,31.0,29.0,24.0,37.4827193,126.95322981,서울특별시 관악구 관악로 195,서울,관악구,봉천동
양가네집밥도시락-봉천점,"{'lat': '37.485138', 'lng': '126.95747545'}","['찜/탕', '한식', '프랜차이즈', '도시락/죽', '야식', '포장']","{'average_rating': 4.8, 'count': 8, 'image_count': 7, 'reply_count': 1}",4.8,8.0,7.0,1.0,37.485138,126.95747545,서울특별시 관악구 관악로28길 22,서울,관악구,봉천동
에러태그아이스크림-여의대방점,"{'lat': '37.5039691', 'lng': '126.92302102'}","['카페/디저트', '포장']","{'average_rating': 0.0, 'count': 0, 'image_count': 0, 'reply_count': 0}",0.0,0.0,0.0,0.0,37.5039691,126.92302102,서울특별시 동작구 대방동23길 41,서울,동작구,대방동
사계절갈비-봉천점,"{'lat': '37.4866659', 'lng': '126.94451385'}","['고기/구이', '포장', '야식', '프랜차이즈']","{'average_rating': 5.0, 'count': 32, 'image_count': 49, 'reply_count': 29}",5.0,32.0,49.0,29.0,37.4866659,126.94451385,서울특별시 관악구 은천로 84,서울,관악구,봉천동
돼지게티-신림점,"{'lat': '37.4858242', 'lng': '126.91992211'}","['피자/양식', '야식', '프랜차이즈', '포장', '신규맛집']","{'average_rating': 0.0, 'count': 0, 'image_count': 0, 'reply_count': 0}",0.0,0.0,0.0,0.0,37.4858242,126.91992211,서울특별시 관악구 조원로 160,서울,관악구,신림동
윤이불닭발-봉천점,"{'lat': '37.4882002', 'lng': '126.9592373'}","['한식', '고기/구이', '야식', '포장', '프랜차이즈', '분식']","{'average_rating': 4.9, 'count': 81, 'image_count': 60, 'reply_count': 40}",4.9,81.0,60.0,40.0,37.4882002,126.9592373,서울특별시 관악구 청림길 10-1,서울,관악구,봉천동
싸다김밥-구로디지털단지점,"{'lat': '37.4839543', 'lng': '126.89410322'}","['한식', '분식', '일식/돈까스', '프랜차이즈', '야식', '포장']","{'average_rating': 4.6, 'count': 316, 'image_count': 220, 'reply_count': 0}",4.6,316.0,220.0,0.0,37.4839543,126.89410322,서울특별시 구로구 디지털로 273,서울,구로구,구로동
유명한덮밥집-본점,"{'lat': '37.479664', 'lng': '126.94729518'}","['한식', '고기/구이', '도시락/죽', '포장', '1인분주문']","{'average_rating': 5.0, 'count': 3, 'image_count': 3, 'reply_count': 0}",5.0,3.0,3.0,0.0,37.479664,126.94729518,서울특별시 관악구 남부순환로214길 46,서울,관악구,봉천동
라사천마라탕-봉천점,"{'lat': '37.4794201', 'lng': '126.94649373'}","['찜/탕', '아시안', '포장', '프랜차이즈', '중국집']","{'average_rating': 5.0, 'count': 180, 'image_count': 154, 'reply_count': 0}",5.0,180.0,154.0,0.0,37.4794201,126.94649373,서울특별시 관악구 쑥고개로 89,서울,관악구,봉천동
BBQ-관악행복점,"{'lat': '37.4856827', 'lng': '126.93785549'}","['프랜차이즈', '치킨']","{'average_rating': 4.3, 'count': 1348, 'image_count': 486, 'reply_count': 485}",4.3,1348.0,486.0,485.0,37.4856827,126.93785549,서울특별시 관악구 봉천로25길 9,서울,관악구,봉천동
다담족발,"{'lat': '37.4943228', 'lng': '126.90907034'}","['족발/보쌈', '한식', '포장']","{'average_rating': 4.8, 'count': 347, 'image_count': 328, 'reply_count': 341}",4.8,347.0,328.0,341.0,37.4943228,126.90907034,서울특별시 영등포구 신길로 18,서울,영등포구,신길동
미스터육회연어왕,"{'lat': '37.4840241241324', 'lng': '126.953905090116'}","['한식', '일식/돈까스', '회/초밥']","{'average_rating': 4.9, 'count': 1746, 'image_count': 1439, 'reply_count': 57}",4.9,1746.0,1439.0,57.0,37.4840241241324,126.953905090116,서울특별시 관악구 중앙길 12,서울,관악구,봉천동
과일당-신림점,"{'lat': '37.4742374', 'lng': '126.93371197'}","['카페/디저트', '포장', '야식']","{'average_rating': 4.9, 'count': 23, 'image_count': 17, 'reply_count': 0}",4.9,23.0,17.0,0.0,37.4742374,126.93371197,서울특별시 관악구 신림로 169,서울,관악구,신림동
사골집-관악점,"{'lat': '37.4805773', 'lng': '126.94742874'}","['찜/탕', '한식', '포장', '야식']","{'average_rating': 5.0, 'count': 2, 'image_count': 1, 'reply_count': 0}",5.0,2.0,1.0,0.0,37.4805773,126.94742874,서울특별시 관악구 청룡3길 22,서울,관악구,봉천동
시올돈,"{'lat': '37.4862893', 'lng': '126.94041528'}","['피자/양식', '찜/탕', '일식/돈까스', '포장', '프랜차이즈']","{'average_rating': 4.8, 'count': 21, 'image_count': 21, 'reply_count': 0}",4.8,21.0,21.0,0.0,37.4862893,126.94041528,서울특별시 관악구 은천로 45-1,서울,관악구,봉천동
명품삼계탕-봉천본점,"{'lat': '37.4838803', 'lng': '126.93991232'}","['찜/탕', '한식', '도시락/죽']","{'average_rating': 4.6, 'count': 61, 'image_count': 44, 'reply_count': 0}",4.6,61.0,44.0,0.0,37.4838803,126.93991232,서울특별시 관악구 봉천로 360-1,서울,관악구,봉천동
노랑통닭-미성난곡점,"{'lat': '37.4759815', 'lng': '126.91752393'}","['프랜차이즈', '치킨', '포장']","{'average_rating': 4.8, 'count': 175, 'image_count': 132, 'reply_count': 0}",4.8,175.0,132.0,0.0,37.4759815,126.91752393,서울특별시 관악구 난우길 37,서울,관악구,신림동
사실은고깃집을하려고했었다던냉면집,"{'lat': '37.4794155', 'lng': '126.94194469'}","['분식', '포장', '야식', '한식', '고기/구이', '프랜차이즈']","{'average_rating': 4.9, 'count': 78, 'image_count': 69, 'reply_count': 37}",4.9,78.0,69.0,37.0,37.4794155,126.94194469,서울특별시 관악구 쑥고개로 48,서울,관악구,봉천동
빅스타피자-관악점,"{'lat': '37.4864689', 'lng': '126.93686058'}","['피자/양식', '프랜차이즈']","{'average_rating': 4.7, 'count': 860, 'image_count': 579, 'reply_count': 0}",4.7,860.0,579.0,0.0,37.4864689,126.93686058,서울특별시 관악구 은천로 13-1,서울,관악구,봉천동
이디야커피-신림미성점,"{'lat': '37.476540261299', 'lng': '126.915984280881'}","['카페/디저트', '프랜차이즈']","{'average_rating': 4.9, 'count': 203, 'image_count': 146, 'reply_count': 6}",4.9,203.0,146.0,6.0,37.476540261299,126.915984280881,서울특별시 관악구 난곡로 250,서울,관악구,신림동
고기울림,"{'lat': '37.4806395', 'lng': '126.91156526'}","['한식', '고기/구이', '야식', '도시락/죽', '포장']","{'average_rating': 4.9, 'count': 284, 'image_count': 286, 'reply_count': 268}",4.9,284.0,286.0,268.0,37.4806395,126.91156526,서울특별시 관악구 난곡로63길 54,서울,관악구,신림동
영등포여로집-관악점,"{'lat': '37.4877201', 'lng': '126.95992422'}","['한식', '프랜차이즈', '포장']","{'average_rating': 4.9, 'count': 295, 'image_count': 310, 'reply_count': 7}",4.9,295.0,310.0,7.0,37.4877201,126.95992422,서울특별시 관악구 청림6길 3,서울,관악구,봉천동
봉일통닭,"{'lat': '37.4860180281577', 'lng': '126.939843313115'}","['치킨', '1인분주문']","{'average_rating': 4.9, 'count': 38, 'image_count': 16, 'reply_count': 38}",4.9,38.0,16.0,38.0,37.4860180281577,126.939843313115,서울특별시 관악구 은천로 40-1,서울,관악구,봉천동
사천마라샹궈-관악점,"{'lat': '37.4792349165327', 'lng': '126.950692450541'}","['중국집', '야식', '아시안', '다회용기', '포장']","{'average_rating': 4.9, 'count': 1492, 'image_count': 1270, 'reply_count': 928}",4.9,1492.0,1270.0,928.0,37.4792349165327,126.950692450541,서울특별시 관악구 관악로13길 25,서울,관악구,봉천동
탱탱우동-관악점,"{'lat': '37.4767357', 'lng': '126.95418767'}","['분식', '일식/돈까스', '야식', '포장']","{'average_rating': 4.8, 'count': 243, 'image_count': 221, 'reply_count': 154}",4.8,243.0,221.0,154.0,37.4767357,126.95418767,서울특별시 관악구 남부순환로228길 69,서울,관악구,봉천동
김치찜미식회-관악점,"{'lat': '37.4797687', 'lng': '126.95751774'}","['찜/탕', '한식', '포장']","{'average_rating': 5.0, 'count': 1, 'image_count': 1, 'reply_count': 0}",5.0,1.0,1.0,0.0,37.4797687,126.95751774,서울특별시 관악구 남부순환로 1869,서울,관악구,봉천동
일만족발-신림점,"{'lat': '37.4684298', 'lng': '126.93729389'}","['족발/보쌈', '포장', '야식', '프랜차이즈', '1인분주문']","{'average_rating': 4.8, 'count': 4, 'image_count': 3, 'reply_count': 2}",4.8,4.0,3.0,2.0,37.4684298,126.93729389,서울특별시 관악구 호암로22길 82,서울,관악구,신림동
청춘아구&알곤이찜-독산점,"{'lat': '37.4770443', 'lng': '126.90901467'}","['찜/탕', '포장', '야식', '프랜차이즈']","{'average_rating': 4.9, 'count': 148, 'image_count': 164, 'reply_count': 0}",4.9,148.0,164.0,0.0,37.4770443,126.90901467,서울특별시 금천구 문성로 49,서울,금천구,독산동
파리바게뜨-신림신화점,"{'lat': '37.4755283', 'lng': '126.93619423'}","['카페/디저트', '프랜차이즈', '샌드위치']","{'average_rating': 4.9, 'count': 677, 'image_count': 628, 'reply_count': 0}",4.9,677.0,628.0,0.0,37.4755283,126.93619423,서울특별시 관악구 신림로 199,서울,관악구,신림동
갓튀긴후라이드-관악점,"{'lat': '37.4818981', 'lng': '126.94190655'}","['치킨', '포장', '야식', '프랜차이즈']","{'average_rating': 4.9, 'count': 144, 'image_count': 109, 'reply_count': 0}",4.9,144.0,109.0,0.0,37.4818981,126.94190655,서울특별시 관악구 남부순환로206길 7,서울,관악구,봉천동
스테이킷-대림점,"{'lat': '37.4962395289631', 'lng': '126.907326846023'}","['피자/양식', '포장', '도시락/죽', '고기/구이', '다회용기']","{'average_rating': 4.8, 'count': 629, 'image_count': 592, 'reply_count': 590}",4.8,629.0,592.0,590.0,37.4962395289631,126.907326846023,서울특별시 영등포구 디지털로 455-2,서울,영등포구,대림동
프랭크버거-구로디지털단지역점,"{'lat': '37.4835399290138', 'lng': '126.902467337389'}","['버거', '포장', '프랜차이즈']","{'average_rating': 4.8, 'count': 259, 'image_count': 170, 'reply_count': 217}",4.8,259.0,170.0,217.0,37.4835399290138,126.902467337389,서울특별시 관악구 시흥대로 570,서울,관악구,신림동
한식끝판왕-봉천점,"{'lat': '37.485138', 'lng': '126.95747545'}","['찜/탕', '한식', '프랜차이즈', '도시락/죽', '야식', '포장']","{'average_rating': 4.7, 'count': 15, 'image_count': 16, 'reply_count': 0}",4.7,15.0,16.0,0.0,37.485138,126.95747545,서울특별시 관악구 관악로28길 22,서울,관악구,봉천동
포케올데이샐러드&도시락-신림본점,"{'lat': '37.4815404', 'lng': '126.93018852'}","['피자/양식', '샐러드', '카페/디저트', '포장', '프랜차이즈']","{'average_rating': 4.9, 'count': 196, 'image_count': 180, 'reply_count': 134}",4.9,196.0,180.0,134.0,37.4815404,126.93018852,서울특별시 관악구 신림로 306,서울,관악구,신림동
대게싸네킹크랩-본점,"{'lat': '37.4809306', 'lng': '126.94609105'}","['찜/탕', '회/초밥', '고기/구이', '포장', '야식']","{'average_rating': 4.9, 'count': 60, 'image_count': 55, 'reply_count': 1}",4.9,60.0,55.0,1.0,37.4809306,126.94609105,서울특별시 관악구 청룡길 20,서울,관악구,봉천동
달인족발,"{'lat': '37.4753181671905', 'lng': '126.91836138052'}","['족발/보쌈', '포장']","{'average_rating': 4.9, 'count': 1219, 'image_count': 1173, 'reply_count': 138}",4.9,1219.0,1173.0,138.0,37.4753181671905,126.91836138052,서울특별시 관악구 난우길 26-1,서울,관악구,신림동
푸라닭-성현중앙점,"{'lat': '37.4864019', 'lng': '126.94796814'}","['프랜차이즈', '치킨', '포장', '야식']","{'average_rating': 4.9, 'count': 106, 'image_count': 101, 'reply_count': 73}",4.9,106.0,101.0,73.0,37.4864019,126.94796814,서울 관악구 봉천동 464-41,서울,관악구,봉천동
짜글이대가-금천점,"{'lat': '37.4588673', 'lng': '126.89972464'}","['찜/탕', '한식', '포장', '야식', '프랜차이즈']","{'average_rating': 4.9, 'count': 186, 'image_count': 170, 'reply_count': 176}",4.9,186.0,170.0,176.0,37.4588673,126.89972464,서울특별시 금천구 시흥대로78길 17,서울,금천구,독산동
차밍케익,"{'lat': '37.4795946162772', 'lng': '126.950712433378'}","['카페/디저트', '샐러드']","{'average_rating': 4.8, 'count': 27, 'image_count': 34, 'reply_count': 14}",4.8,27.0,34.0,14.0,37.4795946162772,126.950712433378,서울특별시 관악구 관악로15길 23-16,서울,관악구,봉천동
삼겹살은 원래 보약이다-영등포직영점,"{'lat': '37.5064916', 'lng': '126.90921821'}","['한식', '고기/구이', '야식', '도시락/죽', '포장', '프랜차이즈']","{'average_rating': 5.0, 'count': 86, 'image_count': 69, 'reply_count': 66}",5.0,86.0,69.0,66.0,37.5064916,126.90921821,서울특별시 영등포구 가마산로71길 5,서울,영등포구,신길동
한입한쌈월남쌈&밀푀유나베-서울대입구역점,"{'lat': '37.4842284', 'lng': '126.94737645'}","['아시안', '한식', '포장']","{'average_rating': 4.7, 'count': 6, 'image_count': 6, 'reply_count': 3}",4.7,6.0,6.0,3.0,37.4842284,126.94737645,서울특별시 관악구 양녕로2가길 20,서울,관악구,봉천동
요달의찜닭-서울신림점,"{'lat': '37.4782405', 'lng': '126.91473102'}","['찜/탕', '한식', '포장', '야식', '프랜차이즈']","{'average_rating': 5.0, 'count': 4, 'image_count': 4, 'reply_count': 4}",5.0,4.0,4.0,4.0,37.4782405,126.91473102,서울특별시 관악구 난곡로51길 8,서울,관악구,신림동
최고집 김치삼겹구이&김치찜-영등포직영점,"{'lat': '37.5064916', 'lng': '126.90921821'}","['찜/탕', '한식', '고기/구이', '야식', '포장']","{'average_rating': 4.9, 'count': 80, 'image_count': 68, 'reply_count': 67}",4.9,80.0,68.0,67.0,37.5064916,126.90921821,서울특별시 영등포구 가마산로71길 5,서울,영등포구,신길동
마라도리마라탕-관악점,"{'lat': '37.4840396', 'lng': '126.95293768'}","['중국집', '아시안', '야식', '찜/탕', '포장']","{'average_rating': 4.9, 'count': 151, 'image_count': 155, 'reply_count': 4}",4.9,151.0,155.0,4.0,37.4840396,126.95293768,서울특별시 관악구 중앙길 27,서울,관악구,봉천동
더블피피자-관악동작본사직영점,"{'lat': '37.4969763', 'lng': '126.93047448'}","['피자/양식', '포장', '야식']","{'average_rating': 5.0, 'count': 1, 'image_count': 1, 'reply_count': 0}",5.0,1.0,1.0,0.0,37.4969763,126.93047448,서울특별시 동작구 국사봉길 64,서울,동작구,상도동
BHC-디지털점,"{'lat': '37.4774564649215', 'lng': '126.890946551952'}","['프랜차이즈', '치킨', '포장']","{'average_rating': 4.8, 'count': 3106, 'image_count': 2554, 'reply_count': 2443}",4.8,3106.0,2554.0,2443.0,37.4774564649215,126.890946551952,서울특별시 금천구 가산로9길 12-8,서울,금천구,가산동
우동야마이루식-관악점,"{'lat': '37.4767357', 'lng': '126.95418767'}","['일식/돈까스', '야식', '포장', '프랜차이즈']","{'average_rating': 4.9, 'count': 231, 'image_count': 195, 'reply_count': 188}",4.9,231.0,195.0,188.0,37.4767357,126.95418767,서울특별시 관악구 남부순환로228길 69,서울,관악구,봉천동
인생곱떡,"{'lat': '37.4807732', 'lng': '126.94581927'}","['분식', '포장', '야식', '1인분주문']","{'average_rating': 4.7, 'count': 3, 'image_count': 2, 'reply_count': 0}",4.7,3.0,2.0,0.0,37.4807732,126.94581927,서울특별시 관악구 청룡4길 5,서울,관악구,봉천동
치밥로그인,"{'lat': '37.4683082', 'lng': '126.93206377'}","['분식', '치킨', '포장', '야식', '도시락/죽', '1인분주문']","{'average_rating': 5.0, 'count': 836, 'image_count': 701, 'reply_count': 834}",5.0,836.0,701.0,834.0,37.4683082,126.93206377,서울특별시 관악구 호암로 567-1,서울,관악구,신림동
1kg덮밥-금천점,"{'lat': '37.4766142', 'lng': '126.90294283'}","['한식', '고기/구이', '분식', '야식', '포장', '프랜차이즈']","{'average_rating': 4.8, 'count': 72, 'image_count': 46, 'reply_count': 34}",4.8,72.0,46.0,34.0,37.4766142,126.90294283,서울특별시 금천구 독산로103길 12,서울,금천구,독산동
카페니-관악점,"{'lat': '37.4865524', 'lng': '126.95203542'}","['분식', '카페/디저트', '야식']","{'average_rating': 4.9, 'count': 117, 'image_count': 105, 'reply_count': 117}",4.9,117.0,105.0,117.0,37.4865524,126.95203542,서울특별시 관악구 은천로 149,서울,관악구,봉천동
쭈꾸미싸롱-관악점,"{'lat': '37.4794155', 'lng': '126.94194469'}","['찜/탕', '포장', '야식', '프랜차이즈', '고기/구이']","{'average_rating': 4.3, 'count': 10, 'image_count': 3, 'reply_count': 5}",4.3,10.0,3.0,5.0,37.4794155,126.94194469,서울특별시 관악구 쑥고개로 48,서울,관악구,봉천동
가마치통닭-신림점,"{'lat': '37.4863376', 'lng': '126.92906724'}","['찜/탕', '분식', '프랜차이즈', '치킨', '포장']","{'average_rating': 5.0, 'count': 1, 'image_count': 0, 'reply_count': 0}",5.0,1.0,0.0,0.0,37.4863376,126.92906724,서울특별시 관악구 신림로 359,서울,관악구,신림동
국민냉면-관악점,"{'lat': '37.4873822', 'lng': '126.94822192'}","['한식', '분식', '일식/돈까스', '포장', '야식']","{'average_rating': 5.0, 'count': 23, 'image_count': 20, 'reply_count': 18}",5.0,23.0,20.0,18.0,37.4873822,126.94822192,서울특별시 관악구 은천로23길 16,서울,관악구,봉천동
본가왕뼈감자탕-구로디지털점,"{'lat': '37.4854726', 'lng': '126.89822308'}","['찜/탕', '한식', '포장', '프랜차이즈']","{'average_rating': 4.8, 'count': 139, 'image_count': 108, 'reply_count': 39}",4.8,139.0,108.0,39.0,37.4854726,126.89822308,서울특별시 구로구 디지털로34길 27,서울,구로구,구로동
역대급피자-영등포점,"{'lat': '37.4998677', 'lng': '126.91409585'}","['피자/양식', '야식', '치킨', '포장']","{'average_rating': 5.0, 'count': 15, 'image_count': 17, 'reply_count': 0}",5.0,15.0,17.0,0.0,37.4998677,126.91409585,서울특별시 영등포구 신풍로 72-2,서울,영등포구,신길동
크로플덕-영등포점,"{'lat': '37.5131862788154', 'lng': '126.916750468858'}","['카페/디저트', '야식', '프랜차이즈', '포장', '한식', '분식']","{'average_rating': 4.9, 'count': 549, 'image_count': 518, 'reply_count': 67}",4.9,549.0,518.0,67.0,37.5131862788154,126.916750468858,서울특별시 영등포구 도신로65길 7-2,서울,영등포구,신길동
솥지효자동가마솥김치찜&김치찌개,"{'lat': '37.4842742', 'lng': '126.94018241'}","['찜/탕', '한식', '분식', '야식', '포장', '1인분주문']","{'average_rating': 4.8, 'count': 5, 'image_count': 3, 'reply_count': 5}",4.8,5.0,3.0,5.0,37.4842742,126.94018241,서울특별시 관악구 봉천로 359,서울,관악구,봉천동
굽네치킨&피자-청룡점,"{'lat': '37.4792532', 'lng': '126.94556945'}","['피자/양식', '프랜차이즈', '치킨', '포장']","{'average_rating': 4.9, 'count': 6568, 'image_count': 5549, 'reply_count': 1977}",4.9,6568.0,5549.0,1977.0,37.4792532,126.94556945,서울특별시 관악구 쑥고개로 82,서울,관악구,봉천동
외길곱창-서울신림점,"{'lat': '37.4693353', 'lng': '126.93633444'}","['한식', '고기/구이', '야식', '포장', '프랜차이즈', '1인분주문']","{'average_rating': 4.8, 'count': 42, 'image_count': 36, 'reply_count': 3}",4.8,42.0,36.0,3.0,37.4693353,126.93633444,서울특별시 관악구 신림로17길 32,서울,관악구,신림동
사라스시,"{'lat': '37.497564859853945', 'lng': '126.93471253976226'}","['일식/돈까스', '회/초밥', '포장', '야식']","{'average_rating': 4.9, 'count': 731, 'image_count': 662, 'reply_count': 23}",4.9,731.0,662.0,23.0,37.497564859853945,126.93471253976226,서울특별시 동작구 성대로10길 3,서울,동작구,상도동
볶음우동가장잘볶는집-직영점,"{'lat': '37.4807673', 'lng': '126.90445923'}","['중국집', '한식', '도시락/죽', '포장', '야식']","{'average_rating': 5.0, 'count': 7, 'image_count': 4, 'reply_count': 1}",5.0,7.0,4.0,1.0,37.4807673,126.90445923,서울특별시 관악구 조원중앙로 9,서울,관악구,신림동
가장맛있는족발-보라매직영점,"{'lat': '37.4997686', 'lng': '126.91980851'}","['족발/보쌈', '포장', '프랜차이즈', '한식']","{'average_rating': 4.8, 'count': 78, 'image_count': 75, 'reply_count': 0}",4.8,78.0,75.0,0.0,37.4997686,126.91980851,서울특별시 영등포구 신풍로 122,서울,영등포구,신길동
모두순대국,"{'lat': '37.4995806', 'lng': '126.93196063'}","['포장', '한식', '찜/탕']","{'average_rating': 4.8, 'count': 26, 'image_count': 18, 'reply_count': 26}",4.8,26.0,18.0,26.0,37.4995806,126.93196063,서울특별시 동작구 성대로2길 5,서울,동작구,상도동
순살참잘하는집-본점,"{'lat': '37.4791757', 'lng': '126.92581883'}","['치킨', '포장', '야식', '신규맛집']","{'average_rating': 0.0, 'count': 0, 'image_count': 0, 'reply_count': 0}",0.0,0.0,0.0,0.0,37.4791757,126.92581883,서울특별시 관악구 문성로 199,서울,관악구,신림동
디저트39-서울대벤처타운점,"{'lat': '37.4686852', 'lng': '126.93619782'}","['카페/디저트', '프랜차이즈', '야식', '포장']","{'average_rating': 4.9, 'count': 25, 'image_count': 23, 'reply_count': 5}",4.9,25.0,23.0,5.0,37.4686852,126.93619782,서울특별시 관악구 호암로22길 61,서울,관악구,신림동
복희,"{'lat': '37.4778946', 'lng': '126.95757863'}","['한식', '분식', '포장']","{'average_rating': 4.8, 'count': 52, 'image_count': 37, 'reply_count': 7}",4.8,52.0,37.0,7.0,37.4778946,126.95757863,서울특별시 관악구 관악로14길 94,서울,관악구,봉천동
한양냉면-관악점,"{'lat': '37.4797687', 'lng': '126.95751774'}","['한식', '분식', '일식/돈까스', '포장', '1인분주문']","{'average_rating': 4.9, 'count': 91, 'image_count': 74, 'reply_count': 21}",4.9,91.0,74.0,21.0,37.4797687,126.95751774,서울특별시 관악구 남부순환로 1869,서울,관악구,봉천동
통큰직화제육-신림점,"{'lat': '37.4693353', 'lng': '126.93633444'}","['한식', '고기/구이', '야식', '프랜차이즈']","{'average_rating': 5.0, 'count': 3, 'image_count': 3, 'reply_count': 0}",5.0,3.0,3.0,0.0,37.4693353,126.93633444,서울특별시 관악구 신림로17길 32,서울,관악구,신림동
엘노핌피자-본점,"{'lat': '37.4706773', 'lng': '126.93646825'}","['피자/양식', '치킨', '포장', '프랜차이즈']","{'average_rating': 4.6, 'count': 441, 'image_count': 151, 'reply_count': 130}",4.6,441.0,151.0,130.0,37.4706773,126.93646825,서울특별시 관악구 신림로 115,서울,관악구,신림동
찜했어요,"{'lat': '37.4911482046109', 'lng': '126.940780432949'}","['한식', '야식', '고기/구이', '찜/탕']","{'average_rating': 4.6, 'count': 383, 'image_count': 312, 'reply_count': 180}",4.6,383.0,312.0,180.0,37.4911482046109,126.940780432949,서울특별시 관악구 국회단지27길 15,서울,관악구,봉천동
노브랜드버거-신림점,"{'lat': '37.4706743', 'lng': '126.93372869'}","['버거', '프랜차이즈', '포장']","{'average_rating': 4.8, 'count': 40, 'image_count': 32, 'reply_count': 1}",4.8,40.0,32.0,1.0,37.4706743,126.93372869,서울특별시 관악구 호암로 600,서울,관악구,신림동
규디스샌드위치&샐러드-가산점,"{'lat': '37.4767416', 'lng': '126.88977227'}","['샐러드', '카페/디저트', '샌드위치', '포장', '야식']","{'average_rating': 4.9, 'count': 24, 'image_count': 12, 'reply_count': 22}",4.9,24.0,12.0,22.0,37.4767416,126.88977227,서울특별시 금천구 디지털로10길 37,서울,금천구,가산동
BBQ-신림5호점,"{'lat': '37.4829691664193', 'lng': '126.916519337787'}","['프랜차이즈', '치킨', '포장']","{'average_rating': 4.3, 'count': 1809, 'image_count': 726, 'reply_count': 178}",4.3,1809.0,726.0,178.0,37.4829691664193,126.916519337787,서울특별시 관악구 관천로11길 152,서울,관악구,신림동
오로지갈비찜,"{'lat': '37.4911482046109', 'lng': '126.940780432949'}","['한식', '야식', '고기/구이']","{'average_rating': 4.5, 'count': 74, 'image_count': 66, 'reply_count': 0}",4.5,74.0,66.0,0.0,37.4911482046109,126.940780432949,서울특별시 관악구 국회단지27길 15,서울,관악구,봉천동
카페인중독-낙성대점,"{'lat': '37.475191', 'lng': '126.96628286'}","['카페/디저트', '프랜차이즈', '포장']","{'average_rating': 4.9, 'count': 154, 'image_count': 135, 'reply_count': 15}",4.9,154.0,135.0,15.0,37.475191,126.96628286,서울특별시 관악구 인헌2길 11,서울,관악구,봉천동
한끼소곱창,"{'lat': '37.4911848', 'lng': '126.94080489'}","['한식', '고기/구이', '포장']","{'average_rating': 4.8, 'count': 42, 'image_count': 41, 'reply_count': 0}",4.8,42.0,41.0,0.0,37.4911848,126.94080489,서울특별시 관악구 국회단지27길 15,서울,관악구,봉천동
마라탕전문점소림마라-금천구로점,"{'lat': '37.470105202649364', 'lng': '126.90296311086057'}","['중국집', '한식', '포장', '프랜차이즈', '야식', '찜/탕']","{'average_rating': 4.9, 'count': 741, 'image_count': 771, 'reply_count': 0}",4.9,741.0,771.0,0.0,37.47010520264936,126.90296311086055,서울특별시 금천구 독산로 262,서울,금천구,독산동
윤이불카츠-봉천점,"{'lat': '37.4882002', 'lng': '126.9592373'}","['한식', '일식/돈까스', '분식', '야식', '포장']","{'average_rating': 4.9, 'count': 23, 'image_count': 17, 'reply_count': 20}",4.9,23.0,17.0,20.0,37.4882002,126.9592373,서울특별시 관악구 청림길 10-1,서울,관악구,봉천동
닭발공작소-봉천점,"{'lat': '37.4883972', 'lng': '126.95861422'}","['한식', '야식', '포장', '프랜차이즈']","{'average_rating': 5.0, 'count': 95, 'image_count': 104, 'reply_count': 0}",5.0,95.0,104.0,0.0,37.4883972,126.95861422,서울특별시 관악구 청림길 5,서울,관악구,봉천동
하이닭,"{'lat': '37.487278', 'lng': '126.94901357'}","['치킨', '포장', '야식']","{'average_rating': 5.0, 'count': 24, 'image_count': 18, 'reply_count': 24}",5.0,24.0,18.0,24.0,37.487278,126.94901357,서울특별시 관악구 은천로25길 9-2,서울,관악구,봉천동
레코드피자-신림점,"{'lat': '37.4693486', 'lng': '126.93903518'}","['피자/양식', '버거', '치킨', '포장', '야식', '프랜차이즈']","{'average_rating': 5.0, 'count': 103, 'image_count': 90, 'reply_count': 102}",5.0,103.0,90.0,102.0,37.4693486,126.93903518,서울특별시 관악구 대학5길 23,서울,관악구,신림동
두부장인-금천점,"{'lat': '37.4766142', 'lng': '126.90294283'}","['찜/탕', '한식', '고기/구이', '야식', '포장', '프랜차이즈']","{'average_rating': 4.5, 'count': 46, 'image_count': 42, 'reply_count': 17}",4.5,46.0,42.0,17.0,37.4766142,126.90294283,서울특별시 금천구 독산로103길 12,서울,금천구,독산동
찜닭특공대-구로점,"{'lat': '37.4845847', 'lng': '126.8890012'}","['찜/탕', '한식', '포장', '야식', '프랜차이즈']","{'average_rating': 4.9, 'count': 3168, 'image_count': 2784, 'reply_count': 3145}",4.9,3168.0,2784.0,3145.0,37.4845847,126.8890012,서울특별시 구로구 디지털로27길 94,서울,구로구,구로동
구영회참치앤초밥,"{'lat': '37.4818206992352', 'lng': '126.929215598753'}","['일식/돈까스', '회/초밥', '포장']","{'average_rating': 4.9, 'count': 515, 'image_count': 462, 'reply_count': 225}",4.9,515.0,462.0,225.0,37.4818206992352,126.929215598753,서울특별시 관악구 신원로 34,서울,관악구,신림동
포시즌준커피-본점,"{'lat': '37.4805803', 'lng': '126.90945233'}","['카페/디저트', '포장']","{'average_rating': 4.8, 'count': 8, 'image_count': 5, 'reply_count': 2}",4.8,8.0,5.0,2.0,37.4805803,126.90945233,서울특별시 금천구 남부순환로 1428,서울,금천구,독산동
아가씨김밥,"{'lat': '37.4832817', 'lng': '126.94627803'}","['한식', '분식']","{'average_rating': 4.8, 'count': 1241, 'image_count': 879, 'reply_count': 222}",4.8,1241.0,879.0,222.0,37.4832817,126.94627803,서울특별시 관악구 양녕로 13,서울,관악구,봉천동
교촌치킨-신림2호점,"{'lat': '37.4772663112554', 'lng': '126.915736993899'}","['야식', '프랜차이즈', '치킨', '포장']","{'average_rating': 4.8, 'count': 858, 'image_count': 616, 'reply_count': 41}",4.8,858.0,616.0,41.0,37.4772663112554,126.915736993899,서울특별시 관악구 난곡로 262,서울,관악구,신림동
헤비한끼오므라이스&파스타-신림점,"{'lat': '37.479343', 'lng': '126.9269165'}","['피자/양식', '한식', '일식/돈까스', '포장', '1인분주문', '신규맛집']","{'average_rating': 5.0, 'count': 2, 'image_count': 2, 'reply_count': 2}",5.0,2.0,2.0,2.0,37.479343,126.9269165,서울특별시 관악구 문성로 209,서울,관악구,신림동
조선귀족-구로점,"{'lat': '37.4964331914959', 'lng': '126.882943068355'}","['한식', '고기/구이', '족발/보쌈', '포장', '야식', '1인분주문']","{'average_rating': 4.9, 'count': 4227, 'image_count': 4221, 'reply_count': 4199}",4.9,4227.0,4221.0,4199.0,37.4964331914959,126.882943068355,서울특별시 구로구 구로동로42길 13,서울,구로구,구로동
정가네왕갈비탕,"{'lat': '37.4720438', 'lng': '126.93264986'}","['찜/탕', '한식', '포장']","{'average_rating': 5.0, 'count': 1, 'image_count': 0, 'reply_count': 0}",5.0,1.0,0.0,0.0,37.4720438,126.93264986,서울특별시 관악구 양산길 46,서울,관악구,신림동
냉면특공대-서울대직영점,"{'lat': '37.4853989', 'lng': '126.95637958'}","['포장', '1인분주문', '한식', '분식']","{'average_rating': 4.9, 'count': 68, 'image_count': 50, 'reply_count': 50}",4.9,68.0,50.0,50.0,37.4853989,126.95637958,서울특별시 관악구 관악로 236,서울,관악구,봉천동
설빙-신림점,"{'lat': '37.4838658', 'lng': '126.92829973'}","['카페/디저트', '프랜차이즈']","{'average_rating': 5.0, 'count': 1, 'image_count': 0, 'reply_count': 0}",5.0,1.0,0.0,0.0,37.4838658,126.92829973,서울특별시 관악구 남부순환로 1598,서울,관악구,신림동
사나운치킨-신대방삼거리점,"{'lat': '37.4990366335585', 'lng': '126.929702051054'}","['야식', '프랜차이즈', '치킨']","{'average_rating': 4.9, 'count': 814, 'image_count': 710, 'reply_count': 40}",4.9,814.0,710.0,40.0,37.4990366335585,126.929702051054,서울특별시 동작구 국사봉1길 21,서울,동작구,상도동
취향마라마라탕&마라샹궈-보라매점,"{'lat': '37.4999923', 'lng': '126.92562606'}","['중국집', '포장', '야식', '프랜차이즈', '신규맛집']","{'average_rating': 5.0, 'count': 7, 'image_count': 8, 'reply_count': 3}",5.0,7.0,8.0,3.0,37.4999923,126.92562606,서울특별시 동작구 상도로 45,서울,동작구,대방동
피자스쿨-숭실대점,"{'lat': '37.4969397171712', 'lng': '126.953540849777'}","['피자/양식', '프랜차이즈', '포장']","{'average_rating': 4.9, 'count': 451, 'image_count': 448, 'reply_count': 120}",4.9,451.0,448.0,120.0,37.4969397171712,126.953540849777,서울특별시 동작구 상도로 357,서울,동작구,상도동
호랑이삼겹살,"{'lat': '37.4760831', 'lng': '126.9386516'}","['한식', '고기/구이', '도시락/죽', '포장', '야식']","{'average_rating': 4.9, 'count': 16, 'image_count': 18, 'reply_count': 3}",4.9,16.0,18.0,3.0,37.4760831,126.9386516,서울특별시 관악구 신림로36길 21,서울,관악구,신림동
굿찜-신림점,"{'lat': '37.4683544', 'lng': '126.93640371'}","['찜/탕', '한식', '고기/구이', '야식', '포장', '1인분주문']","{'average_rating': 4.9, 'count': 191, 'image_count': 175, 'reply_count': 190}",4.9,191.0,175.0,190.0,37.4683544,126.93640371,서울특별시 관악구 신림로17길 53,서울,관악구,신림동
경아식당-신림점,"{'lat': '37.4824783', 'lng': '126.9295042'}","['한식', '분식', '고기/구이', '포장', '야식', '프랜차이즈']","{'average_rating': 5.0, 'count': 1, 'image_count': 1, 'reply_count': 0}",5.0,1.0,1.0,0.0,37.4824783,126.9295042,서울특별시 관악구 신림로59길 15-20,서울,관악구,신림동
피나치공-서울대점,"{'lat': '37.470258', 'lng': '126.93402798'}","['피자/양식', '치킨', '포장', '프랜차이즈']","{'average_rating': 4.7, 'count': 63, 'image_count': 64, 'reply_count': 0}",4.7,63.0,64.0,0.0,37.470258,126.93402798,서울특별시 관악구 호암로26가길 11,서울,관악구,신림동
브런치키스,"{'lat': '37.4853103671555', 'lng': '126.915905392221'}","['카페/디저트', '샐러드', '샌드위치']","{'average_rating': 5.0, 'count': 86, 'image_count': 86, 'reply_count': 8}",5.0,86.0,86.0,8.0,37.4853103671555,126.915905392221,서울특별시 관악구 조원로 123,서울,관악구,신림동
한솥도시락-구로호텔점,"{'lat': '37.4827943', 'lng': '126.89858271'}","['한식', '포장', '프랜차이즈']","{'average_rating': 4.9, 'count': 374, 'image_count': 315, 'reply_count': 2}",4.9,374.0,315.0,2.0,37.4827943,126.89858271,서울특별시 구로구 디지털로32가길 16,서울,구로구,구로동
선매떡볶이,"{'lat': '37.478426', 'lng': '126.9035997'}","['한식', '분식', '포장']","{'average_rating': 5.0, 'count': 24, 'image_count': 29, 'reply_count': 0}",5.0,24.0,29.0,0.0,37.478426,126.9035997,서울특별시 금천구 독산로 353,서울,금천구,독산동
무한대로김치찜-신림점,"{'lat': '37.4871239', 'lng': '126.92836606'}","['찜/탕', '한식', '포장', '야식', '1인분주문', '신규맛집']","{'average_rating': 5.0, 'count': 1, 'image_count': 2, 'reply_count': 1}",5.0,1.0,2.0,1.0,37.4871239,126.92836606,서울특별시 관악구 신림동1길 7,서울,관악구,신림동
피자스웨그-독산직영점,"{'lat': '37.4758977', 'lng': '126.90335159'}","['피자/양식', '야식', '프랜차이즈', '고기/구이', '치킨', '포장']","{'average_rating': 5.0, 'count': 457, 'image_count': 431, 'reply_count': 1}",5.0,457.0,431.0,1.0,37.4758977,126.90335159,서울특별시 금천구 독산로 325,서울,금천구,독산동
벚꽃집-동작점,"{'lat': '37.5038849', 'lng': '126.9427608'}","['한식', '일식/돈까스', '회/초밥', '포장', '프랜차이즈']","{'average_rating': 4.8, 'count': 110, 'image_count': 104, 'reply_count': 84}",4.8,110.0,104.0,84.0,37.5038849,126.9427608,서울특별시 동작구 상도로30길 40,서울,동작구,상도동
교촌치킨-봉천2호점,"{'lat': '37.479271776326', 'lng': '126.958706841803'}","['프랜차이즈', '치킨', '포장']","{'average_rating': 5.0, 'count': 2190, 'image_count': 1759, 'reply_count': 1956}",5.0,2190.0,1759.0,1956.0,37.479271776326,126.958706841803,서울특별시 관악구 남부순환로 1881,서울,관악구,봉천동
악동부대찌개-봉천점,"{'lat': '37.485138', 'lng': '126.95747545'}","['찜/탕', '한식', '프랜차이즈', '고기/구이', '야식', '포장']","{'average_rating': 5.0, 'count': 47, 'image_count': 35, 'reply_count': 0}",5.0,47.0,35.0,0.0,37.485138,126.95747545,서울특별시 관악구 관악로28길 22,서울,관악구,봉천동
토핑꾸운닭-동작본점,"{'lat': '37.506281926912266', 'lng': '126.93244853747646'}","['한식', '일식/돈까스', '야식', '포장']","{'average_rating': 4.9, 'count': 34, 'image_count': 28, 'reply_count': 0}",4.9,34.0,28.0,0.0,37.506281926912266,126.93244853747646,서울특별시 동작구 등용로 57,서울,동작구,대방동
닭들의전쟁,"{'lat': '37.4797711537112', 'lng': '126.911739259336'}","['한식', '야식', '고기/구이', '찜/탕']","{'average_rating': 4.5, 'count': 153, 'image_count': 82, 'reply_count': 120}",4.5,153.0,82.0,120.0,37.4797711537112,126.911739259336,서울특별시 관악구 남부순환로142길 31,서울,관악구,신림동
홍푸차이,"{'lat': '37.4828072', 'lng': '126.91863899'}","['중국집', '포장']","{'average_rating': 4.9, 'count': 76, 'image_count': 63, 'reply_count': 65}",4.9,76.0,63.0,65.0,37.4828072,126.91863899,서울특별시 관악구 남부순환로 1513,서울,관악구,신림동
요아정-상도역점,"{'lat': '37.5038849', 'lng': '126.9427608'}","['카페/디저트', '포장', '야식', '프랜차이즈']","{'average_rating': 4.9, 'count': 91, 'image_count': 63, 'reply_count': 71}",4.9,91.0,63.0,71.0,37.5038849,126.9427608,서울특별시 동작구 상도로30길 40,서울,동작구,상도동
골드버거,"{'lat': '37.4774124', 'lng': '126.89330941'}","['피자/양식', '버거', '야식', '포장', '치킨', '1인분주문']","{'average_rating': 4.9, 'count': 255, 'image_count': 220, 'reply_count': 203}",4.9,255.0,220.0,203.0,37.4774124,126.89330941,서울특별시 금천구 남부순환로112길 52,서울,금천구,가산동
타코구조대-신림점,"{'lat': '37.4773987', 'lng': '126.9376734'}","['분식', '일식/돈까스', '야식', '치킨', '포장']","{'average_rating': 5.0, 'count': 1, 'image_count': 1, 'reply_count': 0}",5.0,1.0,1.0,0.0,37.4773987,126.9376734,서울특별시 관악구 쑥고개로 3,서울,관악구,신림동
가마솥장우왕족발-신림점,"{'lat': '37.4721622178547', 'lng': '126.933099237014'}","['포장', '족발/보쌈']","{'average_rating': 4.9, 'count': 996, 'image_count': 810, 'reply_count': 49}",4.9,996.0,810.0,49.0,37.4721622178547,126.933099237014,서울특별시 관악구 양지길 2,서울,관악구,신림동
일품숯불갈비-서울대직영점,"{'lat': '37.4853989', 'lng': '126.95637958'}","['한식', '고기/구이', '포장', '1인분주문', '신규맛집']","{'average_rating': 0.0, 'count': 0, 'image_count': 0, 'reply_count': 0}",0.0,0.0,0.0,0.0,37.4853989,126.95637958,서울특별시 관악구 관악로 236,서울,관악구,봉천동
진교동조선김치찜-관악점,"{'lat': '37.4865123', 'lng': '126.9416755'}","['찜/탕', '한식', '포장']","{'average_rating': 0.0, 'count': 0, 'image_count': 0, 'reply_count': 0}",0.0,0.0,0.0,0.0,37.4865123,126.9416755,서울특별시 관악구 국회단지2길 40,서울,관악구,봉천동
구이닭구이담-신대방삼거리역1번출구점,"{'lat': '37.4995721', 'lng': '126.92922978'}","['아시안', '고기/구이', '치킨', '포장']","{'average_rating': 0.0, 'count': 0, 'image_count': 0, 'reply_count': 0}",0.0,0.0,0.0,0.0,37.4995721,126.92922978,서울특별시 동작구 상도로 78,서울,동작구,대방동
아빠네불닭발-관악점,"{'lat': '37.4767507', 'lng': '126.95422398'}","['한식', '고기/구이', '포장', '분식']","{'average_rating': 5.0, 'count': 25, 'image_count': 19, 'reply_count': 24}",5.0,25.0,19.0,24.0,37.4767507,126.95422398,서울특별시 관악구 남부순환로228길 69,서울,관악구,봉천동
1인피자피자마루UP-성대시장점,"{'lat': '37.4992384', 'lng': '126.93296635'}","['피자/양식', '프랜차이즈', '포장', '1인분주문']","{'average_rating': 3.7, 'count': 3, 'image_count': 1, 'reply_count': 0}",3.7,3.0,1.0,0.0,37.4992384,126.93296635,서울특별시 동작구 성대로 30,서울,동작구,상도동
플로레스타229,"{'lat': '37.4793083045647', 'lng': '126.929288939835'}","['카페/디저트', '포장']","{'average_rating': 5.0, 'count': 3, 'image_count': 2, 'reply_count': 0}",5.0,3.0,2.0,0.0,37.4793083045647,126.929288939835,서울특별시 관악구 문성로 229,서울,관악구,신림동
닭가대표숯불직화구이치킨-관악점,"{'lat': '37.4799033', 'lng': '126.95512068'}","['프랜차이즈', '치킨', '포장', '야식', '분식', '고기/구이']","{'average_rating': 4.9, 'count': 610, 'image_count': 524, 'reply_count': 599}",4.9,610.0,524.0,599.0,37.4799033,126.95512068,서울특별시 관악구 남부순환로 1848-6,서울,관악구,봉천동
7번방의도시락선물-신림본점,"{'lat': '37.4838803', 'lng': '126.93991232'}","['한식', '고기/구이', '도시락/죽', '야식']","{'average_rating': 5.0, 'count': 8, 'image_count': 14, 'reply_count': 8}",5.0,8.0,14.0,8.0,37.4838803,126.93991232,서울특별시 관악구 봉천로 360-1,서울,관악구,봉천동
이선생듬뿍주는김치찜-신림점,"{'lat': '37.4691477', 'lng': '126.9365295'}","['찜/탕', '한식', '야식', '포장', '신규맛집']","{'average_rating': 0.0, 'count': 0, 'image_count': 0, 'reply_count': 0}",0.0,0.0,0.0,0.0,37.4691477,126.9365295,서울특별시 관악구 대학6길 22,서울,관악구,신림동
청년곱도리탕-동작점,"{'lat': '37.5060986540062', 'lng': '126.935364622501'}","['찜/탕', '한식', '포장']","{'average_rating': 5.0, 'count': 166, 'image_count': 146, 'reply_count': 7}",5.0,166.0,146.0,7.0,37.5060986540062,126.935364622501,서울특별시 동작구 등용로 38,서울,동작구,상도동
땅스즉석떡볶이-봉천역점,"{'lat': '37.4819733', 'lng': '126.94378647'}","['분식', '프랜차이즈', '포장', '찜/탕']","{'average_rating': 5.0, 'count': 6, 'image_count': 4, 'reply_count': 6}",5.0,6.0,4.0,6.0,37.4819733,126.94378647,서울특별시 관악구 남부순환로 1744-1,서울,관악구,봉천동
청년냉면-동작점,"{'lat': '37.5007066', 'lng': '126.9467424'}","['한식', '포장', '야식', '프랜차이즈', '1인분주문', '신규맛집']","{'average_rating': 4.8, 'count': 6, 'image_count': 5, 'reply_count': 5}",4.8,6.0,5.0,5.0,37.5007066,126.9467424,서울특별시 동작구 양녕로 220,서울,동작구,상도동
제육이네국물두루치기-신림점,"{'lat': '37.4799186', 'lng': '126.91165005'}","['한식', '고기/구이', '포장', '프랜차이즈']","{'average_rating': 5.0, 'count': 6, 'image_count': 16, 'reply_count': 5}",5.0,6.0,16.0,5.0,37.4799186,126.91165005,서울특별시 관악구 남부순환로142길 27,서울,관악구,신림동
왕만두네만월마라탕,"{'lat': '37.4751632883557', 'lng': '126.900999884358'}","['중국집', '야식', '아시안', '찜/탕', '포장']","{'average_rating': 4.7, 'count': 535, 'image_count': 437, 'reply_count': 120}",4.7,535.0,437.0,120.0,37.4751632883557,126.900999884358,서울특별시 금천구 시흥대로148길 43,서울,금천구,독산동
굽네치킨&피자-성현점,"{'lat': '37.4869717', 'lng': '126.94890921'}","['피자/양식', '야식', '프랜차이즈', '치킨', '포장']","{'average_rating': 4.8, 'count': 2468, 'image_count': 1836, 'reply_count': 799}",4.8,2468.0,1836.0,799.0,37.4869717,126.94890921,서울특별시 관악구 은천로25길 3,서울,관악구,봉천동
요아정-서울대벤처타운역점,"{'lat': '37.4686852', 'lng': '126.93619782'}","['카페/디저트', '포장', '프랜차이즈']","{'average_rating': 4.9, 'count': 55, 'image_count': 49, 'reply_count': 29}",4.9,55.0,49.0,29.0,37.4686852,126.93619782,서울특별시 관악구 호암로22길 61,서울,관악구,신림동
포엠쓰리-신림점,"{'lat': '37.4672459', 'lng': '126.93768152'}","['중국집', '야식', '아시안', '포장']","{'average_rating': 4.8, 'count': 625, 'image_count': 594, 'reply_count': 554}",4.8,625.0,594.0,554.0,37.4672459,126.93768152,서울특별시 관악구 대학길 77,서울,관악구,신림동
"연탄할매곱창,막창&닭발-숭실점","{'lat': '37.499599', 'lng': '126.95134043'}","['한식', '고기/구이', '야식', '포장', '프랜차이즈']","{'average_rating': 4.8, 'count': 141, 'image_count': 123, 'reply_count': 0}",4.8,141.0,123.0,0.0,37.499599,126.95134043,서울특별시 동작구 상도로47길 4,서울,동작구,상도동
안녕하새우-신림점,"{'lat': '37.4797853', 'lng': '126.94277726'}","['분식', '일식/돈까스', '회/초밥', '야식', '프랜차이즈']","{'average_rating': 5.0, 'count': 2, 'image_count': 1, 'reply_count': 2}",5.0,2.0,1.0,2.0,37.4797853,126.94277726,서울특별시 관악구 쑥고개로 57,서울,관악구,봉천동
피자어때-관악점,"{'lat': '37.48002187615634', 'lng': '126.9330862880287'}","['피자/양식', '야식', '포장']","{'average_rating': 5.0, 'count': 4, 'image_count': 3, 'reply_count': 4}",5.0,4.0,3.0,4.0,37.48002187615634,126.9330862880287,서울특별시 관악구 신림로48길 17-20,서울,관악구,신림동
김선생불닭발-관악점,"{'lat': '37.4686183', 'lng': '126.93559228'}","['한식', '고기/구이', '포장', '야식', '분식', '프랜차이즈']","{'average_rating': 4.9, 'count': 65, 'image_count': 62, 'reply_count': 40}",4.9,65.0,62.0,40.0,37.4686183,126.93559228,서울특별시 관악구 호암로22길 52,서울,관악구,신림동
무적치킨-관악점,"{'lat': '37.4835787', 'lng': '126.94354311'}","['피자/양식', '치킨', '포장', '프랜차이즈', '신규맛집']","{'average_rating': 4.5, 'count': 2, 'image_count': 1, 'reply_count': 2}",4.5,2.0,1.0,2.0,37.4835787,126.94354311,서울특별시 관악구 봉천로33길 7,서울,관악구,봉천동
미식가의1인닭도리1인찜닭,"{'lat': '37.4807732', 'lng': '126.94581927'}","['포장', '한식', '야식', '찜/탕']","{'average_rating': 4.6, 'count': 132, 'image_count': 91, 'reply_count': 1}",4.6,132.0,91.0,1.0,37.4807732,126.94581927,서울특별시 관악구 청룡4길 5,서울,관악구,봉천동
쌈밥다이어트-금천점,"{'lat': '37.4766142', 'lng': '126.90294283'}","['찜/탕', '한식', '고기/구이', '야식', '포장', '프랜차이즈']","{'average_rating': 4.7, 'count': 39, 'image_count': 37, 'reply_count': 19}",4.7,39.0,37.0,19.0,37.4766142,126.90294283,서울특별시 금천구 독산로103길 12,서울,금천구,독산동
87족발,"{'lat': '37.4998639258776', 'lng': '126.914494198194'}","['포장', '족발/보쌈', '야식', '프랜차이즈']","{'average_rating': 4.9, 'count': 322, 'image_count': 341, 'reply_count': 322}",4.9,322.0,341.0,322.0,37.4998639258776,126.914494198194,서울특별시 영등포구 신풍로 76,서울,영등포구,신길동
BRsingles-신림점,"{'lat': '37.4821433655296', 'lng': '126.929667127465'}","['카페/디저트', '프랜차이즈', '포장', '1인분주문']","{'average_rating': 5.0, 'count': 6, 'image_count': 3, 'reply_count': 0}",5.0,6.0,3.0,0.0,37.4821433655296,126.929667127465,서울특별시 관악구 신림로 311,서울,관악구,신림동
바론참치,"{'lat': '37.4845375267742', 'lng': '126.955643468119'}","['포장', '일식/돈까스', '회/초밥']","{'average_rating': 4.9, 'count': 460, 'image_count': 385, 'reply_count': 77}",4.9,460.0,385.0,77.0,37.4845375267742,126.955643468119,서울특별시 관악구 관악로 224,서울,관악구,봉천동
오태식해바라기치킨-관악점,"{'lat': '37.4773987', 'lng': '126.9376734'}","['포장', '프랜차이즈', '치킨', '야식', '1인분주문']","{'average_rating': 4.7, 'count': 185, 'image_count': 119, 'reply_count': 117}",4.7,185.0,119.0,117.0,37.4773987,126.9376734,서울특별시 관악구 쑥고개로 3,서울,관악구,신림동
백정밥상-금천점,"{'lat': '37.4766142', 'lng': '126.90294283'}","['한식', '도시락/죽', '고기/구이', '야식', '포장', '프랜차이즈']","{'average_rating': 4.9, 'count': 12, 'image_count': 13, 'reply_count': 5}",4.9,12.0,13.0,5.0,37.4766142,126.90294283,서울특별시 금천구 독산로103길 12,서울,금천구,독산동
예이KEEPEATING-서울대입구점,"{'lat': '37.4877201', 'lng': '126.95992422'}","['피자/양식', '카페/디저트', '일식/돈까스', '포장']","{'average_rating': 5.0, 'count': 44, 'image_count': 38, 'reply_count': 39}",5.0,44.0,38.0,39.0,37.4877201,126.95992422,서울특별시 관악구 청림6길 3,서울,관악구,봉천동
동대문엽기떡볶이-숭실대점,"{'lat': '37.4996557', 'lng': '126.95107688'}","['한식', '분식', '프랜차이즈', '포장']","{'average_rating': 4.9, 'count': 1182, 'image_count': 927, 'reply_count': 0}",4.9,1182.0,927.0,0.0,37.4996557,126.95107688,서울특별시 동작구 상도로 319,서울,동작구,상도1동
최마라마라탕&마라샹궈-본점,"{'lat': '37.4823278', 'lng': '126.9445969'}","['중국집', '찜/탕', '아시안', '포장', '야식']","{'average_rating': 5.0, 'count': 31, 'image_count': 26, 'reply_count': 5}",5.0,31.0,26.0,5.0,37.4823278,126.9445969,서울특별시 관악구 남부순환로 1749,서울,관악구,봉천동
위대한냉면-관악점,"{'lat': '37.4797687', 'lng': '126.95751774'}","['한식', '분식', '고기/구이', '포장', '1인분주문']","{'average_rating': 5.0, 'count': 4, 'image_count': 3, 'reply_count': 0}",5.0,4.0,3.0,0.0,37.4797687,126.95751774,서울특별시 관악구 남부순환로 1869,서울,관악구,봉천동
샐러리아샐러드&포케-서울대입구점,"{'lat': '37.4802333', 'lng': '126.95124352'}","['샐러드', '카페/디저트', '샌드위치', '포장', '프랜차이즈']","{'average_rating': 4.9, 'count': 7, 'image_count': 7, 'reply_count': 0}",4.9,7.0,7.0,0.0,37.4802333,126.95124352,서울특별시 관악구 관악로15길 21,서울,관악구,봉천동
BRsingles-보라매공원점,"{'lat': '37.4967791', 'lng': '126.91634037'}","['카페/디저트', '프랜차이즈', '포장', '1인분주문']","{'average_rating': 0.0, 'count': 0, 'image_count': 0, 'reply_count': 0}",0.0,0.0,0.0,0.0,37.4967791,126.91634037,서울특별시 동작구 여의대방로 86-1,서울,동작구,신대방동
천수냉면-영등포직영점,"{'lat': '37.5066355', 'lng': '126.90942362'}","['포장', '한식', '고기/구이']","{'average_rating': 4.9, 'count': 1435, 'image_count': 1245, 'reply_count': 341}",4.9,1435.0,1245.0,341.0,37.5066355,126.90942362,서울특별시 영등포구 가마산로71길 8,서울,영등포구,신길동
갱상북도청도미나리삼겹-신림점,"{'lat': '37.4869178', 'lng': '126.93873563'}","['찜/탕', '한식', '고기/구이', '야식', '포장', '프랜차이즈']","{'average_rating': 1.0, 'count': 1, 'image_count': 0, 'reply_count': 1}",1.0,1.0,0.0,1.0,37.4869178,126.93873563,서울특별시 관악구 봉천로23나길 59,서울,관악구,봉천동
감탄계숯불치킨-봉천점,"{'lat': '37.4865276', 'lng': '126.95840221'}","['고기/구이', '프랜차이즈', '도시락/죽', '치킨', '포장', '야식', '신규맛집']","{'average_rating': 5.0, 'count': 3, 'image_count': 2, 'reply_count': 0}",5.0,3.0,2.0,0.0,37.4865276,126.95840221,서울특별시 관악구 관악로30길 11-1,서울,관악구,봉천동
돼찜돼지품은김치찜-신림점,"{'lat': '37.4683544', 'lng': '126.93640371'}","['찜/탕', '한식', '포장', '야식', '1인분주문']","{'average_rating': 4.8, 'count': 18, 'image_count': 19, 'reply_count': 18}",4.8,18.0,19.0,18.0,37.4683544,126.93640371,서울특별시 관악구 신림로17길 53,서울,관악구,신림동
프랭크버거-장승배기역점,"{'lat': '37.5048499', 'lng': '126.93786966'}","['버거', '포장', '프랜차이즈']","{'average_rating': 4.8, 'count': 69, 'image_count': 52, 'reply_count': 69}",4.8,69.0,52.0,69.0,37.5048499,126.93786966,서울특별시 동작구 상도로15길 131,서울,동작구,상도동
리얼짜글이-구로디지털단지점,"{'lat': '37.4862991', 'lng': '126.9052193'}","['찜/탕', '한식', '도시락/죽', '포장', '프랜차이즈', '1인분주문']","{'average_rating': 1.0, 'count': 1, 'image_count': 0, 'reply_count': 0}",1.0,1.0,0.0,0.0,37.4862991,126.9052193,서울특별시 동작구 시흥대로 606,서울,동작구,신대방동
스시마케또-봉천본점,"{'lat': '37.4834714', 'lng': '126.94325036'}","['일식/돈까스', '회/초밥', '포장']","{'average_rating': 4.9, 'count': 12, 'image_count': 10, 'reply_count': 0}",4.9,12.0,10.0,0.0,37.4834714,126.94325036,서울특별시 관악구 봉천로 391,서울,관악구,봉천동
백억커피-신림난곡점,"{'lat': '37.4750768', 'lng': '126.91701944'}","['카페/디저트', '프랜차이즈', '야식']","{'average_rating': 5.0, 'count': 33, 'image_count': 28, 'reply_count': 0}",5.0,33.0,28.0,0.0,37.4750768,126.91701944,서울특별시 관악구 난곡로 232-1,서울,관악구,신림동
바삭한하루-상도점,"{'lat': '37.5055304', 'lng': '126.94661161'}","['치킨', '야식', '포장']","{'average_rating': 5.0, 'count': 6, 'image_count': 5, 'reply_count': 5}",5.0,6.0,5.0,5.0,37.5055304,126.94661161,서울특별시 동작구 만양로 7,서울,동작구,상도동
맘스터치피자앤치킨-서울대입구역점,"{'lat': '37.4821878', 'lng': '126.95363005'}","['피자/양식', '프랜차이즈', '포장']","{'average_rating': 4.1, 'count': 55, 'image_count': 56, 'reply_count': 0}",4.1,55.0,56.0,0.0,37.4821878,126.95363005,서울특별시 관악구 관악로 192,서울,관악구,봉천동
서가숯불닭갈비막국수,"{'lat': '37.4690446022846', 'lng': '126.938905814359'}","['한식', '고기/구이', '포장', '야식']","{'average_rating': 4.7, 'count': 465, 'image_count': 455, 'reply_count': 204}",4.7,465.0,455.0,204.0,37.4690446022846,126.938905814359,서울특별시 관악구 신림로11길 31,서울,관악구,신림동
마라타임마라탕&마라샹궈-금천점,"{'lat': '37.4689627', 'lng': '126.89562068'}","['중국집', '찜/탕', '아시안', '포장']","{'average_rating': 4.9, 'count': 144, 'image_count': 136, 'reply_count': 7}",4.9,144.0,136.0,7.0,37.4689627,126.89562068,서울특별시 금천구 두산로 70,서울,금천구,독산동
김치찜을부탁해,"{'lat': '37.4845847', 'lng': '126.8890012'}","['찜/탕', '한식', '고기/구이', '야식', '포장']","{'average_rating': 4.9, 'count': 749, 'image_count': 573, 'reply_count': 681}",4.9,749.0,573.0,681.0,37.4845847,126.8890012,서울특별시 구로구 디지털로27길 94,서울,구로구,구로동
최희성고려왕족발,"{'lat': '37.481517', 'lng': '126.94652264'}","['한식', '족발/보쌈', '야식']","{'average_rating': 4.8, 'count': 57, 'image_count': 53, 'reply_count': 23}",4.8,57.0,53.0,23.0,37.481517,126.94652264,서울특별시 관악구 청룡길 9,서울,관악구,봉천동
천년닭강정-동작점,"{'lat': '37.5033848', 'lng': '126.94470951'}","['치킨', '포장', '분식', '프랜차이즈']","{'average_rating': 5.0, 'count': 53, 'image_count': 51, 'reply_count': 51}",5.0,53.0,51.0,51.0,37.5033848,126.94470951,서울특별시 동작구 상도로34길 36,서울,동작구,상도동
아구세상-봉천점,"{'lat': '37.4832355438874', 'lng': '126.940984093633'}","['한식', '찜/탕', '프랜차이즈']","{'average_rating': 4.9, 'count': 65, 'image_count': 55, 'reply_count': 0}",4.9,65.0,55.0,0.0,37.4832355438874,126.940984093633,서울특별시 관악구 남부순환로 1713-20,서울,관악구,봉천동
박종주반죽소-신림점,"{'lat': '37.4743735', 'lng': '126.91926479'}","['찜/탕', '한식', '분식', '포장']","{'average_rating': 5.0, 'count': 1, 'image_count': 1, 'reply_count': 0}",5.0,1.0,1.0,0.0,37.4743735,126.91926479,서울특별시 관악구 법원단지길 27,서울,관악구,신림동
밥부르기니-신림점,"{'lat': '37.4871239', 'lng': '126.92836606'}","['한식', '포장', '야식', '프랜차이즈', '1인분주문', '신규맛집']","{'average_rating': 0.0, 'count': 0, 'image_count': 0, 'reply_count': 0}",0.0,0.0,0.0,0.0,37.4871239,126.92836606,서울특별시 관악구 신림동1길 7,서울,관악구,신림동
요아정-숭실대점,"{'lat': '37.4972076', 'lng': '126.95352534'}","['카페/디저트', '포장', '프랜차이즈']","{'average_rating': 4.7, 'count': 200, 'image_count': 182, 'reply_count': 177}",4.7,200.0,182.0,177.0,37.4972076,126.95352534,서울특별시 동작구 상도로55길 1,서울,동작구,상도동
옛날황소곱창,"{'lat': '37.4837529676647', 'lng': '126.900561001647'}","['한식', '고기/구이']","{'average_rating': 4.8, 'count': 130, 'image_count': 109, 'reply_count': 0}",4.8,130.0,109.0,0.0,37.4837529676647,126.900561001647,서울특별시 구로구 디지털로32나길 16,서울,구로구,구로동
사골집-서울대입구역점,"{'lat': '37.4805773', 'lng': '126.94742874'}","['찜/탕', '한식', '포장', '야식']","{'average_rating': 5.0, 'count': 5, 'image_count': 2, 'reply_count': 0}",5.0,5.0,2.0,0.0,37.4805773,126.94742874,서울특별시 관악구 청룡3길 22,서울,관악구,봉천동
TACO89,"{'lat': '37.4979282584664', 'lng': '126.928479489037'}","['피자/양식', '야식', '치킨']","{'average_rating': 4.7, 'count': 147, 'image_count': 107, 'reply_count': 138}",4.7,147.0,107.0,138.0,37.4979282584664,126.928479489037,서울특별시 동작구 보라매로 98-5,서울,동작구,신대방동
BHC-신림난우점,"{'lat': '37.4703959', 'lng': '126.91962021'}","['프랜차이즈', '치킨', '포장']","{'average_rating': 5.0, 'count': 282, 'image_count': 250, 'reply_count': 11}",5.0,282.0,250.0,11.0,37.4703959,126.91962021,서울특별시 관악구 난곡로 171,서울,관악구,신림동
맛공방,"{'lat': '37.479343', 'lng': '126.9269165'}","['찜/탕', '한식', '포장', '1인분주문', '도시락/죽']","{'average_rating': 5.0, 'count': 52, 'image_count': 50, 'reply_count': 52}",5.0,52.0,50.0,52.0,37.479343,126.9269165,서울특별시 관악구 문성로 209,서울,관악구,신림동
돈까스튀기는형-관악점,"{'lat': '37.4743957', 'lng': '126.91606737'}","['한식', '분식', '일식/돈까스', '프랜차이즈']","{'average_rating': 5.0, 'count': 348, 'image_count': 281, 'reply_count': 302}",5.0,348.0,281.0,302.0,37.4743957,126.91606737,서울특별시 관악구 미성길 15,서울,관악구,신림동
김사부의곱창명가-관악점,"{'lat': '37.4686183', 'lng': '126.93559228'}","['고기/구이', '포장', '야식', '한식', '분식', '프랜차이즈']","{'average_rating': 4.9, 'count': 27, 'image_count': 27, 'reply_count': 7}",4.9,27.0,27.0,7.0,37.4686183,126.93559228,서울특별시 관악구 호암로22길 52,서울,관악구,신림동
배스킨라빈스-대림삼거리점,"{'lat': '37.4908450430665', 'lng': '126.908520345526'}","['카페/디저트', '프랜차이즈', '포장']","{'average_rating': 4.9, 'count': 252, 'image_count': 199, 'reply_count': 32}",4.9,252.0,199.0,32.0,37.4908450430665,126.908520345526,서울특별시 동작구 시흥대로 664-1,서울,동작구,신대방동
푸짐한찜탕,"{'lat': '37.4797711537112', 'lng': '126.911739259336'}","['한식', '야식', '고기/구이', '찜/탕']","{'average_rating': 4.2, 'count': 75, 'image_count': 54, 'reply_count': 49}",4.2,75.0,54.0,49.0,37.4797711537112,126.911739259336,서울특별시 관악구 남부순환로142길 31,서울,관악구,신림동
교촌치킨-상도중앙점,"{'lat': '37.5004823143573', 'lng': '126.949570824748'}","['프랜차이즈', '치킨', '포장']","{'average_rating': 4.9, 'count': 3375, 'image_count': 2761, 'reply_count': 1153}",4.9,3375.0,2761.0,1153.0,37.5004823143573,126.949570824748,서울특별시 동작구 상도로 306,서울,동작구,상도동
천수냉면-상도점,"{'lat': '37.4995516', 'lng': '126.94351757'}","['한식', '분식', '일식/돈까스', '포장', '프랜차이즈']","{'average_rating': 5.0, 'count': 26, 'image_count': 22, 'reply_count': 4}",5.0,26.0,22.0,4.0,37.4995516,126.94351757,서울특별시 동작구 장승배기로 8-1,서울,동작구,상도동
핫오리-신대방점,"{'lat': '37.4866800136287', 'lng': '126.915032406647'}","['중국집', '야식', '프랜차이즈']","{'average_rating': 4.7, 'count': 24, 'image_count': 10, 'reply_count': 2}",4.7,24.0,10.0,2.0,37.4866800136287,126.915032406647,서울특별시 관악구 신사로10길 21,서울,관악구,신림동
스시요일 본점,"{'lat': '37.4859944', 'lng': '126.92117477'}","['회/초밥', '포장', '야식', '찜/탕', '일식/돈까스']","{'average_rating': 4.7, 'count': 29, 'image_count': 24, 'reply_count': 10}",4.7,29.0,24.0,10.0,37.4859944,126.92117477,서울특별시 관악구 조원로 170,서울,관악구,신림동
리얼피자-신림점,"{'lat': '37.4738482979527', 'lng': '126.938648603932'}","['피자/양식', '포장', '야식']","{'average_rating': 5.0, 'count': 3029, 'image_count': 2926, 'reply_count': 577}",5.0,3029.0,2926.0,577.0,37.4738482979527,126.938648603932,서울특별시 관악구 서림길 53,서울,관악구,신림동
우리마을생선가게-신대방삼거리점,"{'lat': '37.4992051', 'lng': '126.92765183'}","['찜/탕', '한식', '고기/구이', '포장', '야식']","{'average_rating': 4.8, 'count': 20, 'image_count': 4, 'reply_count': 7}",4.8,20.0,4.0,7.0,37.4992051,126.92765183,서울특별시 동작구 여의대방로24길 137,서울,동작구,대방동
에이치플레이스&디저트,"{'lat': '37.5042852834348', 'lng': '126.923105374108'}",['카페/디저트'],"{'average_rating': 4.9, 'count': 121, 'image_count': 94, 'reply_count': 0}",4.9,121.0,94.0,0.0,37.5042852834348,126.923105374108,서울특별시 동작구 여의대방로36길 10,서울,동작구,대방동
인기급상승떡볶이-금천점,"{'lat': '37.4588673', 'lng': '126.89972464'}","['분식', '포장', '야식']","{'average_rating': 5.0, 'count': 45, 'image_count': 41, 'reply_count': 45}",5.0,45.0,41.0,45.0,37.4588673,126.89972464,서울특별시 금천구 시흥대로78길 17,서울,금천구,독산동
이게김치찌개&김치찜-신림점,"{'lat': '37.4841958', 'lng': '126.92511351'}","['찜/탕', '한식', '고기/구이', '포장', '야식', '1인분주문']","{'average_rating': 5.0, 'count': 9, 'image_count': 6, 'reply_count': 0}",5.0,9.0,6.0,0.0,37.4841958,126.92511351,서울특별시 관악구 관천로 59,서울,관악구,신림동
BHC-봉천청림점,"{'lat': '37.4882002', 'lng': '126.9592373'}","['프랜차이즈', '치킨', '포장']","{'average_rating': 4.9, 'count': 416, 'image_count': 368, 'reply_count': 0}",4.9,416.0,368.0,0.0,37.4882002,126.9592373,서울특별시 관악구 청림길 10-1,서울,관악구,봉천동
삼겹살의품격-구로디지털단지점,"{'lat': '37.4862991', 'lng': '126.9052193'}","['한식', '고기/구이', '도시락/죽', '포장', '프랜차이즈', '1인분주문']","{'average_rating': 4.3, 'count': 3, 'image_count': 2, 'reply_count': 0}",4.3,3.0,2.0,0.0,37.4862991,126.9052193,서울특별시 동작구 시흥대로 606,서울,동작구,신대방동
비빔밥입니다-구로디지털단지점,"{'lat': '37.4862991', 'lng': '126.9052193'}","['한식', '포장', '프랜차이즈', '1인분주문']","{'average_rating': 4.9, 'count': 8, 'image_count': 6, 'reply_count': 0}",4.9,8.0,6.0,0.0,37.4862991,126.9052193,서울특별시 동작구 시흥대로 606,서울,동작구,신대방동
불족대가-영등포구점,"{'lat': '37.5096921', 'lng': '126.90766294'}","['고기/구이', '족발/보쌈', '야식', '포장', '프랜차이즈', '신규맛집']","{'average_rating': 5.0, 'count': 2, 'image_count': 1, 'reply_count': 0}",5.0,2.0,1.0,0.0,37.5096921,126.90766294,서울특별시 영등포구 도신로 145,서울,영등포구,도림동
프랭크버거-신대방삼거리역점,"{'lat': '37.499915', 'lng': '126.92712555'}","['피자/양식', '버거', '포장', '야식', '프랜차이즈']","{'average_rating': 4.7, 'count': 146, 'image_count': 122, 'reply_count': 21}",4.7,146.0,122.0,21.0,37.499915,126.92712555,서울특별시 동작구 상도로 59,서울,동작구,대방동
두찜-동작상도점,"{'lat': '37.4998179', 'lng': '126.95163696'}","['찜/탕', '한식', '프랜차이즈', '포장']","{'average_rating': 4.9, 'count': 90, 'image_count': 85, 'reply_count': 87}",4.9,90.0,85.0,87.0,37.4998179,126.95163696,서울특별시 동작구 상도로47길 12,서울,동작구,상도동
후라이드치킨ZIP-직영점,"{'lat': '37.4807673', 'lng': '126.90445923'}","['한식', '치킨', '포장', '프랜차이즈', '야식']","{'average_rating': 4.6, 'count': 22, 'image_count': 17, 'reply_count': 4}",4.6,22.0,17.0,4.0,37.4807673,126.90445923,서울특별시 관악구 조원중앙로 9,서울,관악구,신림동
카페아에-금천점,"{'lat': '37.47275900737963', 'lng': '126.89689546104506'}","['카페/디저트', '포장', '야식', '프랜차이즈', '분식']","{'average_rating': 4.9, 'count': 231, 'image_count': 185, 'reply_count': 2}",4.9,231.0,185.0,2.0,37.47275900737963,126.89689546104506,서울특별시 금천구 시흥대로139길 19,서울,금천구,독산동
선넘는고기냉면-관악점,"{'lat': '37.4794155', 'lng': '126.94194469'}","['한식', '분식', '고기/구이', '야식', '포장', '프랜차이즈']","{'average_rating': 4.2, 'count': 10, 'image_count': 9, 'reply_count': 6}",4.2,10.0,9.0,6.0,37.4794155,126.94194469,서울특별시 관악구 쑥고개로 48,서울,관악구,봉천동
갓피자-신림점,"{'lat': '37.4693486', 'lng': '126.93903518'}","['피자/양식', '버거', '치킨', '포장', '야식']","{'average_rating': 5.0, 'count': 24, 'image_count': 23, 'reply_count': 23}",5.0,24.0,23.0,23.0,37.4693486,126.93903518,서울특별시 관악구 대학5길 23,서울,관악구,신림동
용용마라탕-봉천점,"{'lat': '37.4880808', 'lng': '126.95986787'}","['중국집', '찜/탕', '아시안', '야식']","{'average_rating': 4.9, 'count': 1097, 'image_count': 896, 'reply_count': 42}",4.9,1097.0,896.0,42.0,37.4880808,126.95986787,서울특별시 관악구 청림길 18,서울,관악구,봉천동
감탄계덮밥-봉천점,"{'lat': '37.4865276', 'lng': '126.95840221'}","['한식', '치킨', '포장', '야식', '신규맛집']","{'average_rating': 0.0, 'count': 0, 'image_count': 0, 'reply_count': 0}",0.0,0.0,0.0,0.0,37.4865276,126.95840221,서울특별시 관악구 관악로30길 11-1,서울,관악구,봉천동
굽네치킨&피자-대방점,"{'lat': '37.5044842381669', 'lng': '126.923304366027'}","['피자/양식', '프랜차이즈', '치킨', '포장']","{'average_rating': 4.6, 'count': 2992, 'image_count': 1859, 'reply_count': 413}",4.6,2992.0,1859.0,413.0,37.5044842381669,126.923304366027,서울특별시 동작구 여의대방로36길 10-7,서울,동작구,대방동
120겹파이&올라도넛,"{'lat': '37.4756942', 'lng': '126.90001617'}","['샐러드', '카페/디저트', '샌드위치', '포장']","{'average_rating': 4.9, 'count': 120, 'image_count': 108, 'reply_count': 116}",4.9,120.0,108.0,116.0,37.4756942,126.90001617,서울특별시 금천구 시흥대로150길 20,서울,금천구,독산동
한제소곱창전골-신대방삼거리역점,"{'lat': '37.4985598', 'lng': '126.92608257'}","['고기/구이', '프랜차이즈']","{'average_rating': 5.0, 'count': 13, 'image_count': 12, 'reply_count': 7}",5.0,13.0,12.0,7.0,37.4985598,126.92608257,서울특별시 동작구 여의대방로22길 121,서울,동작구,신대방동
모두감자탕&순대국,"{'lat': '37.4995806', 'lng': '126.93196063'}","['포장', '한식', '찜/탕']","{'average_rating': 4.9, 'count': 39, 'image_count': 28, 'reply_count': 39}",4.9,39.0,28.0,39.0,37.4995806,126.93196063,서울특별시 동작구 성대로2길 5,서울,동작구,상도동
봉구가래떡볶이-노량진점,"{'lat': '37.512507', 'lng': '126.94308344'}","['한식', '분식', '포장', '야식', '프랜차이즈', '신규맛집']","{'average_rating': 4.6, 'count': 17, 'image_count': 21, 'reply_count': 16}",4.6,17.0,21.0,16.0,37.512507,126.94308344,서울특별시 동작구 노량진로14가길 10,서울,동작구,노량진동
진우리참치,"{'lat': '37.4818792', 'lng': '126.95219031'}","['일식/돈까스', '회/초밥', '포장']","{'average_rating': 4.9, 'count': 138, 'image_count': 125, 'reply_count': 137}",4.9,138.0,125.0,137.0,37.4818792,126.95219031,서울특별시 관악구 봉천로 472,서울,관악구,봉천동
미식가의1인밥상-관악점,"{'lat': '37.4807732', 'lng': '126.94581927'}","['포장', '한식', '야식', '1인분주문']","{'average_rating': 4.7, 'count': 139, 'image_count': 106, 'reply_count': 2}",4.7,139.0,106.0,2.0,37.4807732,126.94581927,서울특별시 관악구 청룡4길 5,서울,관악구,봉천동
1인분수라갈비찜,"{'lat': '37.4939622', 'lng': '126.90093634'}","['찜/탕', '한식', '야식', '포장', '신규맛집']","{'average_rating': 4.5, 'count': 2, 'image_count': 1, 'reply_count': 0}",4.5,2.0,1.0,0.0,37.4939622,126.90093634,서울특별시 영등포구 대림로 142,서울,영등포구,대림동
돈까스연구소-관악점,"{'lat': '37.4797687', 'lng': '126.95751774'}","['한식', '분식', '일식/돈까스', '포장', '1인분주문']","{'average_rating': 4.8, 'count': 12, 'image_count': 6, 'reply_count': 0}",4.8,12.0,6.0,0.0,37.4797687,126.95751774,서울특별시 관악구 남부순환로 1869,서울,관악구,봉천동
쇼랜드치킨-신림점,"{'lat': '37.4681607647431', 'lng': '126.937786905109'}","['포장', '야식', '치킨']","{'average_rating': 4.9, 'count': 809, 'image_count': 640, 'reply_count': 66}",4.9,809.0,640.0,66.0,37.4681607647431,126.937786905109,서울특별시 관악구 대학길 57,서울,관악구,신림동
탕수육가장잘튀기는집-구로독산점,"{'lat': '37.4807673', 'lng': '126.90445923'}","['피자/양식', '한식', '포장', '프랜차이즈', '야식']","{'average_rating': 4.8, 'count': 28, 'image_count': 18, 'reply_count': 4}",4.8,28.0,18.0,4.0,37.4807673,126.90445923,서울특별시 관악구 조원중앙로 9,서울,관악구,신림동
준호네김치찜-관악점,"{'lat': '37.4767507', 'lng': '126.95422398'}","['찜/탕', '한식', '포장']","{'average_rating': 4.9, 'count': 19, 'image_count': 16, 'reply_count': 19}",4.9,19.0,16.0,19.0,37.4767507,126.95422398,서울특별시 관악구 남부순환로228길 69,서울,관악구,봉천동
포트캔커피-노량진점,"{'lat': '37.5113243966212', 'lng': '126.944293480869'}","['카페/디저트', '프랜차이즈', '포장']","{'average_rating': 5.0, 'count': 390, 'image_count': 261, 'reply_count': 381}",5.0,390.0,261.0,381.0,37.5113243966212,126.944293480869,서울특별시 동작구 만양로 87-1,서울,동작구,노량진동
서림닭강정-신림점,"{'lat': '37.4748119', 'lng': '126.9376607'}","['분식', '야식', '치킨', '포장']","{'average_rating': 5.0, 'count': 155, 'image_count': 147, 'reply_count': 35}",5.0,155.0,147.0,35.0,37.4748119,126.9376607,서울특별시 관악구 신림로32길 17,서울,관악구,신림동
규정각사골김치찜,"{'lat': '37.4760831', 'lng': '126.9386516'}","['찜/탕', '한식', '고기/구이', '포장', '야식', '1인분주문']","{'average_rating': 5.0, 'count': 28, 'image_count': 21, 'reply_count': 15}",5.0,28.0,21.0,15.0,37.4760831,126.9386516,서울특별시 관악구 신림로36길 21,서울,관악구,신림동
찐하오마라탕-봉천점,"{'lat': '37.487221207522985', 'lng': '126.94510789513122'}","['중국집', '아시안', '포장', '프랜차이즈']","{'average_rating': 5.0, 'count': 29, 'image_count': 24, 'reply_count': 3}",5.0,29.0,24.0,3.0,37.487221207522985,126.94510789513122,서울특별시 관악구 은천로 93,서울,관악구,봉천동
미스터보쌈족발-낙성대점,"{'lat': '37.4741121278347', 'lng': '126.966946460682'}","['족발/보쌈', '프랜차이즈']","{'average_rating': 4.8, 'count': 2172, 'image_count': 1697, 'reply_count': 16}",4.8,2172.0,1697.0,16.0,37.4741121278347,126.966946460682,서울특별시 관악구 인헌길 31,서울,관악구,봉천동
베트남쌀국수리얼하노이-봉천점,"{'lat': '37.4686624', 'lng': '126.93886341'}","['한식', '야식', '프랜차이즈', '아시안']","{'average_rating': 4.6, 'count': 73, 'image_count': 54, 'reply_count': 0}",4.6,73.0,54.0,0.0,37.4686624,126.93886341,서울특별시 관악구 신림로11길 41,서울,관악구,신림동
쏘시지요-구로디지털단지역점,"{'lat': '37.4838023', 'lng': '126.9012714'}","['한식', '일식/돈까스', '치킨', '포장', '야식']","{'average_rating': 5.0, 'count': 1, 'image_count': 1, 'reply_count': 0}",5.0,1.0,1.0,0.0,37.4838023,126.9012714,서울특별시 구로구 디지털로32길 97-22,서울,구로구,구로동
미로찜닭-봉천점,"{'lat': '37.4882002', 'lng': '126.9592373'}","['찜/탕', '한식', '야식', '포장', '프랜차이즈']","{'average_rating': 4.5, 'count': 6, 'image_count': 2, 'reply_count': 1}",4.5,6.0,2.0,1.0,37.4882002,126.9592373,서울특별시 관악구 청림길 10-1,서울,관악구,봉천동
김빙수,"{'lat': '37.4750485', 'lng': '126.93798666'}","['카페/디저트', '야식', '포장']","{'average_rating': 5.0, 'count': 68, 'image_count': 63, 'reply_count': 29}",5.0,68.0,63.0,29.0,37.4750485,126.93798666,서울특별시 관악구 서림길 23,서울,관악구,신림동
영구스피자-봉천점,"{'lat': '37.4864981', 'lng': '126.95799034'}","['피자/양식', '포장', '프랜차이즈', '야식']","{'average_rating': 4.7, 'count': 285, 'image_count': 126, 'reply_count': 14}",4.7,285.0,126.0,14.0,37.4864981,126.95799034,서울특별시 관악구 관악로30길 9,서울,관악구,봉천동
을지로 닭강정-영등포직영점,"{'lat': '37.5064916', 'lng': '126.90921821'}","['분식', '야식', '도시락/죽', '치킨', '포장']","{'average_rating': 4.9, 'count': 107, 'image_count': 92, 'reply_count': 75}",4.9,107.0,92.0,75.0,37.5064916,126.90921821,서울특별시 영등포구 가마산로71길 5,서울,영등포구,신길동
삼겹패밀리-봉천점,"{'lat': '37.485138', 'lng': '126.95747545'}","['한식', '고기/구이', '족발/보쌈', '야식', '포장', '프랜차이즈']","{'average_rating': 5.0, 'count': 7, 'image_count': 4, 'reply_count': 0}",5.0,7.0,4.0,0.0,37.485138,126.95747545,서울특별시 관악구 관악로28길 22,서울,관악구,봉천동
봉천동진순자김밥-독산점,"{'lat': '37.4694839', 'lng': '126.89905169'}","['분식', '포장', '야식', '프랜차이즈']","{'average_rating': 4.9, 'count': 804, 'image_count': 766, 'reply_count': 331}",4.9,804.0,766.0,331.0,37.4694839,126.89905169,서울특별시 금천구 시흥대로122길 15,서울,금천구,독산동
제육홀릭-봉천점,"{'lat': '37.485138', 'lng': '126.95747545'}","['찜/탕', '한식', '프랜차이즈', '고기/구이', '야식', '포장']","{'average_rating': 5.0, 'count': 17, 'image_count': 15, 'reply_count': 1}",5.0,17.0,15.0,1.0,37.485138,126.95747545,서울특별시 관악구 관악로28길 22,서울,관악구,봉천동
무한대로김치찜-관악신림점,"{'lat': '37.4871239', 'lng': '126.92836606'}","['찜/탕', '한식', '포장', '야식', '1인분주문', '신규맛집']","{'average_rating': 0.0, 'count': 0, 'image_count': 0, 'reply_count': 0}",0.0,0.0,0.0,0.0,37.4871239,126.92836606,서울특별시 관악구 신림동1길 7,서울,관악구,신림동
썬파닭두마리치킨-관악점,"{'lat': '37.4860897', 'lng': '126.95701787'}","['한식', '야식', '치킨', '포장']","{'average_rating': 4.9, 'count': 86, 'image_count': 77, 'reply_count': 0}",4.9,86.0,77.0,0.0,37.4860897,126.95701787,서울특별시 관악구 관악로 246,서울,관악구,봉천동
벚꽃스시&사시미-상도점,"{'lat': '37.5037125', 'lng': '126.94186788'}","['한식', '일식/돈까스', '회/초밥', '포장', '프랜차이즈']","{'average_rating': 4.8, 'count': 33, 'image_count': 28, 'reply_count': 0}",4.8,33.0,28.0,0.0,37.5037125,126.94186788,서울특별시 동작구 상도로30길 40,서울,동작구,상도동
뽁순이볶음밥-금천점,"{'lat': '37.4588673', 'lng': '126.89972464'}","['한식', '포장', '야식', '프랜차이즈']","{'average_rating': 4.9, 'count': 154, 'image_count': 126, 'reply_count': 120}",4.9,154.0,126.0,120.0,37.4588673,126.89972464,서울특별시 금천구 시흥대로78길 17,서울,금천구,독산동
데일리프룻-금천점,"{'lat': '37.4726047', 'lng': '126.89529098'}","['카페/디저트', '야식', '도시락/죽', '포장', '프랜차이즈']","{'average_rating': 4.6, 'count': 10, 'image_count': 10, 'reply_count': 4}",4.6,10.0,10.0,4.0,37.4726047,126.89529098,서울특별시 금천구 가산로 71,서울,금천구,독산동
몬스터비-서울대입구역점,"{'lat': '37.4779222', 'lng': '126.95518521'}","['버거', '아시안', '포장', '치킨']","{'average_rating': 4.5, 'count': 13, 'image_count': 21, 'reply_count': 10}",4.5,13.0,21.0,10.0,37.4779222,126.95518521,서울특별시 관악구 남부순환로230길 50,서울,관악구,봉천동
짜장볶는열혈청년,"{'lat': '37.4689627', 'lng': '126.89562068'}","['중국집', '포장']","{'average_rating': 4.9, 'count': 10, 'image_count': 11, 'reply_count': 0}",4.9,10.0,11.0,0.0,37.4689627,126.89562068,서울특별시 금천구 두산로 70,서울,금천구,독산동
내맘대로닭도리탕-신림점,"{'lat': '37.484048', 'lng': '126.92533287'}","['찜/탕', '한식', '포장', '야식']","{'average_rating': 1.0, 'count': 1, 'image_count': 2, 'reply_count': 0}",1.0,1.0,2.0,0.0,37.484048,126.92533287,서울특별시 관악구 관천로 55,서울,관악구,신림동
두로스피자,"{'lat': '37.4706773', 'lng': '126.93646825'}",['피자/양식'],"{'average_rating': 5.0, 'count': 40, 'image_count': 36, 'reply_count': 22}",5.0,40.0,36.0,22.0,37.4706773,126.93646825,서울특별시 관악구 신림로 115,서울,관악구,신림동
제육그잡채,"{'lat': '37.4765001', 'lng': '126.90485503'}","['한식', '고기/구이', '포장', '신규맛집']","{'average_rating': 5.0, 'count': 5, 'image_count': 3, 'reply_count': 5}",5.0,5.0,3.0,5.0,37.4765001,126.90485503,서울특별시 금천구 문성로 11,서울,금천구,독산동
튀김명인 최영일 닭강정&새우강정-영등포직영점,"{'lat': '37.5064916', 'lng': '126.90921821'}","['분식', '야식', '치킨', '포장', '일식/돈까스']","{'average_rating': 4.8, 'count': 129, 'image_count': 109, 'reply_count': 87}",4.8,129.0,109.0,87.0,37.5064916,126.90921821,서울특별시 영등포구 가마산로71길 5,서울,영등포구,신길동
윤이불닭발-신림지점,"{'lat': '37.481777', 'lng': '126.91100129'}","['한식', '고기/구이', '포장', '야식', '프랜차이즈']","{'average_rating': 4.0, 'count': 3, 'image_count': 3, 'reply_count': 0}",4.0,3.0,3.0,0.0,37.481777,126.91100129,서울특별시 관악구 남부순환로143길 10,서울,관악구,신림동
탐나종합어시장-보라매역점,"{'lat': '37.4990102116901', 'lng': '126.919411847336'}","['포장', '야식', '일식/돈까스', '프랜차이즈']","{'average_rating': 4.9, 'count': 1163, 'image_count': 1184, 'reply_count': 85}",4.9,1163.0,1184.0,85.0,37.4990102116901,126.919411847336,서울특별시 영등포구 대방천로 257,서울,영등포구,신길동
커피킹COFFEEKING,"{'lat': '37.4746549', 'lng': '126.8973905'}","['분식', '카페/디저트', '포장', '한식', '야식', '신규맛집']","{'average_rating': 5.0, 'count': 3, 'image_count': 1, 'reply_count': 0}",5.0,3.0,1.0,0.0,37.4746549,126.8973905,서울특별시 금천구 시흥대로147길 14,서울,금천구,독산동
한식패밀리-봉천점,"{'lat': '37.485138', 'lng': '126.95747545'}","['한식', '도시락/죽', '고기/구이', '야식', '포장']","{'average_rating': 4.9, 'count': 8, 'image_count': 8, 'reply_count': 0}",4.9,8.0,8.0,0.0,37.485138,126.95747545,서울특별시 관악구 관악로28길 22,서울,관악구,봉천동
삼겹 찍먹의 정석-영등포직영점,"{'lat': '37.5064916', 'lng': '126.90921821'}","['한식', '고기/구이', '야식', '도시락/죽', '포장']","{'average_rating': 5.0, 'count': 59, 'image_count': 59, 'reply_count': 45}",5.0,59.0,59.0,45.0,37.5064916,126.90921821,서울특별시 영등포구 가마산로71길 5,서울,영등포구,신길동
가장맛있는족발-독산점,"{'lat': '37.4695004457047', 'lng': '126.89895522152052'}","['족발/보쌈', '프랜차이즈', '포장', '한식']","{'average_rating': 4.7, 'count': 907, 'image_count': 542, 'reply_count': 231}",4.7,907.0,542.0,231.0,37.4695004457047,126.89895522152052,서울특별시 금천구 시흥대로122길 15,서울,금천구,독산동
이집닭강정잘하네-신풍점,"{'lat': '37.4961478', 'lng': '126.90573249'}","['분식', '치킨', '포장', '야식']","{'average_rating': 5.0, 'count': 484, 'image_count': 449, 'reply_count': 429}",5.0,484.0,449.0,429.0,37.4961478,126.90573249,서울특별시 영등포구 디지털로77길 12,서울,영등포구,대림동
김피탕잘하는집,"{'lat': '37.4762313', 'lng': '126.93748646'}","['분식', '야식', '포장', '찜/탕', '중국집']","{'average_rating': 4.6, 'count': 127, 'image_count': 99, 'reply_count': 3}",4.6,127.0,99.0,3.0,37.4762313,126.93748646,서울특별시 관악구 신림로 210-1,서울,관악구,신림동
구여사컵밥-독산점,"{'lat': '37.4757386', 'lng': '126.8975658'}","['한식', '고기/구이', '야식', '도시락/죽', '포장', '프랜차이즈', '1인분주문']","{'average_rating': 5.0, 'count': 63, 'image_count': 50, 'reply_count': 61}",5.0,63.0,50.0,61.0,37.4757386,126.8975658,서울특별시 금천구 시흥대로141길 63,서울,금천구,독산동
온육집-구로디지털점,"{'lat': '37.4839859', 'lng': '126.89012089'}","['한식', '고기/구이', '포장', '프랜차이즈', '도시락/죽']","{'average_rating': 4.9, 'count': 211, 'image_count': 171, 'reply_count': 196}",4.9,211.0,171.0,196.0,37.4839859,126.89012089,서울특별시 구로구 디지털로27길 69,서울,구로구,가리봉동
1인토핑몬피자TMPPIZZA-관악점,"{'lat': '37.4835787', 'lng': '126.94354311'}","['피자/양식', '치킨', '포장', '프랜차이즈', '신규맛집']","{'average_rating': 4.5, 'count': 2, 'image_count': 2, 'reply_count': 2}",4.5,2.0,2.0,2.0,37.4835787,126.94354311,서울특별시 관악구 봉천로33길 7,서울,관악구,봉천동
전라도묵은지갈비찜,"{'lat': '37.4939622', 'lng': '126.90093634'}","['찜/탕', '한식', '야식', '포장', '신규맛집']","{'average_rating': 0.0, 'count': 0, 'image_count': 0, 'reply_count': 0}",0.0,0.0,0.0,0.0,37.4939622,126.90093634,서울특별시 영등포구 대림로 142,서울,영등포구,대림동
히포커피-신림점,"{'lat': '37.4719074', 'lng': '126.93877266'}","['분식', '카페/디저트', '샌드위치', '포장']","{'average_rating': 0.0, 'count': 0, 'image_count': 0, 'reply_count': 0}",0.0,0.0,0.0,0.0,37.4719074,126.93877266,서울특별시 관악구 신림로12길 25,서울,관악구,신림동
블랙오리부락-대림점,"{'lat': '37.4949385', 'lng': '126.89903785'}","['중국집', '포장', '고기/구이', '야식', '아시안']","{'average_rating': 4.8, 'count': 23, 'image_count': 2, 'reply_count': 0}",4.8,23.0,2.0,0.0,37.4949385,126.89903785,서울특별시 영등포구 대림로27길 5-1,서울,영등포구,대림동
파닭먹는날-관악동작점,"{'lat': '37.4864689', 'lng': '126.93686058'}","['치킨', '포장']","{'average_rating': 4.1, 'count': 243, 'image_count': 49, 'reply_count': 0}",4.1,243.0,49.0,0.0,37.4864689,126.93686058,서울특별시 관악구 은천로 13-1,서울,관악구,봉천동
아빠네김치찜-관악점,"{'lat': '37.4767507', 'lng': '126.95422398'}","['찜/탕', '한식', '분식', '포장', '야식']","{'average_rating': 5.0, 'count': 40, 'image_count': 29, 'reply_count': 40}",5.0,40.0,29.0,40.0,37.4767507,126.95422398,서울특별시 관악구 남부순환로228길 69,서울,관악구,봉천동
푸줏간육회,"{'lat': '37.4873822', 'lng': '126.94822192'}","['한식', '야식', '일식/돈까스', '회/초밥', '포장']","{'average_rating': 4.9, 'count': 75, 'image_count': 63, 'reply_count': 67}",4.9,75.0,63.0,67.0,37.4873822,126.94822192,서울특별시 관악구 은천로23길 16,서울,관악구,봉천동
푸줏간 숙성돼지 김치찜-영등포직영점,"{'lat': '37.5064916', 'lng': '126.90921821'}","['찜/탕', '한식', '야식', '도시락/죽', '포장']","{'average_rating': 5.0, 'count': 56, 'image_count': 48, 'reply_count': 42}",5.0,56.0,48.0,42.0,37.5064916,126.90921821,서울특별시 영등포구 가마산로71길 5,서울,영등포구,신길동
호치킨-신대방삼거리역1번출구점,"{'lat': '37.4995721', 'lng': '126.92922978'}","['프랜차이즈', '치킨']","{'average_rating': 4.9, 'count': 1049, 'image_count': 930, 'reply_count': 97}",4.9,1049.0,930.0,97.0,37.4995721,126.92922978,서울특별시 동작구 상도로 78,서울,동작구,대방동
백억커피-서울대입구역점,"{'lat': '37.4811701', 'lng': '126.9502849'}","['포장', '카페/디저트', '프랜차이즈']","{'average_rating': 5.0, 'count': 25, 'image_count': 18, 'reply_count': 16}",5.0,25.0,18.0,16.0,37.4811701,126.9502849,서울특별시 관악구 남부순환로 1802,서울,관악구,봉천동
서가숯불닭갈비막국수-동작점,"{'lat': '37.499087517981174', 'lng': '126.92695696931885'}","['한식', '고기/구이', '포장', '야식']","{'average_rating': 4.7, 'count': 90, 'image_count': 83, 'reply_count': 85}",4.7,90.0,83.0,85.0,37.49908751798117,126.92695696931884,서울특별시 동작구 여의대방로22길 121,서울,동작구,신대방동
피자쏭-동작점,"{'lat': '37.4972742', 'lng': '126.93165486'}","['피자/양식', '프랜차이즈', '분식', '치킨', '야식']","{'average_rating': 4.8, 'count': 69, 'image_count': 62, 'reply_count': 34}",4.8,69.0,62.0,34.0,37.4972742,126.93165486,서울특별시 동작구 국사봉1길 95,서울,동작구,상도동
맛단(맛있는다이어트식단)-서울대입구점,"{'lat': '37.4840831', 'lng': '126.95289648'}","['피자/양식', '샐러드', '한식', '야식', '포장', '신규맛집']","{'average_rating': 5.0, 'count': 1, 'image_count': 1, 'reply_count': 0}",5.0,1.0,1.0,0.0,37.4840831,126.95289648,서울특별시 관악구 중앙길 29,서울,관악구,봉천동
국밥공간,"{'lat': '37.4827234', 'lng': '126.9389561'}","['찜/탕', '한식', '고기/구이', '포장', '신규맛집']","{'average_rating': 0.0, 'count': 0, 'image_count': 0, 'reply_count': 0}",0.0,0.0,0.0,0.0,37.4827234,126.9389561,서울특별시 관악구 장군봉2길 23,서울,관악구,봉천동
등촌샤브칼국수-서울대입구역점,"{'lat': '37.479921', 'lng': '126.95555797'}","['찜/탕', '고기/구이', '포장', '프랜차이즈']","{'average_rating': 4.9, 'count': 17, 'image_count': 11, 'reply_count': 0}",4.9,17.0,11.0,0.0,37.479921,126.95555797,서울특별시 관악구 남부순환로 1852,서울,관악구,봉천동
한방구이닭,"{'lat': '37.4851774', 'lng': '126.92406785'}","['한식', '분식', '치킨', '포장', '야식']","{'average_rating': 0.0, 'count': 0, 'image_count': 0, 'reply_count': 0}",0.0,0.0,0.0,0.0,37.4851774,126.92406785,서울특별시 관악구 관천로 73,서울,관악구,신림동
오늘은오므라이스-영등포점,"{'lat': '37.5095944', 'lng': '126.90743786'}","['한식', '분식', '일식/돈까스', '야식', '포장', '프랜차이즈', '1인분주문']","{'average_rating': 4.9, 'count': 416, 'image_count': 345, 'reply_count': 410}",4.9,416.0,345.0,410.0,37.5095944,126.90743786,서울특별시 영등포구 도신로 143,서울,영등포구,도림동
眞은이국밥-서울3호점,"{'lat': '37.5088138', 'lng': '126.92221756'}","['찜/탕', '한식', '포장', '야식', '1인분주문']","{'average_rating': 4.9, 'count': 160, 'image_count': 142, 'reply_count': 159}",4.9,160.0,142.0,159.0,37.5088138,126.92221756,서울특별시 영등포구 여의대방로47길 15-1,서울,영등포구,신길동
국밥하우스-금천점,"{'lat': '37.4759706', 'lng': '126.90066072'}","['찜/탕', '한식', '분식', '포장', '야식', '신규맛집']","{'average_rating': 0.0, 'count': 0, 'image_count': 0, 'reply_count': 0}",0.0,0.0,0.0,0.0,37.4759706,126.90066072,서울특별시 금천구 시흥대로150길 33,서울,금천구,독산동
초선마라-구로점,"{'lat': '37.5003689', 'lng': '126.88992468'}","['중국집', '찜/탕', '아시안', '포장', '야식']","{'average_rating': 5.0, 'count': 12, 'image_count': 9, 'reply_count': 12}",5.0,12.0,9.0,12.0,37.5003689,126.88992468,서울특별시 구로구 공원로 41,서울,구로구,구로동
캔시플,"{'lat': '37.4818772', 'lng': '126.94966911'}","['샐러드', '카페/디저트', '샌드위치']","{'average_rating': 5.0, 'count': 325, 'image_count': 280, 'reply_count': 325}",5.0,325.0,280.0,325.0,37.4818772,126.94966911,서울특별시 관악구 남부순환로 1795,서울,관악구,봉천동
화정족발-봉천점,"{'lat': '37.4771291687087', 'lng': '126.959371558989'}","['족발/보쌈', '야식']","{'average_rating': 4.9, 'count': 460, 'image_count': 410, 'reply_count': 221}",4.9,460.0,410.0,221.0,37.4771291687087,126.959371558989,서울특별시 관악구 낙성대로 15,서울,관악구,봉천동
제육대가-금천점,"{'lat': '37.4758906461795', 'lng': '126.896786254572'}","['포장', '한식', '야식', '프랜차이즈']","{'average_rating': 4.9, 'count': 638, 'image_count': 457, 'reply_count': 63}",4.9,638.0,457.0,63.0,37.4758906461795,126.896786254572,서울특별시 금천구 시흥대로151길 32,서울,금천구,독산동
페리카나-신림현대점,"{'lat': '37.4713432711497', 'lng': '126.935879261423'}","['포장', '야식', '프랜차이즈', '치킨']","{'average_rating': 4.9, 'count': 951, 'image_count': 818, 'reply_count': 0}",4.9,951.0,818.0,0.0,37.4713432711497,126.935879261423,서울특별시 관악구 신림로 122,서울,관악구,신림동
생마차-구로디지털단지점,"{'lat': '37.4836018', 'lng': '126.90087574'}","['찜/탕', '일식/돈까스', '야식', '치킨', '포장', '프랜차이즈']","{'average_rating': 5.0, 'count': 8, 'image_count': 9, 'reply_count': 2}",5.0,8.0,9.0,2.0,37.4836018,126.90087574,서울특별시 구로구 디지털로32길 97-15,서울,구로구,구로동
움버거앤윙스-대방역점,"{'lat': '37.513036', 'lng': '126.92245085'}","['버거', '포장', '피자/양식', '프랜차이즈', '신규맛집']","{'average_rating': 4.6, 'count': 17, 'image_count': 16, 'reply_count': 13}",4.6,17.0,16.0,13.0,37.513036,126.92245085,서울특별시 영등포구 영등포로 400,서울,영등포구,신길동
노모어피자-구로신풍점,"{'lat': '37.495273', 'lng': '126.90017842'}","['피자/양식', '프랜차이즈', '포장']","{'average_rating': 4.8, 'count': 80, 'image_count': 51, 'reply_count': 64}",4.8,80.0,51.0,64.0,37.495273,126.90017842,서울특별시 영등포구 도림로47길 1,서울,영등포구,대림동
두찜-관악성현점,"{'lat': '37.48706999050147', 'lng': '126.95705695773155'}","['찜/탕', '한식', '프랜차이즈', '포장']","{'average_rating': 4.8, 'count': 96, 'image_count': 80, 'reply_count': 49}",4.8,96.0,80.0,49.0,37.48706999050147,126.95705695773157,서울 관악구 봉천동 7-126,서울,관악구,봉천동
한끼밥상-독산점,"{'lat': '37.4734540024701', 'lng': '126.903121333293'}","['한식', '도시락/죽', '포장', '프랜차이즈', '1인분주문']","{'average_rating': 4.9, 'count': 72, 'image_count': 52, 'reply_count': 15}",4.9,72.0,52.0,15.0,37.4734540024701,126.903121333293,서울특별시 금천구 독산로 297,서울,금천구,독산동
낙성대커피집-본점,"{'lat': '37.4757309', 'lng': '126.96438094'}","['분식', '카페/디저트', '포장']","{'average_rating': 4.9, 'count': 28, 'image_count': 26, 'reply_count': 1}",4.9,28.0,26.0,1.0,37.4757309,126.96438094,서울특별시 관악구 남부순환로246길 17,서울,관악구,봉천동
고기굽는여자-금천점,"{'lat': '37.4766142', 'lng': '126.90294283'}","['한식', '도시락/죽', '고기/구이', '야식', '포장']","{'average_rating': 4.9, 'count': 42, 'image_count': 37, 'reply_count': 27}",4.9,42.0,37.0,27.0,37.4766142,126.90294283,서울특별시 금천구 독산로103길 12,서울,금천구,독산동
벚꽃스시&사시미-동작점,"{'lat': '37.5038849', 'lng': '126.9427608'}","['한식', '일식/돈까스', '회/초밥', '포장', '프랜차이즈']","{'average_rating': 4.9, 'count': 317, 'image_count': 330, 'reply_count': 248}",4.9,317.0,330.0,248.0,37.5038849,126.9427608,서울특별시 동작구 상도로30길 40,서울,동작구,상도동
순살치킨끝판왕,"{'lat': '37.5114776', 'lng': '126.94485822'}","['야식', '치킨', '포장', '신규맛집']","{'average_rating': 0.0, 'count': 0, 'image_count': 0, 'reply_count': 0}",0.0,0.0,0.0,0.0,37.5114776,126.94485822,서울특별시 동작구 만양로14길 7,서울,동작구,노량진동
돌섬미역국-영등포점,"{'lat': '37.50639', 'lng': '126.90715787'}","['한식', '일식/돈까스', '회/초밥', '포장', '야식', '프랜차이즈']","{'average_rating': 4.9, 'count': 34, 'image_count': 26, 'reply_count': 34}",4.9,34.0,26.0,34.0,37.50639,126.90715787,서울특별시 영등포구 가마산로67길 5,서울,영등포구,신길동
1인안심탕수육,"{'lat': '37.4686624', 'lng': '126.93886341'}","['중국집', '야식']","{'average_rating': 4.8, 'count': 305, 'image_count': 172, 'reply_count': 1}",4.8,305.0,172.0,1.0,37.4686624,126.93886341,서울특별시 관악구 신림로11길 41,서울,관악구,신림동
돼지게티-신길점,"{'lat': '37.5127383', 'lng': '126.91841197'}","['피자/양식', '분식', '포장', '프랜차이즈']","{'average_rating': 4.9, 'count': 35, 'image_count': 31, 'reply_count': 33}",4.9,35.0,31.0,33.0,37.5127383,126.91841197,서울특별시 영등포구 영등포로72길 16,서울,영등포구,신길동
안녕하제육,"{'lat': '37.4760831', 'lng': '126.9386516'}","['한식', '고기/구이', '도시락/죽', '포장', '야식', '1인분주문']","{'average_rating': 5.0, 'count': 40, 'image_count': 32, 'reply_count': 12}",5.0,40.0,32.0,12.0,37.4760831,126.9386516,서울특별시 관악구 신림로36길 21,서울,관악구,신림동
뇩피자-신림점,"{'lat': '37.4693486', 'lng': '126.93903518'}","['피자/양식', '버거', '치킨', '포장', '야식', '프랜차이즈']","{'average_rating': 4.9, 'count': 14, 'image_count': 16, 'reply_count': 14}",4.9,14.0,16.0,14.0,37.4693486,126.93903518,서울특별시 관악구 대학5길 23,서울,관악구,신림동
노량진양자호떡,"{'lat': '37.5113438', 'lng': '126.94458175'}","['분식', '카페/디저트', '포장']","{'average_rating': 4.6, 'count': 13, 'image_count': 9, 'reply_count': 0}",4.6,13.0,9.0,0.0,37.5113438,126.94458175,서울특별시 동작구 만양로 88,서울,동작구,노량진동
털보닭집-신림직영점,"{'lat': '37.4730346824167', 'lng': '126.932908229156'}","['치킨', '포장']","{'average_rating': 4.9, 'count': 133, 'image_count': 130, 'reply_count': 16}",4.9,133.0,130.0,16.0,37.4730346824167,126.932908229156,서울특별시 관악구 신림로 157,서울,관악구,신림동
99혼밥-금천점,"{'lat': '37.4766142', 'lng': '126.90294283'}","['한식', '도시락/죽', '분식', '야식', '포장']","{'average_rating': 4.8, 'count': 33, 'image_count': 27, 'reply_count': 12}",4.8,33.0,27.0,12.0,37.4766142,126.90294283,서울특별시 금천구 독산로103길 12,서울,금천구,독산동
노걸대-신길점,"{'lat': '37.5103213', 'lng': '126.91121378'}","['찜/탕', '한식', '프랜차이즈', '포장', '고기/구이', '야식']","{'average_rating': 0.0, 'count': 0, 'image_count': 0, 'reply_count': 0}",0.0,0.0,0.0,0.0,37.5103213,126.91121378,서울특별시 영등포구 신길로 200-16,서울,영등포구,신길동
쭈블링불맛직화쭈꾸미&고기왕창비빔밥,"{'lat': '37.51290666586899', 'lng': '126.91807891319466'}","['한식', '고기/구이', '포장']","{'average_rating': 4.8, 'count': 517, 'image_count': 368, 'reply_count': 386}",4.8,517.0,368.0,386.0,37.51290666586899,126.91807891319466,서울특별시 영등포구 도신로 246,서울,영등포구,신길동
진당숯불치킨&덮밥,"{'lat': '37.4839935', 'lng': '126.92136681'}","['한식', '야식', '치킨', '포장']","{'average_rating': 4.8, 'count': 5, 'image_count': 5, 'reply_count': 5}",4.8,5.0,5.0,5.0,37.4839935,126.92136681,서울특별시 관악구 남부순환로163길 3,서울,관악구,신림동
참왕족발보쌈,"{'lat': '37.4816163', 'lng': '126.94190486'}","['한식', '고기/구이', '족발/보쌈', '포장', '야식']","{'average_rating': 4.8, 'count': 25, 'image_count': 26, 'reply_count': 2}",4.8,25.0,26.0,2.0,37.4816163,126.94190486,서울특별시 관악구 장군봉1길 34,서울,관악구,봉천동
파리바게뜨-당곡사거리점,"{'lat': '37.4906572', 'lng': '126.92757572'}","['샐러드', '카페/디저트', '샌드위치', '프랜차이즈']","{'average_rating': 5.0, 'count': 2, 'image_count': 1, 'reply_count': 0}",5.0,2.0,1.0,0.0,37.4906572,126.92757572,서울특별시 관악구 보라매로 14,서울,관악구,봉천동
쌈겹 조합의 달인-영등포직영점,"{'lat': '37.5064916', 'lng': '126.90921821'}","['한식', '고기/구이', '야식', '도시락/죽', '포장']","{'average_rating': 4.9, 'count': 72, 'image_count': 64, 'reply_count': 56}",4.9,72.0,64.0,56.0,37.5064916,126.90921821,서울특별시 영등포구 가마산로71길 5,서울,영등포구,신길동
사랑명태조림,"{'lat': '37.4856984', 'lng': '126.88899273'}","['찜/탕', '한식', '분식', '포장']","{'average_rating': 4.9, 'count': 326, 'image_count': 253, 'reply_count': 212}",4.9,326.0,253.0,212.0,37.4856984,126.88899273,서울특별시 구로구 도림로10길 29-1,서울,구로구,구로동
탐나는피자-독산점,"{'lat': '37.468559109810904', 'lng': '126.89223169059434'}","['피자/양식', '분식', '야식', '치킨', '프랜차이즈', '포장']","{'average_rating': 5.0, 'count': 1371, 'image_count': 1297, 'reply_count': 1361}",5.0,1371.0,1297.0,1361.0,37.4685591098109,126.89223169059434,서울특별시 금천구 범안로15길 47,서울,금천구,독산동
한주불닭발,"{'lat': '37.4826926', 'lng': '126.91000798'}","['한식', '분식', '야식', '포장']","{'average_rating': 4.9, 'count': 37, 'image_count': 40, 'reply_count': 37}",4.9,37.0,40.0,37.0,37.4826926,126.91000798,서울특별시 관악구 조원로14길 23,서울,관악구,신림동
두목치킨-동작상도본점,"{'lat': '37.5033895', 'lng': '126.94682351'}","['치킨', '포장']","{'average_rating': 4.7, 'count': 41, 'image_count': 44, 'reply_count': 16}",4.7,41.0,44.0,16.0,37.5033895,126.94682351,서울특별시 동작구 양녕로 253-13,서울,동작구,상도1동
맛깔참죽&완도미역-가산아스크점,"{'lat': '37.4767416', 'lng': '126.88977227'}","['한식', '도시락/죽', '포장', '프랜차이즈']","{'average_rating': 4.9, 'count': 7, 'image_count': 5, 'reply_count': 0}",4.9,7.0,5.0,0.0,37.4767416,126.88977227,서울특별시 금천구 디지털로10길 37,서울,금천구,가산동
"육개장전문,육도장-서울대입구점","{'lat': '37.4826851', 'lng': '126.95631086'}","['찜/탕', '한식', '분식', '야식', '포장']","{'average_rating': 4.6, 'count': 35, 'image_count': 15, 'reply_count': 7}",4.6,35.0,15.0,7.0,37.4826851,126.95631086,서울특별시 관악구 행운1길 94,서울,관악구,봉천동
칠기마라샹궈마라탕-중앙대점,"{'lat': '37.5074266', 'lng': '126.95962635'}","['중국집', '아시안', '찜/탕', '다회용기', '포장']","{'average_rating': 4.8, 'count': 399, 'image_count': 334, 'reply_count': 0}",4.8,399.0,334.0,0.0,37.5074266,126.95962635,서울특별시 동작구 흑석로13가길 43,서울,동작구,흑석동
뼈앓이감자탕-구로가산점,"{'lat': '37.4772698', 'lng': '126.89295503'}","['찜/탕', '한식', '고기/구이', '포장', '프랜차이즈']","{'average_rating': 4.9, 'count': 48, 'image_count': 35, 'reply_count': 48}",4.9,48.0,35.0,48.0,37.4772698,126.89295503,서울특별시 금천구 남부순환로112길 56,서울,금천구,가산동
흰고래연어육회-영등포점,"{'lat': '37.50639', 'lng': '126.90715787'}","['한식', '일식/돈까스', '회/초밥', '포장', '야식', '프랜차이즈']","{'average_rating': 5.0, 'count': 17, 'image_count': 12, 'reply_count': 17}",5.0,17.0,12.0,17.0,37.50639,126.90715787,서울특별시 영등포구 가마산로67길 5,서울,영등포구,신길동
마이요거트립-신길뉴타운점,"{'lat': '37.5056523', 'lng': '126.90811228'}","['카페/디저트', '포장', '야식', '프랜차이즈']","{'average_rating': 4.9, 'count': 183, 'image_count': 154, 'reply_count': 143}",4.9,183.0,154.0,143.0,37.5056523,126.90811228,서울특별시 영등포구 가마산로 466,서울,영등포구,신길동
신전떡볶이-낙성대점,"{'lat': '37.4757142', 'lng': '126.9655009'}","['분식', '프랜차이즈', '포장']","{'average_rating': 4.8, 'count': 742, 'image_count': 490, 'reply_count': 287}",4.8,742.0,490.0,287.0,37.4757142,126.9655009,서울특별시 관악구 봉천로 615,서울,관악구,봉천동
신센라멘-신림점,"{'lat': '37.4743559', 'lng': '126.93838287'}","['아시안', '분식', '일식/돈까스', '포장', '신규맛집']","{'average_rating': 0.0, 'count': 0, 'image_count': 0, 'reply_count': 0}",0.0,0.0,0.0,0.0,37.4743559,126.93838287,서울특별시 관악구 서림길 41,서울,관악구,신림동
오늘은오므라이스-독산점,"{'lat': '37.4640448', 'lng': '126.90159225'}","['피자/양식', '한식', '분식', '포장', '프랜차이즈', '1인분주문', '신규맛집']","{'average_rating': 3.3, 'count': 4, 'image_count': 3, 'reply_count': 2}",3.3,4.0,3.0,2.0,37.4640448,126.90159225,서울특별시 금천구 독산로65길 24,서울,금천구,독산동
조선육회-영등포직영점,"{'lat': '37.4998565', 'lng': '126.91636845'}","['한식', '일식/돈까스', '회/초밥', '포장', '프랜차이즈']","{'average_rating': 5.0, 'count': 120, 'image_count': 130, 'reply_count': 0}",5.0,120.0,130.0,0.0,37.4998565,126.91636845,서울특별시 영등포구 신풍로 92,서울,영등포구,신길동
정량초과치킨-대림점,"{'lat': '37.4939622', 'lng': '126.90093634'}","['분식', '야식', '치킨', '포장', '프랜차이즈', '신규맛집']","{'average_rating': 5.0, 'count': 13, 'image_count': 11, 'reply_count': 3}",5.0,13.0,11.0,3.0,37.4939622,126.90093634,서울특별시 영등포구 대림로 142,서울,영등포구,대림동
베트남쌀국수몬스터포-영등포구점,"{'lat': '37.5054195', 'lng': '126.91291377'}","['아시안', '야식', '프랜차이즈', '1인분주문']","{'average_rating': 4.8, 'count': 490, 'image_count': 396, 'reply_count': 106}",4.8,490.0,396.0,106.0,37.5054195,126.91291377,서울특별시 영등포구 가마산로 507,서울,영등포구,신길동
피자로뎀,"{'lat': '37.4962395289631', 'lng': '126.907326846023'}","['피자/양식', '포장', '치킨', '분식']","{'average_rating': 4.7, 'count': 5821, 'image_count': 4774, 'reply_count': 2691}",4.7,5821.0,4774.0,2691.0,37.4962395289631,126.907326846023,서울특별시 영등포구 디지털로 455-2,서울,영등포구,대림동
남산국밥-대림점,"{'lat': '37.4941254', 'lng': '126.89731952'}","['찜/탕', '한식', '포장', '프랜차이즈']","{'average_rating': 5.0, 'count': 2, 'image_count': 3, 'reply_count': 0}",5.0,2.0,3.0,0.0,37.4941254,126.89731952,서울특별시 영등포구 도림로39길 13,서울,영등포구,대림동
롯데리아-대방역점,"{'lat': '37.5126085183641', 'lng': '126.924146007201'}","['버거', '프랜차이즈', '치킨', '포장']","{'average_rating': 4.7, 'count': 3573, 'image_count': 2091, 'reply_count': 1066}",4.7,3573.0,2091.0,1066.0,37.5126085183641,126.924146007201,서울특별시 영등포구 영등포로 416,서울,영등포구,신길동
winter4베이커리카페,"{'lat': '37.4701927532436', 'lng': '126.921767481591'}","['카페/디저트', '샌드위치', '포장', '야식']","{'average_rating': 5.0, 'count': 1, 'image_count': 2, 'reply_count': 1}",5.0,1.0,2.0,1.0,37.4701927532436,126.921767481591,서울특별시 관악구 난곡로26길 35,서울,관악구,신림동
지코바치킨-신길점,"{'lat': '37.507614', 'lng': '126.91118872'}","['치킨', '포장', '야식', '프랜차이즈', '신규맛집']","{'average_rating': 4.6, 'count': 15, 'image_count': 16, 'reply_count': 15}",4.6,15.0,16.0,15.0,37.507614,126.91118872,서울특별시 영등포구 신길로 172,서울,영등포구,신길동
배달삼겹돼지되지-봉천점,"{'lat': '37.4857499', 'lng': '126.94071559'}","['포장', '한식', '프랜차이즈', '고기/구이']","{'average_rating': 4.6, 'count': 121, 'image_count': 94, 'reply_count': 44}",4.6,121.0,94.0,44.0,37.4857499,126.94071559,서울특별시 관악구 봉천로27길 41,서울,관악구,봉천동
성수야들야들갈비찜,"{'lat': '37.4939622', 'lng': '126.90093634'}","['찜/탕', '한식', '야식', '포장', '신규맛집']","{'average_rating': 4.5, 'count': 2, 'image_count': 1, 'reply_count': 0}",4.5,2.0,1.0,0.0,37.4939622,126.90093634,서울특별시 영등포구 대림로 142,서울,영등포구,대림동
양순덕전통김치찌개&김치찜-봉천점,"{'lat': '37.485138', 'lng': '126.95747545'}","['찜/탕', '한식', '프랜차이즈', '야식', '포장', '고기/구이']","{'average_rating': 4.9, 'count': 15, 'image_count': 11, 'reply_count': 0}",4.9,15.0,11.0,0.0,37.485138,126.95747545,서울특별시 관악구 관악로28길 22,서울,관악구,봉천동
독산동매운짬뽕,"{'lat': '37.4689627', 'lng': '126.89562068'}","['중국집', '포장']","{'average_rating': 4.7, 'count': 3, 'image_count': 1, 'reply_count': 0}",4.7,3.0,1.0,0.0,37.4689627,126.89562068,서울특별시 금천구 두산로 70,서울,금천구,독산동
원할머니보쌈-독산점,"{'lat': '37.466284989565', 'lng': '126.898138529944'}","['한식', '족발/보쌈', '프랜차이즈', '포장']","{'average_rating': 4.9, 'count': 133, 'image_count': 116, 'reply_count': 3}",4.9,133.0,116.0,3.0,37.466284989565,126.898138529944,서울특별시 금천구 시흥대로 368,서울,금천구,독산동
교촌치킨-신길2호점,"{'lat': '37.5029113', 'lng': '126.92116179'}","['프랜차이즈', '치킨', '포장']","{'average_rating': 4.7, 'count': 1873, 'image_count': 1163, 'reply_count': 46}",4.7,1873.0,1163.0,46.0,37.5029113,126.92116179,서울특별시 영등포구 여의대방로 177,서울,영등포구,신길동
이모네국밥,"{'lat': '37.4941254', 'lng': '126.89731952'}","['찜/탕', '한식', '포장']","{'average_rating': 4.0, 'count': 3, 'image_count': 3, 'reply_count': 1}",4.0,3.0,3.0,1.0,37.4941254,126.89731952,서울특별시 영등포구 도림로39길 13,서울,영등포구,대림동
오페라빈로스터스-낙성대점,"{'lat': '37.4759087', 'lng': '126.95926202'}","['카페/디저트', '포장']","{'average_rating': 4.9, 'count': 20, 'image_count': 14, 'reply_count': 0}",4.9,20.0,14.0,0.0,37.4759087,126.95926202,서울특별시 관악구 낙성대로 29,서울,관악구,봉천동
더블피피자-영등포본점,"{'lat': '37.507351', 'lng': '126.91121083'}","['피자/양식', '포장', '야식']","{'average_rating': 5.0, 'count': 9, 'image_count': 7, 'reply_count': 0}",5.0,9.0,7.0,0.0,37.507351,126.91121083,서울특별시 영등포구 신길로 170,서울,영등포구,신길동
아차산매운떡볶이-신길점,"{'lat': '37.5090228285706', 'lng': '126.915943636076'}","['분식', '프랜차이즈', '야식', '포장']","{'average_rating': 4.9, 'count': 1717, 'image_count': 1729, 'reply_count': 1717}",4.9,1717.0,1729.0,1717.0,37.5090228285706,126.915943636076,서울특별시 영등포구 도신로56길 31,서울,영등포구,신길동
도래곱창-상도점,"{'lat': '37.499599', 'lng': '126.95134043'}","['한식', '고기/구이', '야식', '포장', '1인분주문', '프랜차이즈']","{'average_rating': 4.9, 'count': 78, 'image_count': 70, 'reply_count': 0}",4.9,78.0,70.0,0.0,37.499599,126.95134043,서울특별시 동작구 상도로47길 4,서울,동작구,상도동
병천순대국밥-신길점,"{'lat': '37.5103213', 'lng': '126.91121378'}","['찜/탕', '한식', '고기/구이', '포장', '야식', '프랜차이즈']","{'average_rating': 0.0, 'count': 0, 'image_count': 0, 'reply_count': 0}",0.0,0.0,0.0,0.0,37.5103213,126.91121378,서울특별시 영등포구 신길로 200-16,서울,영등포구,신길동
노량진수산시장군산상회,"{'lat': '37.5148237', 'lng': '126.93797594'}","['일식/돈까스', '회/초밥', '포장']","{'average_rating': 4.9, 'count': 52, 'image_count': 55, 'reply_count': 2}",4.9,52.0,55.0,2.0,37.5148237,126.93797594,서울특별시 동작구 노들로 674,서울,동작구,노량진동
닭다리순살하나만제대로하는집-대림점,"{'lat': '37.4939622', 'lng': '126.90093634'}","['분식', '야식', '치킨', '포장', '프랜차이즈', '신규맛집']","{'average_rating': 5.0, 'count': 20, 'image_count': 21, 'reply_count': 5}",5.0,20.0,21.0,5.0,37.4939622,126.90093634,서울특별시 영등포구 대림로 142,서울,영등포구,대림동
곱도리탕부터시작하는자영업생활-금천점,"{'lat': '37.4585232', 'lng': '126.89940598'}","['찜/탕', '한식', '도시락/죽', '포장', '프랜차이즈', '야식']","{'average_rating': 4.7, 'count': 195, 'image_count': 173, 'reply_count': 11}",4.7,195.0,173.0,11.0,37.4585232,126.89940598,서울특별시 금천구 시흥대로 278,서울,금천구,독산동
해피캔커피&디저트-신림점,"{'lat': '37.4854459', 'lng': '126.9331032'}","['카페/디저트', '포장']","{'average_rating': 0.0, 'count': 0, 'image_count': 0, 'reply_count': 0}",0.0,0.0,0.0,0.0,37.4854459,126.9331032,서울특별시 관악구 신림로64길 59,서울,관악구,신림동
김치찜팔는돌아이-관악점,"{'lat': '37.4797687', 'lng': '126.95751774'}","['찜/탕', '한식', '고기/구이', '포장']","{'average_rating': 0.0, 'count': 0, 'image_count': 0, 'reply_count': 0}",0.0,0.0,0.0,0.0,37.4797687,126.95751774,서울특별시 관악구 남부순환로 1869,서울,관악구,봉천동
악동삼겹-봉천점,"{'lat': '37.485138', 'lng': '126.95747545'}","['한식', '프랜차이즈', '고기/구이', '족발/보쌈', '야식', '포장']","{'average_rating': 4.9, 'count': 34, 'image_count': 19, 'reply_count': 0}",4.9,34.0,19.0,0.0,37.485138,126.95747545,서울특별시 관악구 관악로28길 22,서울,관악구,봉천동
전설의옛날통닭-본점,"{'lat': '37.4996184', 'lng': '126.91010817'}","['치킨', '프랜차이즈']","{'average_rating': 4.5, 'count': 50, 'image_count': 21, 'reply_count': 0}",4.5,50.0,21.0,0.0,37.4996184,126.91010817,서울특별시 영등포구 대방천로 165-13,서울,영등포구,신길동
핫오리-대림3동점,"{'lat': '37.4947249819456', 'lng': '126.898170178727'}","['중국집', '야식', '아시안', '고기/구이', '포장', '프랜차이즈']","{'average_rating': 4.6, 'count': 42, 'image_count': 24, 'reply_count': 0}",4.6,42.0,24.0,0.0,37.4947249819456,126.898170178727,서울특별시 영등포구 도림로41길 8,서울,영등포구,대림동
백종원의빽보이피자-신대방삼거리역점,"{'lat': '37.4985598', 'lng': '126.92608257'}","['피자/양식', '프랜차이즈']","{'average_rating': 4.8, 'count': 20, 'image_count': 22, 'reply_count': 13}",4.8,20.0,22.0,13.0,37.4985598,126.92608257,서울특별시 동작구 여의대방로22길 121,서울,동작구,신대방동
에그이츠-영등포점,"{'lat': '37.5095944', 'lng': '126.90743786'}","['피자/양식', '한식', '일식/돈까스', '야식', '포장']","{'average_rating': 0.0, 'count': 0, 'image_count': 0, 'reply_count': 0}",0.0,0.0,0.0,0.0,37.5095944,126.90743786,서울특별시 영등포구 도신로 143,서울,영등포구,도림동
아가씨돈까스&덮밥,"{'lat': '37.4832817', 'lng': '126.94627803'}","['한식', '일식/돈까스']","{'average_rating': 4.7, 'count': 161, 'image_count': 141, 'reply_count': 28}",4.7,161.0,141.0,28.0,37.4832817,126.94627803,서울특별시 관악구 양녕로 13,서울,관악구,봉천동
밀크컨셉아이스크림-영등포점,"{'lat': '37.5090643', 'lng': '126.89673888'}","['카페/디저트', '야식', '포장', '프랜차이즈']","{'average_rating': 5.0, 'count': 107, 'image_count': 74, 'reply_count': 0}",5.0,107.0,74.0,0.0,37.5090643,126.89673888,서울특별시 영등포구 도영로 33,서울,영등포구,도림동
7900덮밥&우동-금천점,"{'lat': '37.4766142', 'lng': '126.90294283'}","['한식', '일식/돈까스', '도시락/죽', '야식', '포장']","{'average_rating': 4.9, 'count': 30, 'image_count': 23, 'reply_count': 12}",4.9,30.0,23.0,12.0,37.4766142,126.90294283,서울특별시 금천구 독산로103길 12,서울,금천구,독산동
자담치킨-신상도점,"{'lat': '37.500126602830655', 'lng': '126.94224701361937'}","['프랜차이즈', '치킨', '포장']","{'average_rating': 4.7, 'count': 79, 'image_count': 76, 'reply_count': 79}",4.7,79.0,76.0,79.0,37.500126602830655,126.94224701361937,서울 동작구 상도동 204-3,서울,동작구,상도동
곱도리탕고수-독산3동점,"{'lat': '37.4789412', 'lng': '126.90364933'}","['찜/탕', '한식', '포장', '야식']","{'average_rating': 0.0, 'count': 0, 'image_count': 0, 'reply_count': 0}",0.0,0.0,0.0,0.0,37.4789412,126.90364933,서울특별시 금천구 독산로 359,서울,금천구,독산동
우리할매떡볶이-신풍역점,"{'lat': '37.5007499', 'lng': '126.91410087'}","['분식', '프랜차이즈', '포장']","{'average_rating': 4.7, 'count': 65, 'image_count': 64, 'reply_count': 0}",4.7,65.0,64.0,0.0,37.5007499,126.91410087,서울특별시 영등포구 신풍로 77,서울,영등포구,신길동
계란듬뿍덮밥-독산점,"{'lat': '37.4635252', 'lng': '126.90109834'}","['한식', '도시락/죽', '포장', '프랜차이즈', '1인분주문']","{'average_rating': 4.9, 'count': 18, 'image_count': 16, 'reply_count': 6}",4.9,18.0,16.0,6.0,37.4635252,126.90109834,서울특별시 금천구 시흥대로94길 66,서울,금천구,독산동
돈도리촌-신길동본점,"{'lat': '37.5135992', 'lng': '126.91983319'}","['포장', '족발/보쌈', '고기/구이']","{'average_rating': 4.9, 'count': 7, 'image_count': 8, 'reply_count': 5}",4.9,7.0,8.0,5.0,37.5135992,126.91983319,서울특별시 영등포구 영등포로76길 1,서울,영등포구,신길동
우동한사발-금천점,"{'lat': '37.4766142', 'lng': '126.90294283'}","['한식', '일식/돈까스', '분식', '야식', '포장']","{'average_rating': 4.9, 'count': 15, 'image_count': 11, 'reply_count': 6}",4.9,15.0,11.0,6.0,37.4766142,126.90294283,서울특별시 금천구 독산로103길 12,서울,금천구,독산동
노모어피자-신도림점,"{'lat': '37.5070036', 'lng': '126.88485057'}","['피자/양식', '버거', '치킨', '포장', '프랜차이즈', '야식']","{'average_rating': 4.9, 'count': 2089, 'image_count': 1889, 'reply_count': 2002}",4.9,2089.0,1889.0,2002.0,37.5070036,126.88485057,서울특별시 구로구 경인로 625,서울,구로구,신도림동
노아커피&디저트-본점,"{'lat': '37.4780105', 'lng': '126.89197779'}","['분식', '카페/디저트', '샌드위치', '포장', '프랜차이즈']","{'average_rating': 5.0, 'count': 11, 'image_count': 9, 'reply_count': 2}",5.0,11.0,9.0,2.0,37.4780105,126.89197779,서울특별시 금천구 남부순환로108길 20-1,서울,금천구,가산동
퍽퍽살이싫어내가만든치킨집-대림점,"{'lat': '37.4939622', 'lng': '126.90093634'}","['분식', '야식', '치킨', '포장', '프랜차이즈', '신규맛집']","{'average_rating': 0.0, 'count': 0, 'image_count': 0, 'reply_count': 0}",0.0,0.0,0.0,0.0,37.4939622,126.90093634,서울특별시 영등포구 대림로 142,서울,영등포구,대림동
내가굽고너가먹고-금천점,"{'lat': '37.4766142', 'lng': '126.90294283'}","['한식', '도시락/죽', '고기/구이', '야식', '포장']","{'average_rating': 4.9, 'count': 95, 'image_count': 87, 'reply_count': 53}",4.9,95.0,87.0,53.0,37.4766142,126.90294283,서울특별시 금천구 독산로103길 12,서울,금천구,독산동
참다랑어막주는집-영등포점,"{'lat': '37.5054207636947', 'lng': '126.910510155771'}","['포장', '일식/돈까스', '회/초밥', '프랜차이즈']","{'average_rating': 5.0, 'count': 45, 'image_count': 42, 'reply_count': 8}",5.0,45.0,42.0,8.0,37.5054207636947,126.910510155771,서울특별시 영등포구 신길로 147,서울,영등포구,신길동
밥꼬콩불-금천점,"{'lat': '37.4649209', 'lng': '126.90238622'}","['포장', '한식', '프랜차이즈']","{'average_rating': 4.5, 'count': 2, 'image_count': 2, 'reply_count': 0}",4.5,2.0,2.0,0.0,37.4649209,126.90238622,서울특별시 금천구 독산로 201-1,서울,금천구,독산동
맘스터치-상도역점,"{'lat': '37.5022474', 'lng': '126.94878919'}","['버거', '프랜차이즈', '치킨', '1인분주문', '포장']","{'average_rating': 4.6, 'count': 33, 'image_count': 31, 'reply_count': 0}",4.6,33.0,31.0,0.0,37.5022474,126.94878919,서울특별시 동작구 상도로 283-2,서울,동작구,상도1동
알라딘마라탕,"{'lat': '37.4960795319874', 'lng': '126.891564262119'}","['중국집', '한식', '아시안']","{'average_rating': 4.9, 'count': 810, 'image_count': 688, 'reply_count': 592}",4.9,810.0,688.0,592.0,37.4960795319874,126.891564262119,서울특별시 구로구 가마산로 280,서울,구로구,구로동
식어도바삭한동서재닭강정-대림점,"{'lat': '37.4939622', 'lng': '126.90093634'}","['분식', '야식', '치킨', '포장', '프랜차이즈', '신규맛집']","{'average_rating': 5.0, 'count': 3, 'image_count': 5, 'reply_count': 2}",5.0,3.0,5.0,2.0,37.4939622,126.90093634,서울특별시 영등포구 대림로 142,서울,영등포구,대림동
백순대본가새맛-구로점,"{'lat': '37.5041071054791', 'lng': '126.891953634537'}","['한식', '프랜차이즈', '고기/구이', '찜/탕', '포장', '1인분주문']","{'average_rating': 4.9, 'count': 364, 'image_count': 303, 'reply_count': 151}",4.9,364.0,303.0,151.0,37.5041071054791,126.891953634537,서울특별시 구로구 공원로8길 53,서울,구로구,구로동
양가네명품갈비찜-봉천점,"{'lat': '37.485138', 'lng': '126.95747545'}","['찜/탕', '한식', '고기/구이', '야식', '포장', '프랜차이즈']","{'average_rating': 5.0, 'count': 24, 'image_count': 18, 'reply_count': 0}",5.0,24.0,18.0,0.0,37.485138,126.95747545,서울특별시 관악구 관악로28길 22,서울,관악구,봉천동
뚜레쥬르-관악농협하나로점,"{'lat': '37.4801290539624', 'lng': '126.902896861939'}","['카페/디저트', '프랜차이즈', '포장', '샌드위치']","{'average_rating': 4.8, 'count': 404, 'image_count': 309, 'reply_count': 0}",4.8,404.0,309.0,0.0,37.4801290539624,126.902896861939,서울특별시 관악구 남부순환로 1369,서울,관악구,신림동
7번가피자-구로가산디지털단지점,"{'lat': '37.48091208860435', 'lng': '126.8919662571066'}","['피자/양식', '프랜차이즈']","{'average_rating': 4.7, 'count': 3592, 'image_count': 2138, 'reply_count': 1230}",4.7,3592.0,2138.0,1230.0,37.48091208860435,126.8919662571066,서울 구로구 가리봉동 134-119,서울,구로구,가리봉동
소문난야채곱창닭발전문점,"{'lat': '37.5027284982994', 'lng': '126.935219200102'}","['한식', '찜/탕', '야식', '고기/구이']","{'average_rating': 4.9, 'count': 134, 'image_count': 121, 'reply_count': 0}",4.9,134.0,121.0,0.0,37.5027284982994,126.935219200102,서울특별시 동작구 상도로 141,서울,동작구,상도동
짝태&노가리-관악푸르지오점,"{'lat': '37.4869932974809', 'lng': '126.959292724749'}","['한식', '야식', '찜/탕', '포장']","{'average_rating': 4.9, 'count': 187, 'image_count': 145, 'reply_count': 178}",4.9,187.0,145.0,178.0,37.4869932974809,126.959292724749,서울특별시 관악구 청림6길 16,서울,관악구,봉천동
대한냉면-구로점,"{'lat': '37.4971337672956', 'lng': '126.887689083888'}","['분식', '일식/돈까스', '포장', '1인분주문']","{'average_rating': 5.0, 'count': 2298, 'image_count': 2031, 'reply_count': 2294}",5.0,2298.0,2031.0,2294.0,37.4971337672956,126.887689083888,서울특별시 구로구 구로중앙로 88,서울,구로구,구로동
굽고굽고,"{'lat': '37.466753759707', 'lng': '126.937488233018'}","['피자/양식', '포장', '야식', '치킨']","{'average_rating': 4.8, 'count': 279, 'image_count': 176, 'reply_count': 18}",4.8,279.0,176.0,18.0,37.466753759707,126.937488233018,서울특별시 관악구 대학길 88,서울,관악구,신림동
K비빔밥-독산점,"{'lat': '37.4635252', 'lng': '126.90109834'}","['한식', '도시락/죽', '포장', '프랜차이즈', '1인분주문']","{'average_rating': 4.9, 'count': 27, 'image_count': 21, 'reply_count': 3}",4.9,27.0,21.0,3.0,37.4635252,126.90109834,서울특별시 금천구 시흥대로94길 66,서울,금천구,독산동
옥수동묵은지김치찜-금천점,"{'lat': '37.4585232', 'lng': '126.89940598'}","['찜/탕', '한식', '고기/구이', '포장', '프랜차이즈', '야식']","{'average_rating': 4.9, 'count': 266, 'image_count': 230, 'reply_count': 32}",4.9,266.0,230.0,32.0,37.4585232,126.89940598,서울특별시 금천구 시흥대로 278,서울,금천구,독산동
BRsingles-대림삼거리점,"{'lat': '37.4908450430665', 'lng': '126.908520345526'}","['카페/디저트', '프랜차이즈', '포장', '1인분주문']","{'average_rating': 5.0, 'count': 1, 'image_count': 0, 'reply_count': 0}",5.0,1.0,0.0,0.0,37.4908450430665,126.908520345526,서울특별시 동작구 시흥대로 664-1,서울,동작구,신대방동
오리에올인-금천점,"{'lat': '37.4766142', 'lng': '126.90294283'}","['찜/탕', '고기/구이', '족발/보쌈', '야식', '포장']","{'average_rating': 4.8, 'count': 55, 'image_count': 51, 'reply_count': 31}",4.8,55.0,51.0,31.0,37.4766142,126.90294283,서울특별시 금천구 독산로103길 12,서울,금천구,독산동
회뜨는중-영등포점,"{'lat': '37.5189777', 'lng': '126.90883063'}","['중국집', '일식/돈까스', '야식', '찜/탕', '포장']","{'average_rating': 4.5, 'count': 25, 'image_count': 26, 'reply_count': 0}",4.5,25.0,26.0,0.0,37.5189777,126.90883063,서울특별시 영등포구 영등포로 248,서울,영등포구,영등포동3가
마라센풍,"{'lat': '37.5121975', 'lng': '126.90666149'}","['중국집', '아시안', '야식']","{'average_rating': 4.9, 'count': 100, 'image_count': 99, 'reply_count': 0}",4.9,100.0,99.0,0.0,37.5121975,126.90666149,서울특별시 영등포구 영신로9길 23,서울,영등포구,영등포동
누리마을감자탕-구로디지털역점,"{'lat': '37.484227722250644', 'lng': '126.90137696638932'}","['찜/탕', '한식', '프랜차이즈', '야식']","{'average_rating': 4.3, 'count': 33, 'image_count': 18, 'reply_count': 9}",4.3,33.0,18.0,9.0,37.48422772225064,126.90137696638932,서울특별시 구로구 디지털로32길 97-39,서울,구로구,구로동
노랑통닭-상도점,"{'lat': '37.5007042', 'lng': '126.95016908'}","['프랜차이즈', '치킨', '포장', '야식']","{'average_rating': 4.9, 'count': 31, 'image_count': 21, 'reply_count': 31}",4.9,31.0,21.0,31.0,37.5007042,126.95016908,서울특별시 동작구 상도로 305,서울,동작구,상도1동
금천족발,"{'lat': '37.472380280787974', 'lng': '126.90188905209016'}","['족발/보쌈', '포장', '고기/구이', '한식']","{'average_rating': 4.7, 'count': 11, 'image_count': 14, 'reply_count': 1}",4.7,11.0,14.0,1.0,37.47238028078797,126.90188905209016,서울특별시 금천구 독산로85길 21,서울,금천구,독산동
빅밥-독산점,"{'lat': '37.4706396', 'lng': '126.90268567'}","['한식', '분식', '일식/돈까스', '포장']","{'average_rating': 5.0, 'count': 7, 'image_count': 7, 'reply_count': 0}",5.0,7.0,7.0,0.0,37.4706396,126.90268567,서울특별시 금천구 독산로 267,서울,금천구,독산동
리얼식단&다이어트푸드-구로점,"{'lat': '37.49927803433198', 'lng': '126.89111229504705'}","['피자/양식', '샐러드', '샌드위치', '포장']","{'average_rating': 4.9, 'count': 8, 'image_count': 3, 'reply_count': 0}",4.9,8.0,3.0,0.0,37.49927803433198,126.89111229504704,서울특별시 구로구 공원로 27,서울,구로구,구로동
탐나미니박스-독산점,"{'lat': '37.468559109810904', 'lng': '126.89223169059434'}","['피자/양식', '분식', '야식', '치킨', '프랜차이즈', '포장']","{'average_rating': 5.0, 'count': 207, 'image_count': 179, 'reply_count': 206}",5.0,207.0,179.0,206.0,37.4685591098109,126.89223169059434,서울특별시 금천구 범안로15길 47,서울,금천구,독산동
노량진수산시장독도수산,"{'lat': '37.5148237', 'lng': '126.93797594'}","['회/초밥', '포장']","{'average_rating': 0.0, 'count': 0, 'image_count': 0, 'reply_count': 0}",0.0,0.0,0.0,0.0,37.5148237,126.93797594,서울특별시 동작구 노들로 674,서울,동작구,노량진동
메고지고-구로점,"{'lat': '37.4936692', 'lng': '126.88924476'}","['카페/디저트', '포장', '프랜차이즈']","{'average_rating': 0.0, 'count': 0, 'image_count': 0, 'reply_count': 0}",0.0,0.0,0.0,0.0,37.4936692,126.88924476,서울특별시 구로구 구로중앙로19가길 24,서울,구로구,구로동
맛깔난모두뼈다귀감자탕,"{'lat': '37.4995806', 'lng': '126.93196063'}","['포장', '한식', '찜/탕']","{'average_rating': 4.8, 'count': 43, 'image_count': 24, 'reply_count': 43}",4.8,43.0,24.0,43.0,37.4995806,126.93196063,서울특별시 동작구 성대로2길 5,서울,동작구,상도동
맛닭꼬-신대방점,"{'lat': '37.4873491', 'lng': '126.91448929'}","['야식', '프랜차이즈', '치킨']","{'average_rating': 4.8, 'count': 86, 'image_count': 62, 'reply_count': 12}",4.8,86.0,62.0,12.0,37.4873491,126.91448929,서울특별시 관악구 신사로10길 5,서울,관악구,신림동
메가토핑김치찜-구로디지털단지점,"{'lat': '37.4862991', 'lng': '126.9052193'}","['찜/탕', '한식', '고기/구이', '포장', '프랜차이즈']","{'average_rating': 0.0, 'count': 0, 'image_count': 0, 'reply_count': 0}",0.0,0.0,0.0,0.0,37.4862991,126.9052193,서울특별시 동작구 시흥대로 606,서울,동작구,신대방동
33떡볶이&꼬마김밥-신림점,"{'lat': '37.4703554', 'lng': '126.93722566'}","['찜/탕', '분식', '프랜차이즈', '아시안', '포장', '신규맛집']","{'average_rating': 0.0, 'count': 0, 'image_count': 0, 'reply_count': 0}",0.0,0.0,0.0,0.0,37.4703554,126.93722566,서울특별시 관악구 호암로26길 63,서울,관악구,신림동
해운대31번종점,"{'lat': '37.4942475', 'lng': '126.88816863'}","['찜/탕', '한식', '포장', '1인분주문', '신규맛집']","{'average_rating': 5.0, 'count': 5, 'image_count': 3, 'reply_count': 1}",5.0,5.0,3.0,1.0,37.4942475,126.88816863,서울특별시 구로구 구로중앙로19길 19,서울,구로구,구로동
김명태명태조림매운갈비찜-가산점,"{'lat': '37.4773491284753', 'lng': '126.891921950858'}","['한식', '찜/탕']","{'average_rating': 4.8, 'count': 593, 'image_count': 451, 'reply_count': 593}",4.8,593.0,451.0,593.0,37.4773491284753,126.891921950858,서울특별시 금천구 가산로 132-1,서울,금천구,가산동
천년닭강정-서울대림점,"{'lat': '37.487977', 'lng': '126.89811186'}","['치킨', '포장', '프랜차이즈']","{'average_rating': 5.0, 'count': 106, 'image_count': 94, 'reply_count': 106}",5.0,106.0,94.0,106.0,37.487977,126.89811186,서울특별시 영등포구 디지털로 333,서울,영등포구,대림동
화채꽃-금천점,"{'lat': '37.4585232', 'lng': '126.89940598'}","['카페/디저트', '도시락/죽', '포장', '프랜차이즈']","{'average_rating': 4.7, 'count': 29, 'image_count': 23, 'reply_count': 0}",4.7,29.0,23.0,0.0,37.4585232,126.89940598,서울특별시 금천구 시흥대로 278,서울,금천구,독산동
파스타이거-관악점,"{'lat': '37.4797687', 'lng': '126.95751774'}","['피자/양식', '포장', '야식', '1인분주문']","{'average_rating': 0.0, 'count': 0, 'image_count': 0, 'reply_count': 0}",0.0,0.0,0.0,0.0,37.4797687,126.95751774,서울특별시 관악구 남부순환로 1869,서울,관악구,봉천동
도시롹Rock-금천점,"{'lat': '37.4766142', 'lng': '126.90294283'}","['한식', '도시락/죽', '고기/구이', '야식', '포장']","{'average_rating': 5.0, 'count': 4, 'image_count': 5, 'reply_count': 0}",5.0,4.0,5.0,0.0,37.4766142,126.90294283,서울특별시 금천구 독산로103길 12,서울,금천구,독산동
상도보글의정부부대찌개&참맛감자탕,"{'lat': '37.4992051', 'lng': '126.92765183'}","['포장', '한식', '야식']","{'average_rating': 3.7, 'count': 20, 'image_count': 2, 'reply_count': 1}",3.7,20.0,2.0,1.0,37.4992051,126.92765183,서울특별시 동작구 여의대방로24길 137,서울,동작구,대방동
쑈궁철판구이 & 꼬치튀김,"{'lat': '37.4905713', 'lng': '126.88775095'}","['포장', '중국집']","{'average_rating': 4.8, 'count': 274, 'image_count': 257, 'reply_count': 86}",4.8,274.0,257.0,86.0,37.4905713,126.88775095,서울특별시 구로구 구로동로28길 64-8,서울,구로구,구로동
바삭한닭다리순살후라이드-대림점,"{'lat': '37.4939622', 'lng': '126.90093634'}","['분식', '야식', '치킨', '포장', '프랜차이즈', '신규맛집']","{'average_rating': 5.0, 'count': 2, 'image_count': 2, 'reply_count': 1}",5.0,2.0,2.0,1.0,37.4939622,126.90093634,서울특별시 영등포구 대림로 142,서울,영등포구,대림동
패티스버거-사당점,"{'lat': '37.4835795', 'lng': '126.97124603'}","['버거', '포장', '분식', '카페/디저트']","{'average_rating': 5.0, 'count': 32, 'image_count': 23, 'reply_count': 3}",5.0,32.0,23.0,3.0,37.4835795,126.97124603,서울특별시 동작구 사당로16가길 42,서울,동작구,사당동
도담김치찌개&김치찜-영등포점,"{'lat': '37.5103609', 'lng': '126.91701558'}","['찜/탕', '한식', '포장', '프랜차이즈']","{'average_rating': 5.0, 'count': 3, 'image_count': 2, 'reply_count': 2}",5.0,3.0,2.0,2.0,37.5103609,126.91701558,서울특별시 영등포구 도신로58길 17-1,서울,영등포구,신길동
디저트39-금천시흥점,"{'lat': '37.4590649814903', 'lng': '126.90489778682'}","['카페/디저트', '프랜차이즈']","{'average_rating': 4.8, 'count': 76, 'image_count': 49, 'reply_count': 27}",4.8,76.0,49.0,27.0,37.4590649814903,126.90489778682,서울특별시 금천구 독산로 131-1,서울,금천구,시흥동
전집대반전,"{'lat': '37.4995976', 'lng': '126.90827147'}","['찜/탕', '한식', '분식', '야식', '포장']","{'average_rating': 4.6, 'count': 13, 'image_count': 8, 'reply_count': 0}",4.6,13.0,8.0,0.0,37.4995976,126.90827147,서울특별시 영등포구 대방천로 155,서울,영등포구,신길동
족발예찬-금천롯데캐슬점,"{'lat': '37.4599733', 'lng': '126.89723655'}","['족발/보쌈', '프랜차이즈', '포장', '한식', '고기/구이']","{'average_rating': 4.9, 'count': 484, 'image_count': 512, 'reply_count': 100}",4.9,484.0,512.0,100.0,37.4599733,126.89723655,서울특별시 금천구 시흥대로 291,서울,금천구,독산동
존맛곱도리탕전문점,"{'lat': '37.4940863', 'lng': '126.88847967'}","['찜/탕', '한식', '야식', '포장']","{'average_rating': 4.9, 'count': 230, 'image_count': 175, 'reply_count': 92}",4.9,230.0,175.0,92.0,37.4940863,126.88847967,서울특별시 구로구 구로중앙로19나길 8,서울,구로구,구로동
호이안쌀국수-동작점,"{'lat': '37.5007066', 'lng': '126.9467424'}","['아시안', '포장', '야식', '1인분주문', '신규맛집']","{'average_rating': 4.0, 'count': 1, 'image_count': 2, 'reply_count': 1}",4.0,1.0,2.0,1.0,37.5007066,126.9467424,서울특별시 동작구 양녕로 220,서울,동작구,상도동
푸짐피자-구로본점,"{'lat': '37.5003689', 'lng': '126.88992468'}","['피자/양식', '야식', '포장']","{'average_rating': 5.0, 'count': 8, 'image_count': 8, 'reply_count': 0}",5.0,8.0,8.0,0.0,37.5003689,126.88992468,서울특별시 구로구 공원로 41,서울,구로구,구로동
장수통닭-시흥중앙점,"{'lat': '37.4624432', 'lng': '126.90820902'}","['고기/구이', '치킨', '포장', '프랜차이즈']","{'average_rating': 4.6, 'count': 9, 'image_count': 8, 'reply_count': 8}",4.6,9.0,8.0,8.0,37.4624432,126.90820902,서울특별시 금천구 독산로50길 74,서울,금천구,시흥동
육회만드는사람들-서울구로점,"{'lat': '37.4854726', 'lng': '126.89822308'}","['고기/구이', '프랜차이즈', '포장', '회/초밥']","{'average_rating': 4.9, 'count': 17, 'image_count': 12, 'reply_count': 9}",4.9,17.0,12.0,9.0,37.4854726,126.89822308,서울특별시 구로구 디지털로34길 27,서울,구로구,구로동
현대회수산시장,"{'lat': '37.4667382', 'lng': '126.8973853'}","['일식/돈까스', '야식', '포장']","{'average_rating': 4.8, 'count': 99, 'image_count': 106, 'reply_count': 0}",4.8,99.0,106.0,0.0,37.4667382,126.8973853,서울특별시 금천구 시흥대로 371,서울,금천구,독산동
사골집-본점,"{'lat': '37.4805773', 'lng': '126.94742874'}","['찜/탕', '한식', '포장', '야식']","{'average_rating': 5.0, 'count': 2, 'image_count': 2, 'reply_count': 1}",5.0,2.0,2.0,1.0,37.4805773,126.94742874,서울특별시 관악구 청룡3길 22,서울,관악구,봉천동
떡볶이ZIP-신림점,"{'lat': '37.4823266', 'lng': '126.9448119'}","['분식', '프랜차이즈', '포장']","{'average_rating': 4.5, 'count': 2, 'image_count': 2, 'reply_count': 0}",4.5,2.0,2.0,0.0,37.4823266,126.9448119,서울특별시 관악구 남부순환로 1751,서울,관악구,봉천동
벌교꼬막&서해할매게장,"{'lat': '37.502771575328374', 'lng': '126.87668088139847'}","['한식', '1인분주문']","{'average_rating': 4.8, 'count': 88, 'image_count': 69, 'reply_count': 0}",4.8,88.0,69.0,0.0,37.50277157532837,126.87668088139849,서울특별시 구로구 경인로55길 31,서울,구로구,구로동
요아정-파로스프라자점,"{'lat': '37.4640616', 'lng': '126.91939379'}","['카페/디저트', '포장', '프랜차이즈']","{'average_rating': 5.0, 'count': 11, 'image_count': 8, 'reply_count': 3}",5.0,11.0,8.0,3.0,37.4640616,126.91939379,서울특별시 관악구 난곡로 98,서울,관악구,신림동
안도중국식반찬,"{'lat': '37.4927807', 'lng': '126.8971124'}","['중국집', '분식', '아시안', '포장']","{'average_rating': 0.0, 'count': 0, 'image_count': 0, 'reply_count': 0}",0.0,0.0,0.0,0.0,37.4927807,126.8971124,서울특별시 영등포구 도림로 134,서울,영등포구,대림동
"옥수동돼치집,돼지와김치의완벽한비율을찾다-금천점","{'lat': '37.4585232', 'lng': '126.89940598'}","['한식', '고기/구이', '도시락/죽', '포장', '프랜차이즈', '야식']","{'average_rating': 4.9, 'count': 60, 'image_count': 44, 'reply_count': 0}",4.9,60.0,44.0,0.0,37.4585232,126.89940598,서울특별시 금천구 시흥대로 278,서울,금천구,독산동
빠삭한순살치킨을위해소스얹어주는집,"{'lat': '37.4961478', 'lng': '126.90573249'}","['분식', '야식', '치킨']","{'average_rating': 5.0, 'count': 247, 'image_count': 224, 'reply_count': 159}",5.0,247.0,224.0,159.0,37.4961478,126.90573249,서울특별시 영등포구 디지털로77길 12,서울,영등포구,대림동
제육깡패-금천점,"{'lat': '37.4766142', 'lng': '126.90294283'}","['한식', '고기/구이', '분식', '야식', '포장']","{'average_rating': 4.0, 'count': 5, 'image_count': 5, 'reply_count': 2}",4.0,5.0,5.0,2.0,37.4766142,126.90294283,서울특별시 금천구 독산로103길 12,서울,금천구,독산동
피자애-대방점,"{'lat': '37.5087434569742', 'lng': '126.924517791525'}","['피자/양식', '야식', '프랜차이즈']","{'average_rating': 4.9, 'count': 698, 'image_count': 537, 'reply_count': 4}",4.9,698.0,537.0,4.0,37.5087434569742,126.924517791525,서울특별시 동작구 여의대방로 250,서울,동작구,대방동
당신이선택한인생찜닭볶닭-봉천점,"{'lat': '37.4877201', 'lng': '126.95992422'}","['찜/탕', '한식', '포장']","{'average_rating': 4.9, 'count': 33, 'image_count': 26, 'reply_count': 0}",4.9,33.0,26.0,0.0,37.4877201,126.95992422,서울특별시 관악구 청림6길 3,서울,관악구,봉천동
고깃집얼큰된장찌개-금천점,"{'lat': '37.4766142', 'lng': '126.90294283'}","['찜/탕', '한식', '고기/구이', '야식', '포장', '프랜차이즈']","{'average_rating': 4.8, 'count': 25, 'image_count': 24, 'reply_count': 16}",4.8,25.0,24.0,16.0,37.4766142,126.90294283,서울특별시 금천구 독산로103길 12,서울,금천구,독산동
마마브런치,"{'lat': '37.480599', 'lng': '126.88931371'}","['피자/양식', '카페/디저트', '포장']","{'average_rating': 4.7, 'count': 188, 'image_count': 164, 'reply_count': 45}",4.7,188.0,164.0,45.0,37.480599,126.88931371,서울특별시 구로구 남부순환로105라길 15,서울,구로구,가리봉동
BBQ-관악조원점,"{'lat': '37.48253164480191', 'lng': '126.91086157900722'}","['프랜차이즈', '치킨', '포장']","{'average_rating': 4.6, 'count': 111, 'image_count': 70, 'reply_count': 0}",4.6,111.0,70.0,0.0,37.48253164480191,126.91086157900722,서울특별시 관악구 남부순환로143길 28,서울,관악구,신림동
인생냉면-구로점,"{'lat': '37.4981634', 'lng': '126.88609103'}","['한식', '프랜차이즈', '야식', '포장']","{'average_rating': 4.7, 'count': 78, 'image_count': 60, 'reply_count': 34}",4.7,78.0,60.0,34.0,37.4981634,126.88609103,서울특별시 구로구 구로중앙로 103,서울,구로구,구로동
굽네치킨&피자-독산점,"{'lat': '37.4685047', 'lng': '126.90375214'}","['피자/양식', '프랜차이즈', '치킨', '포장', '신규맛집']","{'average_rating': 5.0, 'count': 1, 'image_count': 0, 'reply_count': 0}",5.0,1.0,0.0,0.0,37.4685047,126.90375214,서울특별시 금천구 독산로74길 24,서울,금천구,독산동
만천,"{'lat': '37.5065503', 'lng': '126.91451497'}","['중국집', '야식', '아시안']","{'average_rating': 1.0, 'count': 1, 'image_count': 2, 'reply_count': 0}",1.0,1.0,2.0,0.0,37.5065503,126.91451497,서울특별시 영등포구 신길로42길 38-1,서울,영등포구,신길동
무휼-영등포점,"{'lat': '37.5061655', 'lng': '126.8997853'}","['카페/디저트', '야식', '포장', '프랜차이즈']","{'average_rating': 4.9, 'count': 8, 'image_count': 8, 'reply_count': 6}",4.9,8.0,8.0,6.0,37.5061655,126.8997853,서울특별시 영등포구 도신로 65,서울,영등포구,도림동
치떠끼-신대방점,"{'lat': '37.4979282584664', 'lng': '126.928479489037'}","['분식', '프랜차이즈', '야식']","{'average_rating': 4.8, 'count': 6, 'image_count': 10, 'reply_count': 5}",4.8,6.0,10.0,5.0,37.4979282584664,126.928479489037,서울특별시 동작구 보라매로 98-5,서울,동작구,신대방동
THE더가득담은김치찜-금천점,"{'lat': '37.4585232', 'lng': '126.89940598'}","['찜/탕', '한식', '도시락/죽', '포장', '프랜차이즈', '야식']","{'average_rating': 4.7, 'count': 14, 'image_count': 10, 'reply_count': 0}",4.7,14.0,10.0,0.0,37.4585232,126.89940598,서울특별시 금천구 시흥대로 278,서울,금천구,독산동
배고픈덮밥이-금천점,"{'lat': '37.4585232', 'lng': '126.89940598'}","['한식', '포장', '프랜차이즈', '야식', '1인분주문']","{'average_rating': 4.3, 'count': 16, 'image_count': 8, 'reply_count': 0}",4.3,16.0,8.0,0.0,37.4585232,126.89940598,서울특별시 금천구 시흥대로 278,서울,금천구,독산동
호세야오리바베큐-구로점,"{'lat': '37.4883896', 'lng': '126.88498831'}","['고기/구이', '족발/보쌈', '프랜차이즈', '도시락/죽', '신규맛집']","{'average_rating': 0.0, 'count': 0, 'image_count': 0, 'reply_count': 0}",0.0,0.0,0.0,0.0,37.4883896,126.88498831,서울특별시 구로구 구로동로18길 5,서울,구로구,구로동
숙성고기육칠이-영등포점,"{'lat': '37.5233871', 'lng': '126.90561826'}","['한식', '고기/구이', '도시락/죽', '포장', '프랜차이즈', '야식']","{'average_rating': 5.0, 'count': 46, 'image_count': 28, 'reply_count': 0}",5.0,46.0,28.0,0.0,37.5233871,126.90561826,서울특별시 영등포구 국회대로50길 20,서울,영등포구,영등포동7가
꼬기랑밥이랑면이랑,"{'lat': '37.4962395289631', 'lng': '126.907326846023'}","['피자/양식', '한식', '야식', '포장']","{'average_rating': 4.5, 'count': 864, 'image_count': 308, 'reply_count': 232}",4.5,864.0,308.0,232.0,37.4962395289631,126.907326846023,서울특별시 영등포구 디지털로 455-2,서울,영등포구,대림동
고기야,"{'lat': '37.5054351', 'lng': '126.9100084'}","['야식', '회/초밥', '포장', '일식/돈까스']","{'average_rating': 5.0, 'count': 121, 'image_count': 125, 'reply_count': 12}",5.0,121.0,125.0,12.0,37.5054351,126.9100084,서울특별시 영등포구 신길로33길 8,서울,영등포구,신길동
오구피자-대방역점,"{'lat': '37.5095219', 'lng': '126.92439341'}","['피자/양식', '포장', '프랜차이즈']","{'average_rating': 4.8, 'count': 60, 'image_count': 53, 'reply_count': 2}",4.8,60.0,53.0,2.0,37.5095219,126.92439341,서울특별시 동작구 여의대방로 256,서울,동작구,대방동
1991닭볶음탕-본점,"{'lat': '37.4658741', 'lng': '126.90285226'}","['찜/탕', '한식', '야식']","{'average_rating': 5.0, 'count': 109, 'image_count': 89, 'reply_count': 107}",5.0,109.0,89.0,107.0,37.4658741,126.90285226,서울특별시 금천구 독산로64가길 19,서울,금천구,독산동
가마치통닭-대림역점,"{'lat': '37.4910558', 'lng': '126.89430021'}","['고기/구이', '치킨', '포장', '프랜차이즈']","{'average_rating': 4.7, 'count': 42, 'image_count': 31, 'reply_count': 37}",4.7,42.0,31.0,37.0,37.4910558,126.89430021,서울특별시 구로구 도림로 102,서울,구로구,구로동
에그폭탄덮밥-구로점,"{'lat': '37.4981634', 'lng': '126.88609103'}","['한식', '프랜차이즈', '야식', '포장']","{'average_rating': 4.9, 'count': 188, 'image_count': 135, 'reply_count': 105}",4.9,188.0,135.0,105.0,37.4981634,126.88609103,서울특별시 구로구 구로중앙로 103,서울,구로구,구로동
백억커피-구로구청점,"{'lat': '37.4935451', 'lng': '126.88309501'}","['카페/디저트', '포장', '프랜차이즈', '야식']","{'average_rating': 4.9, 'count': 284, 'image_count': 191, 'reply_count': 149}",4.9,284.0,191.0,149.0,37.4935451,126.88309501,서울특별시 구로구 구로동로 167,서울,구로구,구로동
맘스터치-신길대신점,"{'lat': '37.512201', 'lng': '126.91650241'}","['포장', '버거', '프랜차이즈', '치킨']","{'average_rating': 4.9, 'count': 32, 'image_count': 24, 'reply_count': 8}",4.9,32.0,24.0,8.0,37.512201,126.91650241,서울특별시 영등포구 도신로 229,서울,영등포구,신길동
1인짜글이끝판왕-독산점,"{'lat': '37.4635252', 'lng': '126.90109834'}","['찜/탕', '한식', '포장', '프랜차이즈', '1인분주문']","{'average_rating': 5.0, 'count': 7, 'image_count': 6, 'reply_count': 0}",5.0,7.0,6.0,0.0,37.4635252,126.90109834,서울특별시 금천구 시흥대로94길 66,서울,금천구,독산동
맹호돈까스-영등포점,"{'lat': '37.5105924', 'lng': '126.8983379'}","['한식', '분식', '일식/돈까스', '포장']","{'average_rating': 4.0, 'count': 4, 'image_count': 3, 'reply_count': 3}",4.0,4.0,3.0,3.0,37.5105924,126.8983379,서울특별시 영등포구 도영로 55,서울,영등포구,도림동
자담치킨-서울가산점,"{'lat': '37.4721517', 'lng': '126.89192793'}","['포장', '프랜차이즈', '치킨']","{'average_rating': 4.9, 'count': 35, 'image_count': 28, 'reply_count': 0}",4.9,35.0,28.0,0.0,37.4721517,126.89192793,서울특별시 금천구 가산로3길 65,서울,금천구,독산동
피자이탈리-금천점,"{'lat': '37.4624809', 'lng': '126.89851798'}","['피자/양식', '포장', '치킨', '야식', '프랜차이즈', '고기/구이']","{'average_rating': 4.9, 'count': 2468, 'image_count': 2326, 'reply_count': 2444}",4.9,2468.0,2326.0,2444.0,37.4624809,126.89851798,서울특별시 금천구 시흥대로92길 30,서울,금천구,독산동
바른국밥-구로점,"{'lat': '37.4942475', 'lng': '126.88816863'}","['한식', '프랜차이즈', '1인분주문', '포장']","{'average_rating': 4.7, 'count': 3, 'image_count': 2, 'reply_count': 0}",4.7,3.0,2.0,0.0,37.4942475,126.88816863,서울특별시 구로구 구로중앙로19길 19,서울,구로구,구로동
취향마라,"{'lat': '37.4960795319874', 'lng': '126.891564262119'}","['피자/양식', '중국집', '한식', '아시안']","{'average_rating': 4.7, 'count': 7, 'image_count': 6, 'reply_count': 6}",4.7,7.0,6.0,6.0,37.4960795319874,126.891564262119,서울특별시 구로구 가마산로 280,서울,구로구,구로동
해담촌아구찜해물탕,"{'lat': '37.5118110340695', 'lng': '126.917515779827'}","['포장', '한식', '야식', '찜/탕']","{'average_rating': 4.8, 'count': 221, 'image_count': 152, 'reply_count': 20}",4.8,221.0,152.0,20.0,37.5118110340695,126.917515779827,서울특별시 영등포구 도신로62길 3,서울,영등포구,신길동
피나치공뿌리공스-서울봉천점,"{'lat': '37.4728048', 'lng': '126.96614908'}","['피자/양식', '치킨', '포장', '프랜차이즈', '신규맛집']","{'average_rating': 0.0, 'count': 0, 'image_count': 0, 'reply_count': 0}",0.0,0.0,0.0,0.0,37.4728048,126.96614908,서울특별시 관악구 남부순환로248길 78,서울,관악구,봉천동
사계절갈비-영등포점,"{'lat': '37.5233871', 'lng': '126.90561826'}","['한식', '고기/구이', '도시락/죽', '포장', '프랜차이즈', '야식']","{'average_rating': 5.0, 'count': 4, 'image_count': 5, 'reply_count': 0}",5.0,4.0,5.0,0.0,37.5233871,126.90561826,서울특별시 영등포구 국회대로50길 20,서울,영등포구,영등포동7가
닭찜랭킹1위-구로점,"{'lat': '37.4940863', 'lng': '126.88847967'}","['찜/탕', '한식', '포장', '고기/구이', '야식', '1인분주문']","{'average_rating': 4.9, 'count': 170, 'image_count': 137, 'reply_count': 4}",4.9,170.0,137.0,4.0,37.4940863,126.88847967,서울특별시 구로구 구로중앙로19나길 8,서울,구로구,구로동
양푼이 김치찌개&김치찜-독산점,"{'lat': '37.4658741', 'lng': '126.90285226'}","['찜/탕', '한식']","{'average_rating': 4.9, 'count': 513, 'image_count': 480, 'reply_count': 511}",4.9,513.0,480.0,511.0,37.4658741,126.90285226,서울특별시 금천구 독산로64가길 19,서울,금천구,독산동
밥꼬콩불-가산점,"{'lat': '37.480599', 'lng': '126.88931371'}","['포장', '한식', '프랜차이즈']","{'average_rating': 5.0, 'count': 5, 'image_count': 1, 'reply_count': 0}",5.0,5.0,1.0,0.0,37.480599,126.88931371,서울특별시 구로구 남부순환로105라길 15,서울,구로구,가리봉동
명품육회와연어-영등포점,"{'lat': '37.5191135289905', 'lng': '126.907271019105'}","['한식', '일식/돈까스', '회/초밥', '야식', '포장']","{'average_rating': 5.0, 'count': 4, 'image_count': 3, 'reply_count': 0}",5.0,4.0,3.0,0.0,37.5191135289905,126.907271019105,서울특별시 영등포구 영등포로 234,서울,영등포구,영등포동3가
낙성닭강정,"{'lat': '37.4743439', 'lng': '126.96674581'}","['한식', '분식', '치킨', '포장']","{'average_rating': 4.9, 'count': 77, 'image_count': 67, 'reply_count': 0}",4.9,77.0,67.0,0.0,37.4743439,126.96674581,서울특별시 관악구 인헌길 28,서울,관악구,봉천동
청담족발-영등포점,"{'lat': '37.520757963673894', 'lng': '126.90284427047547'}","['족발/보쌈', '고기/구이', '한식', '야식', '포장', '프랜차이즈', '1인분주문']","{'average_rating': 5.0, 'count': 139, 'image_count': 162, 'reply_count': 72}",5.0,139.0,162.0,72.0,37.52075796367389,126.90284427047548,서울특별시 영등포구 영신로38길 16,서울,영등포구,영등포동6가
잭슨피자-영등포점,"{'lat': '37.517966973875', 'lng': '126.90198699293'}","['피자/양식', '프랜차이즈']","{'average_rating': 4.9, 'count': 429, 'image_count': 396, 'reply_count': 3}",4.9,429.0,396.0,3.0,37.517966973875,126.90198699293,서울특별시 영등포구 문래로 180,서울,영등포구,영등포동4가
김둘레순대국-구로점,"{'lat': '37.4973049', 'lng': '126.891599'}","['한식', '고기/구이', '족발/보쌈', '포장']","{'average_rating': 5.0, 'count': 29, 'image_count': 27, 'reply_count': 0}",5.0,29.0,27.0,0.0,37.4973049,126.891599,서울특별시 구로구 가마산로27길 7,서울,구로구,구로동
로뎀 구운치킨,"{'lat': '37.4962395289631', 'lng': '126.907326846023'}","['포장', '야식', '치킨', '피자/양식']","{'average_rating': 4.5, 'count': 289, 'image_count': 70, 'reply_count': 53}",4.5,289.0,70.0,53.0,37.4962395289631,126.907326846023,서울특별시 영등포구 디지털로 455-2,서울,영등포구,대림동
알라딘중식,"{'lat': '37.4960795319874', 'lng': '126.891564262119'}","['피자/양식', '중국집', '한식', '아시안']","{'average_rating': 5.0, 'count': 24, 'image_count': 26, 'reply_count': 20}",5.0,24.0,26.0,20.0,37.4960795319874,126.891564262119,서울특별시 구로구 가마산로 280,서울,구로구,구로동
오리야미-독산점,"{'lat': '37.4589172', 'lng': '126.89950933'}","['한식', '고기/구이', '족발/보쌈', '포장', '프랜차이즈', '신규맛집']","{'average_rating': 0.0, 'count': 0, 'image_count': 0, 'reply_count': 0}",0.0,0.0,0.0,0.0,37.4589172,126.89950933,서울특별시 금천구 시흥대로 278-5,서울,금천구,독산동
2+1포차-영등포점,"{'lat': '37.5233871', 'lng': '126.90561826'}","['한식', '고기/구이', '도시락/죽', '포장', '프랜차이즈', '야식']","{'average_rating': 4.6, 'count': 10, 'image_count': 12, 'reply_count': 0}",4.6,10.0,12.0,0.0,37.5233871,126.90561826,서울특별시 영등포구 국회대로50길 20,서울,영등포구,영등포동7가
사랑볶음밥,"{'lat': '37.4856984', 'lng': '126.88899273'}","['분식', '포장', '신규맛집']","{'average_rating': 5.0, 'count': 2, 'image_count': 4, 'reply_count': 1}",5.0,2.0,4.0,1.0,37.4856984,126.88899273,서울특별시 구로구 도림로10길 29-1,서울,구로구,구로동
피자연구소-본점,"{'lat': '37.5030578', 'lng': '126.88759881'}","['피자/양식', '포장', '신규맛집']","{'average_rating': 0.0, 'count': 0, 'image_count': 0, 'reply_count': 0}",0.0,0.0,0.0,0.0,37.5030578,126.88759881,서울특별시 구로구 공원로9길 10,서울,구로구,구로동
파스타입니다.-금천점,"{'lat': '37.4585232', 'lng': '126.89940598'}","['피자/양식', '포장', '프랜차이즈', '야식', '1인분주문']","{'average_rating': 4.9, 'count': 73, 'image_count': 61, 'reply_count': 0}",4.9,73.0,61.0,0.0,37.4585232,126.89940598,서울특별시 금천구 시흥대로 278,서울,금천구,독산동
네네치킨-남구로점,"{'lat': '37.4864921', 'lng': '126.88939857'}","['피자/양식', '프랜차이즈', '치킨', '포장']","{'average_rating': 4.9, 'count': 278, 'image_count': 226, 'reply_count': 239}",4.9,278.0,226.0,239.0,37.4864921,126.88939857,서울특별시 구로구 도림로12길 24,서울,구로구,구로동
본전찾은전집,"{'lat': '37.452613', 'lng': '126.90389331'}","['한식', '야식']","{'average_rating': 4.8, 'count': 197, 'image_count': 190, 'reply_count': 170}",4.8,197.0,190.0,170.0,37.452613,126.90389331,서울특별시 금천구 금하로14길 20,서울,금천구,시흥동
근본제육김치찌개-독산점,"{'lat': '37.4635252', 'lng': '126.90109834'}","['찜/탕', '한식', '포장']","{'average_rating': 5.0, 'count': 3, 'image_count': 3, 'reply_count': 0}",5.0,3.0,3.0,0.0,37.4635252,126.90109834,서울특별시 금천구 시흥대로94길 66,서울,금천구,독산동
본스치킨-금천구청역점,"{'lat': '37.4550310357434', 'lng': '126.898006300945'}","['포장', '프랜차이즈', '치킨']","{'average_rating': 4.6, 'count': 77, 'image_count': 50, 'reply_count': 4}",4.6,77.0,50.0,4.0,37.4550310357434,126.898006300945,서울특별시 금천구 시흥대로63길 29,서울,금천구,시흥동
볶음밥연구소-본점,"{'lat': '37.5030578', 'lng': '126.88759881'}","['한식', '분식', '도시락/죽', '포장', '1인분주문', '신규맛집']","{'average_rating': 0.0, 'count': 0, 'image_count': 0, 'reply_count': 0}",0.0,0.0,0.0,0.0,37.5030578,126.88759881,서울특별시 구로구 공원로9길 10,서울,구로구,구로동
바게뜨양-신림점,"{'lat': '37.4850924', 'lng': '126.93909285'}","['피자/양식', '버거', '카페/디저트', '포장', '프랜차이즈']","{'average_rating': 4.8, 'count': 141, 'image_count': 111, 'reply_count': 129}",4.8,141.0,111.0,129.0,37.4850924,126.93909285,서울특별시 관악구 봉천로27길 10,서울,관악구,봉천동
멘부리-신림점,"{'lat': '37.48153634530837', 'lng': '126.94251261134222'}","['분식', '일식/돈까스', '프랜차이즈', '포장', '1인분주문']","{'average_rating': 5.0, 'count': 3293, 'image_count': 2920, 'reply_count': 2755}",5.0,3293.0,2920.0,2755.0,37.48153634530837,126.94251261134222,서울특별시 관악구 장군봉1길 46,서울,관악구,봉천동
탕화쿵푸마라탕-신림점,"{'lat': '37.483171', 'lng': '126.93010968'}","['중국집', '찜/탕', '아시안', '포장', '프랜차이즈', '야식']","{'average_rating': 4.9, 'count': 698, 'image_count': 638, 'reply_count': 698}",4.9,698.0,638.0,698.0,37.483171,126.93010968,서울특별시 관악구 신림로 322-1,서울,관악구,신림동
맛도리갈비찜-신림본점,"{'lat': '37.470057', 'lng': '126.9391606'}","['찜/탕', '한식', '포장', '야식']","{'average_rating': 4.9, 'count': 1200, 'image_count': 932, 'reply_count': 1193}",4.9,1200.0,932.0,1193.0,37.470057,126.9391606,서울특별시 관악구 신림로11길 11-5,서울,관악구,신림동
스시마와리,"{'lat': '37.4762313', 'lng': '126.93748646'}","['일식/돈까스', '회/초밥', '포장']","{'average_rating': 5.0, 'count': 3975, 'image_count': 3803, 'reply_count': 1780}",5.0,3975.0,3803.0,1780.0,37.4762313,126.93748646,서울특별시 관악구 신림로 210-1,서울,관악구,신림동
오성팔복반점-관악점,"{'lat': '37.4877201', 'lng': '126.95992422'}","['중국집', '찜/탕', '도시락/죽', '포장', '프랜차이즈', '신규맛집']","{'average_rating': 4.7, 'count': 183, 'image_count': 152, 'reply_count': 183}",4.7,183.0,152.0,183.0,37.4877201,126.95992422,서울특별시 관악구 청림6길 3,서울,관악구,봉천동
향백,"{'lat': '37.4966509794017', 'lng': '126.931801166082'}","['중국집', '한식']","{'average_rating': 4.7, 'count': 18013, 'image_count': 12553, 'reply_count': 4384}",4.7,18013.0,12553.0,4384.0,37.4966509794017,126.931801166082,서울특별시 동작구 국사봉1길 108,서울,동작구,상도동
신사동한끼,"{'lat': '37.484416', 'lng': '126.91690085'}","['한식', '포장', '다회용기']","{'average_rating': 4.9, 'count': 2445, 'image_count': 1874, 'reply_count': 54}",4.9,2445.0,1874.0,54.0,37.484416,126.91690085,서울특별시 관악구 남부순환로155길 43,서울,관악구,신림동
카페인중독-본점,"{'lat': '37.487883364287', 'lng': '126.925616234944'}","['카페/디저트', '프랜차이즈', '샌드위치', '야식', '포장']","{'average_rating': 4.8, 'count': 4267, 'image_count': 3416, 'reply_count': 4245}",4.8,4267.0,3416.0,4245.0,37.487883364287,126.925616234944,서울특별시 관악구 봉천로6길 40,서울,관악구,신림동
호식이두마리치킨-대학점,"{'lat': '37.472755394457', 'lng': '126.937075001133'}","['치킨', '포장', '야식', '프랜차이즈']","{'average_rating': 4.9, 'count': 12356, 'image_count': 10345, 'reply_count': 833}",4.9,12356.0,10345.0,833.0,37.472755394457,126.937075001133,서울특별시 관악구 복은4길 55,서울,관악구,신림동
온야끼소바,"{'lat': '37.4850484', 'lng': '126.92648631'}","['일식/돈까스', '포장', '야식', '신규맛집']","{'average_rating': 3.7, 'count': 3, 'image_count': 2, 'reply_count': 2}",3.7,3.0,2.0,2.0,37.4850484,126.92648631,서울특별시 관악구 관천로10길 20,서울,관악구,신림동
탐나종합어시장-서울대점,"{'lat': '37.4843577', 'lng': '126.95553354'}","['한식', '야식', '일식/돈까스', '회/초밥', '포장', '프랜차이즈']","{'average_rating': 4.9, 'count': 281, 'image_count': 268, 'reply_count': 181}",4.9,281.0,268.0,181.0,37.4843577,126.95553354,서울특별시 관악구 관악로 222,서울,관악구,봉천동
떡의작품가래떡볶이-봉천점,"{'lat': '37.4794614', 'lng': '126.9457475'}","['한식', '분식', '야식', '포장', '프랜차이즈']","{'average_rating': 4.9, 'count': 291, 'image_count': 278, 'reply_count': 167}",4.9,291.0,278.0,167.0,37.4794614,126.9457475,서울특별시 관악구 쑥고개로 83,서울,관악구,봉천동
죽집-본점,"{'lat': '37.48279082245', 'lng': '126.949189597765'}","['한식', '도시락/죽', '포장']","{'average_rating': 4.9, 'count': 2353, 'image_count': 1637, 'reply_count': 1678}",4.9,2353.0,1637.0,1678.0,37.48279082245,126.949189597765,서울특별시 관악구 봉천로 441,서울,관악구,봉천동
인생치킨이닭,"{'lat': '37.4822316', 'lng': '126.91996021'}","['분식', '고기/구이', '치킨', '포장', '야식']","{'average_rating': 5.0, 'count': 801, 'image_count': 757, 'reply_count': 256}",5.0,801.0,757.0,256.0,37.4822316,126.91996021,서울특별시 관악구 남부순환로172길 108,서울,관악구,신림동
청년피자-신림점,"{'lat': '37.4737175', 'lng': '126.91720138'}","['피자/양식', '프랜차이즈', '포장']","{'average_rating': 4.7, 'count': 174, 'image_count': 158, 'reply_count': 170}",4.7,174.0,158.0,170.0,37.4737175,126.91720138,서울특별시 관악구 미성3길 21,서울,관악구,신림동
무휼-보라매점,"{'lat': '37.4908773', 'lng': '126.93019749'}","['카페/디저트', '포장']","{'average_rating': 4.9, 'count': 278, 'image_count': 264, 'reply_count': 32}",4.9,278.0,264.0,32.0,37.4908773,126.93019749,서울특별시 관악구 당곡2길 22,서울,관악구,봉천동
불도장중화요리-봉천점,"{'lat': '37.4791573', 'lng': '126.94605154'}","['중국집', '고기/구이', '찜/탕', '야식', '포장', '신규맛집']","{'average_rating': 5.0, 'count': 1, 'image_count': 1, 'reply_count': 1}",5.0,1.0,1.0,1.0,37.4791573,126.94605154,서울특별시 관악구 쑥고개로 86,서울,관악구,봉천동
홍콩반점0410-보라매공원점,"{'lat': '37.4912752', 'lng': '126.92409466'}","['중국집', '프랜차이즈']","{'average_rating': 4.8, 'count': 583, 'image_count': 547, 'reply_count': 191}",4.8,583.0,547.0,191.0,37.4912752,126.92409466,서울특별시 동작구 보라매로5가길 16,서울,동작구,신대방동
정육식당-미트온라인직판-관악점,"{'lat': '37.4849925', 'lng': '126.93604823'}","['한식', '도시락/죽', '고기/구이', '포장', '야식', '1인분주문']","{'average_rating': 4.9, 'count': 2037, 'image_count': 1619, 'reply_count': 2018}",4.9,2037.0,1619.0,2018.0,37.4849925,126.93604823,서울특별시 관악구 남부순환로 1667-1,서울,관악구,봉천동
사생활,"{'lat': '37.4877898302352', 'lng': '126.916517136247'}","['카페/디저트', '야식', '피자/양식', '일식/돈까스', '포장']","{'average_rating': 4.9, 'count': 337, 'image_count': 297, 'reply_count': 100}",4.9,337.0,297.0,100.0,37.4877898302352,126.916517136247,서울특별시 관악구 신사로14길 19,서울,관악구,신림동
The오리1987-관악점 ,"{'lat': '37.4879659', 'lng': '126.9467491'}","['한식', '야식', '고기/구이', '포장']","{'average_rating': 4.8, 'count': 876, 'image_count': 682, 'reply_count': 344}",4.8,876.0,682.0,344.0,37.4879659,126.9467491,서울특별시 관악구 양녕로 66,서울,관악구,봉천동
충청도짜글이마을-관악본점,"{'lat': '37.4854486', 'lng': '126.92872326'}","['찜/탕', '한식', '포장']","{'average_rating': 5.0, 'count': 12, 'image_count': 9, 'reply_count': 10}",5.0,12.0,9.0,10.0,37.4854486,126.92872326,서울특별시 관악구 신림로65길 10-9,서울,관악구,신림동
아침점심저녁-봉천점,"{'lat': '37.479761', 'lng': '126.94268077'}","['한식', '포장', '고기/구이', '찜/탕', '프랜차이즈', '1인분주문']","{'average_rating': 4.9, 'count': 2965, 'image_count': 2313, 'reply_count': 2773}",4.9,2965.0,2313.0,2773.0,37.479761,126.94268077,서울특별시 관악구 쑥고개로 55,서울,관악구,봉천동
족보당-봉천본점,"{'lat': '37.4822513', 'lng': '126.94000404'}","['족발/보쌈', '포장', '프랜차이즈']","{'average_rating': 4.9, 'count': 262, 'image_count': 265, 'reply_count': 261}",4.9,262.0,265.0,261.0,37.4822513,126.94000404,서울특별시 관악구 장군봉2길 1,서울,관악구,봉천동
짱구한식분식,"{'lat': '37.4854486', 'lng': '126.92872326'}","['한식', '도시락/죽', '분식', '포장', '다회용기']","{'average_rating': 4.9, 'count': 5041, 'image_count': 4014, 'reply_count': 5038}",4.9,5041.0,4014.0,5038.0,37.4854486,126.92872326,서울특별시 관악구 신림로65길 10-9,서울,관악구,신림동
찜닭의민족,"{'lat': '37.4821897', 'lng': '126.91994323'}","['찜/탕', '한식', '포장']","{'average_rating': 4.9, 'count': 3113, 'image_count': 2672, 'reply_count': 495}",4.9,3113.0,2672.0,495.0,37.4821897,126.91994323,서울특별시 관악구 남부순환로172길 108,서울,관악구,신림동
인생강정이닭,"{'lat': '37.4822316', 'lng': '126.91996021'}","['한식', '분식', '치킨', '포장', '야식']","{'average_rating': 5.0, 'count': 531, 'image_count': 460, 'reply_count': 181}",5.0,531.0,460.0,181.0,37.4822316,126.91996021,서울특별시 관악구 남부순환로172길 108,서울,관악구,신림동
오븐마루-청룡점,"{'lat': '37.4793042', 'lng': '126.94748446'}","['포장', '프랜차이즈', '치킨']","{'average_rating': 4.9, 'count': 1768, 'image_count': 1527, 'reply_count': 164}",4.9,1768.0,1527.0,164.0,37.4793042,126.94748446,서울특별시 관악구 쑥고개로 97,서울,관악구,봉천동
과일을말하다세이프룻-신림직영점,"{'lat': '37.4844352', 'lng': '126.92455249'}","['카페/디저트', '샌드위치', '도시락/죽', '포장', '야식']","{'average_rating': 5.0, 'count': 1, 'image_count': 1, 'reply_count': 0}",5.0,1.0,1.0,0.0,37.4844352,126.92455249,서울특별시 관악구 관천로11길 5,서울,관악구,신림동
파리바게뜨-신림사거리점,"{'lat': '37.4843253', 'lng': '126.92862397'}","['카페/디저트', '프랜차이즈']","{'average_rating': 4.9, 'count': 90, 'image_count': 76, 'reply_count': 0}",4.9,90.0,76.0,0.0,37.4843253,126.92862397,서울특별시 관악구 남부순환로 1601-1,서울,관악구,신림동
별이네통통김밥,"{'lat': '37.4833276', 'lng': '126.92521217'}","['한식', '일식/돈까스', '분식', '포장', '신규맛집']","{'average_rating': 5.0, 'count': 3, 'image_count': 3, 'reply_count': 3}",5.0,3.0,3.0,3.0,37.4833276,126.92521217,서울특별시 관악구 남부순환로172길 10,서울,관악구,신림동
교동냉면-신림점,"{'lat': '37.4788711', 'lng': '126.91343665'}","['한식', '고기/구이', '야식', '1인분주문', '포장', '신규맛집']","{'average_rating': 5.0, 'count': 6, 'image_count': 5, 'reply_count': 5}",5.0,6.0,5.0,5.0,37.4788711,126.91343665,서울특별시 관악구 난곡로55길 29,서울,관악구,신림동
오와스시,"{'lat': '37.4985598', 'lng': '126.92608257'}","['일식/돈까스', '회/초밥', '포장', '프랜차이즈']","{'average_rating': 4.9, 'count': 426, 'image_count': 402, 'reply_count': 0}",4.9,426.0,402.0,0.0,37.4985598,126.92608257,서울특별시 동작구 여의대방로22길 121,서울,동작구,신대방동
버거락-신림역점,"{'lat': '37.4853218', 'lng': '126.93356031'}","['버거', '포장', '치킨']","{'average_rating': 4.9, 'count': 120, 'image_count': 132, 'reply_count': 56}",4.9,120.0,132.0,56.0,37.4853218,126.93356031,서울특별시 관악구 남부순환로187길 10,서울,관악구,신림동
맘스터치-관악신대방역점,"{'lat': '37.4864551', 'lng': '126.9127996'}","['포장', '프랜차이즈', '치킨', '버거', '1인분주문']","{'average_rating': 4.8, 'count': 1167, 'image_count': 963, 'reply_count': 5}",4.8,1167.0,963.0,5.0,37.4864551,126.9127996,서울특별시 관악구 신사로 90,서울,관악구,신림동
버택스미국식덮밥-봉천점,"{'lat': '37.4834018', 'lng': '126.94515586'}","['피자/양식', '한식', '도시락/죽', '포장']","{'average_rating': 4.9, 'count': 108, 'image_count': 79, 'reply_count': 78}",4.9,108.0,79.0,78.0,37.4834018,126.94515586,서울특별시 관악구 봉천로35길 8,서울,관악구,봉천동
국민낙곱새-보라매점,"{'lat': '37.499305', 'lng': '126.9169201'}","['한식', '프랜차이즈', '찜/탕']","{'average_rating': 4.9, 'count': 754, 'image_count': 668, 'reply_count': 583}",4.9,754.0,668.0,583.0,37.499305,126.9169201,서울특별시 영등포구 신풍로20길 7,서울,영등포구,신길동
온타코야끼,"{'lat': '37.4850484', 'lng': '126.92648631'}","['분식', '포장', '야식', '신규맛집']","{'average_rating': 5.0, 'count': 2, 'image_count': 2, 'reply_count': 2}",5.0,2.0,2.0,2.0,37.4850484,126.92648631,서울특별시 관악구 관천로10길 20,서울,관악구,신림동
봉천반점,"{'lat': '37.4791573', 'lng': '126.94605154'}","['중국집', '고기/구이', '찜/탕', '포장', '야식', '신규맛집']","{'average_rating': 5.0, 'count': 3, 'image_count': 2, 'reply_count': 0}",5.0,3.0,2.0,0.0,37.4791573,126.94605154,서울특별시 관악구 쑥고개로 86,서울,관악구,봉천동
오므라이스에빠진닭-봉천신림점,"{'lat': '37.4857221', 'lng': '126.93696214'}","['한식', '분식', '야식', '포장']","{'average_rating': 5.0, 'count': 1, 'image_count': 1, 'reply_count': 0}",5.0,1.0,1.0,0.0,37.4857221,126.93696214,서울특별시 관악구 봉천로 327,서울,관악구,봉천동
서대문김치찜&김치찌개-영등포점,"{'lat': '37.4931185', 'lng': '126.90529652'}","['찜/탕', '한식', '프랜차이즈', '포장', '야식']","{'average_rating': 4.9, 'count': 1750, 'image_count': 1546, 'reply_count': 1708}",4.9,1750.0,1546.0,1708.0,37.4931185,126.90529652,서울특별시 영등포구 디지털로 420,서울,영등포구,대림동
한국경양식스테이크,"{'lat': '37.4849925', 'lng': '126.93604823'}","['고기/구이', '포장']","{'average_rating': 4.9, 'count': 25, 'image_count': 22, 'reply_count': 25}",4.9,25.0,22.0,25.0,37.4849925,126.93604823,서울특별시 관악구 남부순환로 1667-1,서울,관악구,봉천동
바삭한하루-신림점,"{'lat': '37.482525', 'lng': '126.93104715'}","['치킨', '포장', '야식']","{'average_rating': 5.0, 'count': 20, 'image_count': 15, 'reply_count': 20}",5.0,20.0,15.0,20.0,37.482525,126.93104715,서울특별시 관악구 신림로58길 21,서울,관악구,신림동
국제닭강정-관악점,"{'lat': '37.4864689', 'lng': '126.93686058'}","['분식', '치킨', '포장', '프랜차이즈', '신규맛집']","{'average_rating': 0.0, 'count': 0, 'image_count': 0, 'reply_count': 0}",0.0,0.0,0.0,0.0,37.4864689,126.93686058,서울특별시 관악구 은천로 13-1,서울,관악구,봉천동
한양카츠-동작점,"{'lat': '37.4965982', 'lng': '126.9306219'}","['한식', '분식', '일식/돈까스', '포장', '1인분주문']","{'average_rating': 5.0, 'count': 32, 'image_count': 27, 'reply_count': 4}",5.0,32.0,27.0,4.0,37.4965982,126.9306219,서울특별시 동작구 국사봉길 74,서울,동작구,상도동
죠스떡볶이-보라매점,"{'lat': '37.4912113002302', 'lng': '126.924990327332'}","['분식', '프랜차이즈', '포장']","{'average_rating': 4.9, 'count': 1643, 'image_count': 1445, 'reply_count': 1322}",4.9,1643.0,1445.0,1322.0,37.4912113002302,126.924990327332,서울특별시 동작구 보라매로3길 29,서울,동작구,신대방동
포케클리닉,"{'lat': '37.4855965', 'lng': '126.92661546'}","['샐러드', '카페/디저트', '포장']","{'average_rating': 4.9, 'count': 68, 'image_count': 69, 'reply_count': 57}",4.9,68.0,69.0,57.0,37.4855965,126.92661546,서울특별시 관악구 신림동7길 33,서울,관악구,신림동
수유골목냉면-관악점,"{'lat': '37.4818507', 'lng': '126.94467366'}","['한식', '분식', '일식/돈까스', '포장']","{'average_rating': 5.0, 'count': 50, 'image_count': 44, 'reply_count': 31}",5.0,50.0,44.0,31.0,37.4818507,126.94467366,서울특별시 관악구 남부순환로 1752,서울,관악구,봉천동
상무초밥-구로디지털단지점,"{'lat': '37.4833758110118', 'lng': '126.90237382108'}","['회/초밥', '프랜차이즈', '포장', '일식/돈까스', '1인분주문']","{'average_rating': 5.0, 'count': 3909, 'image_count': 3673, 'reply_count': 3861}",5.0,3909.0,3673.0,3861.0,37.4833758110118,126.90237382108,서울특별시 관악구 시흥대로 568,서울,관악구,신림동
덮밥어때,"{'lat': '37.4838431497076', 'lng': '126.942058592685'}","['포장', '한식', '야식']","{'average_rating': 4.9, 'count': 2757, 'image_count': 2253, 'reply_count': 2135}",4.9,2757.0,2253.0,2135.0,37.4838431497076,126.942058592685,서울특별시 관악구 봉천로 373-16,서울,관악구,봉천동
바닷가막회,"{'lat': '37.469683360858205', 'lng': '126.9381709390738'}","['일식/돈까스', '회/초밥', '포장', '야식']","{'average_rating': 4.9, 'count': 465, 'image_count': 465, 'reply_count': 0}",4.9,465.0,465.0,0.0,37.469683360858205,126.9381709390738,서울특별시 관악구 신림로11길 18-20,서울,관악구,신림동
가장맛있는족발-신림점,"{'lat': '37.4873368', 'lng': '126.9281623'}","['고기/구이', '족발/보쌈', '포장', '프랜차이즈', '야식', '한식']","{'average_rating': 4.8, 'count': 45, 'image_count': 39, 'reply_count': 0}",4.8,45.0,39.0,0.0,37.4873368,126.9281623,서울특별시 관악구 신림동길 5,서울,관악구,신림동
스텔라떡볶이-서울봉천점,"{'lat': '37.48721116885466', 'lng': '126.94538336776364'}","['분식', '프랜차이즈', '한식', '야식', '치킨', '포장']","{'average_rating': 4.8, 'count': 212, 'image_count': 183, 'reply_count': 23}",4.8,212.0,183.0,23.0,37.48721116885466,126.94538336776364,서울특별시 관악구 은천로 93,서울,관악구,봉천동
속살까지촉촉갈비찜,"{'lat': '37.4939622', 'lng': '126.90093634'}","['찜/탕', '한식', '포장', '야식', '신규맛집']","{'average_rating': 4.8, 'count': 18, 'image_count': 14, 'reply_count': 0}",4.8,18.0,14.0,0.0,37.4939622,126.90093634,서울특별시 영등포구 대림로 142,서울,영등포구,대림동
아웃백-신림타임스트림점,"{'lat': '37.483843962081494', 'lng': '126.93025280904907'}","['피자/양식', '프랜차이즈', '1인분주문']","{'average_rating': 4.7, 'count': 104, 'image_count': 86, 'reply_count': 101}",4.7,104.0,86.0,101.0,37.48384396208149,126.93025280904908,서울특별시 관악구 신림로 330,서울,관악구,신림동
와이스타브다이어트-신대방역점,"{'lat': '37.4822024', 'lng': '126.91326636'}","['피자/양식', '샐러드', '카페/디저트', '포장']","{'average_rating': 4.8, 'count': 53, 'image_count': 44, 'reply_count': 53}",4.8,53.0,44.0,53.0,37.4822024,126.91326636,서울특별시 관악구 난곡로65길 17,서울,관악구,신림동
홍콩반점0410-신대방삼거리점,"{'lat': '37.4990660726816', 'lng': '126.930000407883'}","['중국집', '프랜차이즈']","{'average_rating': 4.8, 'count': 1380, 'image_count': 986, 'reply_count': 481}",4.8,1380.0,986.0,481.0,37.4990660726816,126.930000407883,서울특별시 동작구 국사봉1길 25,서울,동작구,상도동
싸움의고수-서울대입구역점,"{'lat': '37.4797395', 'lng': '126.95287565'}","['한식', '족발/보쌈', '프랜차이즈', '포장']","{'average_rating': 4.8, 'count': 34, 'image_count': 21, 'reply_count': 0}",4.8,34.0,21.0,0.0,37.4797395,126.95287565,서울특별시 관악구 관악로 164,서울,관악구,봉천동
육미정담-봉천본점,"{'lat': '37.4854969', 'lng': '126.93749028'}","['한식', '고기/구이']","{'average_rating': 5.0, 'count': 47, 'image_count': 43, 'reply_count': 0}",5.0,47.0,43.0,0.0,37.4854969,126.93749028,서울특별시 관악구 봉천로 331-1,서울,관악구,봉천동
공시우육면-관악점,"{'lat': '37.4869971', 'lng': '126.92239141'}","['중국집', '아시안', '포장', '야식', '프랜차이즈']","{'average_rating': 4.8, 'count': 53, 'image_count': 55, 'reply_count': 0}",4.8,53.0,55.0,0.0,37.4869971,126.92239141,서울특별시 관악구 관천로 95,서울,관악구,신림동
쉬즈베이글-신림점,"{'lat': '37.4846941338497', 'lng': '126.927078285584'}","['피자/양식', '분식', '프랜차이즈', '샌드위치']","{'average_rating': 4.7, 'count': 1170, 'image_count': 870, 'reply_count': 39}",4.7,1170.0,870.0,39.0,37.4846941338497,126.927078285584,서울특별시 관악구 신림로65길 43,서울,관악구,신림동
롯데리아-신림녹두점,"{'lat': '37.4704811320458', 'lng': '126.934476797741'}","['버거', '프랜차이즈', '치킨']","{'average_rating': 4.7, 'count': 3043, 'image_count': 1701, 'reply_count': 832}",4.7,3043.0,1701.0,832.0,37.4704811320458,126.934476797741,서울특별시 관악구 신림로23길 16,서울,관악구,신림동
도쿄스테이크-신림포도몰점,"{'lat': '37.4838513411842', 'lng': '126.930234565071'}","['피자/양식', '포장', '일식/돈까스', '프랜차이즈']","{'average_rating': 4.8, 'count': 516, 'image_count': 470, 'reply_count': 354}",4.8,516.0,470.0,354.0,37.4838513411842,126.930234565071,서울특별시 관악구 신림로 330,서울,관악구,신림동
중앙시장돈까스-본점,"{'lat': '37.4879641', 'lng': '126.91140552'}","['일식/돈까스', '포장', '찜/탕', '한식']","{'average_rating': 4.9, 'count': 48, 'image_count': 35, 'reply_count': 42}",4.9,48.0,35.0,42.0,37.4879641,126.91140552,서울특별시 동작구 신대방길 21,서울,동작구,신대방동
24시오리지날한분식,"{'lat': '37.4922159', 'lng': '126.92702618'}","['한식', '분식', '찜/탕']","{'average_rating': 4.7, 'count': 3148, 'image_count': 2327, 'reply_count': 125}",4.7,3148.0,2327.0,125.0,37.4922159,126.92702618,서울특별시 관악구 보라매로 30,서울,관악구,봉천동
태영루-신대방점,"{'lat': '37.486973662261', 'lng': '126.910620685202'}",['중국집'],"{'average_rating': 4.8, 'count': 1620, 'image_count': 1068, 'reply_count': 239}",4.8,1620.0,1068.0,239.0,37.486973662261,126.910620685202,서울특별시 동작구 대림로 23,서울,동작구,신대방동
렌차이나,"{'lat': '37.4878526', 'lng': '126.92987129'}","['중국집', '찜/탕', '아시안', '포장', '신규맛집']","{'average_rating': 4.3, 'count': 4, 'image_count': 8, 'reply_count': 2}",4.3,4.0,8.0,2.0,37.4878526,126.92987129,서울특별시 관악구 신림로70길 17,서울,관악구,신림동
곤지암할매소머리국밥&왕갈비탕 전문점,"{'lat': '37.4774465667209', 'lng': '126.914370036621'}","['포장', '한식', '고기/구이', '찜/탕', '다회용기']","{'average_rating': 4.6, 'count': 1887, 'image_count': 1131, 'reply_count': 763}",4.6,1887.0,1131.0,763.0,37.4774465667209,126.914370036621,서울특별시 관악구 문성로 96,서울,관악구,신림동
스쿨푸드-서울대입구역점,"{'lat': '37.4796785', 'lng': '126.94391627'}","['포장', '한식', '일식/돈까스', '프랜차이즈', '분식']","{'average_rating': 4.8, 'count': 6468, 'image_count': 4827, 'reply_count': 6464}",4.8,6468.0,4827.0,6464.0,37.4796785,126.94391627,서울특별시 관악구 쑥고개로 67,서울,관악구,봉천동
메가MGC커피-난곡우체국점,"{'lat': '37.4778986', 'lng': '126.91547828'}","['카페/디저트', '프랜차이즈']","{'average_rating': 4.9, 'count': 289, 'image_count': 222, 'reply_count': 59}",4.9,289.0,222.0,59.0,37.4778986,126.91547828,서울특별시 관악구 난곡로 268,서울,관악구,신림동
BHC-보라매역점,"{'lat': '37.4967791', 'lng': '126.91634037'}","['프랜차이즈', '치킨', '포장']","{'average_rating': 4.7, 'count': 191, 'image_count': 171, 'reply_count': 5}",4.7,191.0,171.0,5.0,37.4967791,126.91634037,서울특별시 동작구 여의대방로 86-1,서울,동작구,신대방동
찜또배기-찜요리전문점,"{'lat': '37.4828014', 'lng': '126.94350087'}","['찜/탕', '한식', '고기/구이', '포장', '1인분주문']","{'average_rating': 5.0, 'count': 36, 'image_count': 32, 'reply_count': 30}",5.0,36.0,32.0,30.0,37.4828014,126.94350087,서울특별시 관악구 남부순환로 1739-9,서울,관악구,봉천동
홀리앤졸리도넛&커피-신림점,"{'lat': '37.4839318', 'lng': '126.95349816'}","['카페/디저트', '샌드위치', '프랜차이즈', '포장']","{'average_rating': 4.4, 'count': 7, 'image_count': 7, 'reply_count': 7}",4.4,7.0,7.0,7.0,37.4839318,126.95349816,서울특별시 관악구 중앙길 17,서울,관악구,봉천동
공차-타임스트림점,"{'lat': '37.4838513411842', 'lng': '126.930234565071'}","['카페/디저트', '프랜차이즈', '포장']","{'average_rating': 4.5, 'count': 24, 'image_count': 17, 'reply_count': 0}",4.5,24.0,17.0,0.0,37.4838513411842,126.930234565071,서울특별시 관악구 신림로 330,서울,관악구,신림동
김찌당김치찜&찌개-관악점,"{'lat': '37.4893328', 'lng': '126.92398241'}","['찜/탕', '한식', '포장', '프랜차이즈']","{'average_rating': 5.0, 'count': 30, 'image_count': 23, 'reply_count': 14}",5.0,30.0,23.0,14.0,37.4893328,126.92398241,서울특별시 관악구 봉천로4길 9,서울,관악구,신림동
된장마을고깃집,"{'lat': '37.4814092', 'lng': '126.94310598'}","['한식', '고기/구이', '프랜차이즈', '포장']","{'average_rating': 4.9, 'count': 184, 'image_count': 104, 'reply_count': 15}",4.9,184.0,104.0,15.0,37.4814092,126.94310598,서울특별시 관악구 장군봉1길 56,서울,관악구,봉천동
구도로통닭-신림타운점,"{'lat': '37.4851441', 'lng': '126.93105344'}","['분식', '야식', '치킨', '포장', '프랜차이즈']","{'average_rating': 4.9, 'count': 417, 'image_count': 342, 'reply_count': 0}",4.9,417.0,342.0,0.0,37.4851441,126.93105344,서울특별시 관악구 신림로64길 23,서울,관악구,신림동
타이반쩜-관악점,"{'lat': '37.4879659', 'lng': '126.9467491'}","['아시안', '분식', '포장', '프랜차이즈', '1인분주문']","{'average_rating': 4.9, 'count': 99, 'image_count': 89, 'reply_count': 0}",4.9,99.0,89.0,0.0,37.4879659,126.9467491,서울특별시 관악구 양녕로 66,서울,관악구,봉천동
왓더버거-보라매점,"{'lat': '37.4996594', 'lng': '126.92457451'}","['피자/양식', '버거', '포장', '프랜차이즈']","{'average_rating': 4.9, 'count': 168, 'image_count': 152, 'reply_count': 168}",4.9,168.0,152.0,168.0,37.4996594,126.92457451,서울특별시 동작구 상도로 36,서울,동작구,대방동
북경-신림점,"{'lat': '37.4834765', 'lng': '126.90762105'}","['중국집', '포장', '프랜차이즈', '1인분주문']","{'average_rating': 4.5, 'count': 1676, 'image_count': 840, 'reply_count': 85}",4.5,1676.0,840.0,85.0,37.4834765,126.90762105,서울특별시 관악구 조원중앙로 50,서울,관악구,신림동
안동장-관악점,"{'lat': '37.4813346106375', 'lng': '126.948503434377'}","['포장', '중국집', '프랜차이즈']","{'average_rating': 4.8, 'count': 2940, 'image_count': 2018, 'reply_count': 2624}",4.8,2940.0,2018.0,2624.0,37.4813346106375,126.948503434377,서울특별시 관악구 남부순환로 1786,서울,관악구,봉천동
내가갈비찜이다-신림본점,"{'lat': '37.4700988', 'lng': '126.93917541'}","['찜/탕', '한식', '포장']","{'average_rating': 5.0, 'count': 136, 'image_count': 107, 'reply_count': 135}",5.0,136.0,107.0,135.0,37.4700988,126.93917541,서울특별시 관악구 신림로11길 11-5,서울,관악구,신림동
시선육회&연어-신림점,"{'lat': '37.4832746', 'lng': '126.92918606'}","['한식', '일식/돈까스', '찜/탕', '포장', '야식']","{'average_rating': 0.0, 'count': 0, 'image_count': 0, 'reply_count': 0}",0.0,0.0,0.0,0.0,37.4832746,126.92918606,서울특별시 관악구 신림로59길 8-3,서울,관악구,신림동
도리가곱도리탕전문점-신림점,"{'lat': '37.4788711', 'lng': '126.91343665'}","['찜/탕', '한식', '포장']","{'average_rating': 4.9, 'count': 24, 'image_count': 19, 'reply_count': 24}",4.9,24.0,19.0,24.0,37.4788711,126.91343665,서울특별시 관악구 난곡로55길 29,서울,관악구,신림동
옐로우캔-서울대입구역점,"{'lat': '37.4803642', 'lng': '126.94879726'}","['샐러드', '카페/디저트', '샌드위치', '포장', '야식', '프랜차이즈']","{'average_rating': 5.0, 'count': 27, 'image_count': 15, 'reply_count': 0}",5.0,27.0,15.0,0.0,37.4803642,126.94879726,서울특별시 관악구 남부순환로216길 24,서울,관악구,봉천동
바른찜닭-신림점,"{'lat': '37.4788711', 'lng': '126.91343665'}","['찜/탕', '한식', '치킨', '프랜차이즈', '포장']","{'average_rating': 5.0, 'count': 72, 'image_count': 65, 'reply_count': 72}",5.0,72.0,65.0,72.0,37.4788711,126.91343665,서울특별시 관악구 난곡로55길 29,서울,관악구,신림동
버거락-본점,"{'lat': '37.51390095048023', 'lng': '126.9433315528816'}","['버거', '포장', '치킨']","{'average_rating': 4.9, 'count': 1699, 'image_count': 1513, 'reply_count': 769}",4.9,1699.0,1513.0,769.0,37.51390095048023,126.9433315528816,서울 동작구 노량진동 67-3,서울,동작구,노량진동
멕시카나-난곡시티점,"{'lat': '37.4716142', 'lng': '126.91997461'}","['프랜차이즈', '치킨', '포장']","{'average_rating': 4.8, 'count': 3132, 'image_count': 1940, 'reply_count': 252}",4.8,3132.0,1940.0,252.0,37.4716142,126.91997461,서울특별시 관악구 난곡로 184,서울,관악구,신림동
고기집도시락,"{'lat': '37.4849925', 'lng': '126.93604823'}","['고기/구이', '포장', '도시락/죽', '1인분주문']","{'average_rating': 5.0, 'count': 15, 'image_count': 10, 'reply_count': 15}",5.0,15.0,10.0,15.0,37.4849925,126.93604823,서울특별시 관악구 남부순환로 1667-1,서울,관악구,봉천동
샐러즈Salad&Coffee-신림점,"{'lat': '37.4864412', 'lng': '126.93635188'}","['피자/양식', '샐러드', '카페/디저트', '포장']","{'average_rating': 4.9, 'count': 135, 'image_count': 121, 'reply_count': 106}",4.9,135.0,121.0,106.0,37.4864412,126.93635188,서울 관악구 봉천동 955-8,서울,관악구,봉천동
신조짬뽕,"{'lat': '37.4866721', 'lng': '126.9260401'}","['중국집', '찜/탕', '포장']","{'average_rating': 4.7, 'count': 74, 'image_count': 71, 'reply_count': 2}",4.7,74.0,71.0,2.0,37.4866721,126.9260401,서울특별시 관악구 신림동7길 8,서울,관악구,신림동
경성밥상-신림점,"{'lat': '37.4821792', 'lng': '126.9108441'}","['한식', '분식', '프랜차이즈', '포장']","{'average_rating': 5.0, 'count': 748, 'image_count': 745, 'reply_count': 154}",5.0,748.0,745.0,154.0,37.4821792,126.9108441,서울특별시 관악구 남부순환로143길 20,서울,관악구,신림동
1인불향쭈꾸미&낙지-봉천점,"{'lat': '37.4834714267103', 'lng': '126.943250356586'}","['한식', '분식', '프랜차이즈']","{'average_rating': 4.9, 'count': 319, 'image_count': 266, 'reply_count': 293}",4.9,319.0,266.0,293.0,37.4834714267103,126.943250356586,서울특별시 관악구 봉천로 391,서울,관악구,봉천동
도미노피자-보라매점,"{'lat': '37.4875791', 'lng': '126.93274977'}","['피자/양식', '프랜차이즈']","{'average_rating': 4.8, 'count': 278, 'image_count': 246, 'reply_count': 0}",4.8,278.0,246.0,0.0,37.4875791,126.93274977,서울특별시 관악구 봉천로 283-1,서울,관악구,봉천동
청년피자-봉천점,"{'lat': '37.4831738', 'lng': '126.93916424'}","['피자/양식', '프랜차이즈', '포장']","{'average_rating': 5.0, 'count': 126, 'image_count': 110, 'reply_count': 59}",5.0,126.0,110.0,59.0,37.4831738,126.93916424,서울특별시 관악구 남부순환로 1702,서울,관악구,봉천동
손가네한방족발-신림점,"{'lat': '37.4848623', 'lng': '126.92709942'}","['족발/보쌈', '야식', '프랜차이즈']","{'average_rating': 4.7, 'count': 145, 'image_count': 137, 'reply_count': 0}",4.7,145.0,137.0,0.0,37.4848623,126.92709942,서울특별시 관악구 신림로65길 42,서울,관악구,신림동
참토스트-신림역점,"{'lat': '37.4839427', 'lng': '126.9309384'}","['피자/양식', '카페/디저트', '샌드위치', '포장', '프랜차이즈', '신규맛집']","{'average_rating': 0.0, 'count': 0, 'image_count': 0, 'reply_count': 0}",0.0,0.0,0.0,0.0,37.4839427,126.9309384,서울특별시 관악구 남부순환로180길 9,서울,관악구,신림동
처갓집양념치킨-신림점,"{'lat': '37.47533474708', 'lng': '126.937666221048'}","['야식', '프랜차이즈', '치킨', '포장']","{'average_rating': 4.8, 'count': 688, 'image_count': 510, 'reply_count': 0}",4.8,688.0,510.0,0.0,37.47533474708,126.937666221048,서울특별시 관악구 서림길 16,서울,관악구,신림동
투뿔소곱창-봉천직영점,"{'lat': '37.4867575', 'lng': '126.94058449'}","['한식', '고기/구이', '포장', '야식', '신규맛집']","{'average_rating': 0.0, 'count': 0, 'image_count': 0, 'reply_count': 0}",0.0,0.0,0.0,0.0,37.4867575,126.94058449,서울특별시 관악구 국회단지2길 19,서울,관악구,봉천동
돈까스짱-상도점,"{'lat': '37.4998299', 'lng': '126.93238732'}","['일식/돈까스', '프랜차이즈', '1인분주문']","{'average_rating': 4.9, 'count': 42, 'image_count': 27, 'reply_count': 41}",4.9,42.0,27.0,41.0,37.4998299,126.93238732,서울 동작구 상도동 316-2,서울,동작구,상도동
목동버거-신림직영점,"{'lat': '37.4706049', 'lng': '126.93393897'}","['포장', '버거', '프랜차이즈', '신규맛집']","{'average_rating': 0.0, 'count': 0, 'image_count': 0, 'reply_count': 0}",0.0,0.0,0.0,0.0,37.4706049,126.93393897,서울특별시 관악구 호암로26가길 4,서울,관악구,신림동
포케웨이타코웨이-신대방점,"{'lat': '37.4876632', 'lng': '126.91471418'}","['한식', '포장', '야식']","{'average_rating': 4.4, 'count': 7, 'image_count': 8, 'reply_count': 0}",4.4,7.0,8.0,0.0,37.4876632,126.91471418,서울특별시 관악구 신사로 112,서울,관악구,신림동
피자파는집-서울신림점,"{'lat': '37.48673', 'lng': '126.9279402'}","['피자/양식', '프랜차이즈', '야식', '포장']","{'average_rating': 5.0, 'count': 51, 'image_count': 29, 'reply_count': 35}",5.0,51.0,29.0,35.0,37.48673,126.9279402,서울특별시 관악구 신림동3길 13-4,서울,관악구,신림동
찌개에밥이그냥뚝닥찌개전문점-관악본점,"{'lat': '37.4854486', 'lng': '126.92872326'}","['찜/탕', '한식', '포장']","{'average_rating': 0.0, 'count': 0, 'image_count': 0, 'reply_count': 0}",0.0,0.0,0.0,0.0,37.4854486,126.92872326,서울특별시 관악구 신림로65길 10-9,서울,관악구,신림동
동대문엽기떡볶이-신림녹두점,"{'lat': '37.4700657', 'lng': '126.93893808'}","['분식', '프랜차이즈', '포장']","{'average_rating': 4.9, 'count': 332, 'image_count': 294, 'reply_count': 0}",4.9,332.0,294.0,0.0,37.4700657,126.93893808,서울특별시 관악구 신림로11길 9,서울,관악구,신림동
요거트홀릭-신림직영점,"{'lat': '37.4844352', 'lng': '126.92455249'}","['카페/디저트', '포장', '샐러드', '야식', '프랜차이즈']","{'average_rating': 5.0, 'count': 41, 'image_count': 38, 'reply_count': 36}",5.0,41.0,38.0,36.0,37.4844352,126.92455249,서울특별시 관악구 관천로11길 5,서울,관악구,신림동
헤비스테이크-신림역점,"{'lat': '37.4834548', 'lng': '126.92998288'}","['피자/양식', '고기/구이', '도시락/죽', '포장', '프랜차이즈']","{'average_rating': 4.9, 'count': 7, 'image_count': 4, 'reply_count': 0}",4.9,7.0,4.0,0.0,37.4834548,126.92998288,서울특별시 관악구 신림로 328,서울,관악구,신림동
포도나무김밥,"{'lat': '37.4702798', 'lng': '126.93622391'}","['분식', '한식', '포장']","{'average_rating': 4.8, 'count': 4644, 'image_count': 3674, 'reply_count': 2}",4.8,4644.0,3674.0,2.0,37.4702798,126.93622391,서울특별시 관악구 호암로26길 48,서울,관악구,신림동
볶볶-봉천점,"{'lat': '37.4775421', 'lng': '126.94693072'}","['한식', '야식', '포장', '1인분주문']","{'average_rating': 4.9, 'count': 131, 'image_count': 80, 'reply_count': 87}",4.9,131.0,80.0,87.0,37.4775421,126.94693072,서울특별시 관악구 청룡11길 24,서울,관악구,봉천동
밀리주먹밥&꼬마김밥,"{'lat': '37.4824019', 'lng': '126.94042786'}","['한식', '일식/돈까스', '분식', '신규맛집']","{'average_rating': 0.0, 'count': 0, 'image_count': 0, 'reply_count': 0}",0.0,0.0,0.0,0.0,37.4824019,126.94042786,서울특별시 관악구 장군봉길 7,서울,관악구,봉천동
대한카츠-관악동작점,"{'lat': '37.4870243', 'lng': '126.91105433'}","['한식', '일식/돈까스', '포장', '야식', '프랜차이즈', '1인분주문']","{'average_rating': 0.0, 'count': 0, 'image_count': 0, 'reply_count': 0}",0.0,0.0,0.0,0.0,37.4870243,126.91105433,서울특별시 동작구 대림로 19,서울,동작구,신대방동
만다린-본점,"{'lat': '37.4860688645845', 'lng': '126.938884095614'}","['중국집', '포장', '프랜차이즈']","{'average_rating': 4.3, 'count': 262, 'image_count': 108, 'reply_count': 0}",4.3,262.0,108.0,0.0,37.4860688645845,126.938884095614,서울특별시 관악구 은천로 32,서울,관악구,봉천동
샐러데이즈-신대방역점,"{'lat': '37.4870121263783', 'lng': '126.917381558919'}","['샐러드', '샌드위치', '카페/디저트', '포장', '프랜차이즈']","{'average_rating': 5.0, 'count': 453, 'image_count': 429, 'reply_count': 8}",5.0,453.0,429.0,8.0,37.4870121263783,126.917381558919,서울특별시 관악구 관천로19길 84,서울,관악구,신림동
상무초밥-서울대입구역점,"{'lat': '37.4802159', 'lng': '126.95298473'}","['회/초밥', '일식/돈까스', '프랜차이즈']","{'average_rating': 5.0, 'count': 51, 'image_count': 51, 'reply_count': 0}",5.0,51.0,51.0,0.0,37.4802159,126.95298473,서울특별시 관악구 관악로 168,서울,관악구,봉천동
천지두루치기&짜글이-봉천점,"{'lat': '37.4875706', 'lng': '126.94684844'}","['찜/탕', '한식', '고기/구이', '포장', '야식']","{'average_rating': 5.0, 'count': 1, 'image_count': 0, 'reply_count': 0}",5.0,1.0,0.0,0.0,37.4875706,126.94684844,서울특별시 관악구 양녕로 62,서울,관악구,봉천동
청담동마녀김밥-서울대입구역점,"{'lat': '37.4810791534902', 'lng': '126.950689145834'}","['한식', '분식', '프랜차이즈']","{'average_rating': 4.8, 'count': 606, 'image_count': 481, 'reply_count': 0}",4.8,606.0,481.0,0.0,37.4810791534902,126.950689145834,서울특별시 관악구 남부순환로218길 1,서울,관악구,봉천동
본대가미나리감자탕-관악직영점,"{'lat': '37.4814092', 'lng': '126.94310598'}","['찜/탕', '한식', '고기/구이', '포장', '프랜차이즈', '1인분주문']","{'average_rating': 0.0, 'count': 0, 'image_count': 0, 'reply_count': 0}",0.0,0.0,0.0,0.0,37.4814092,126.94310598,서울특별시 관악구 장군봉1길 56,서울,관악구,봉천동
그랩유부,"{'lat': '37.4816515', 'lng': '126.9515802'}","['피자/양식', '한식', '일식/돈까스', '회/초밥', '포장']","{'average_rating': 4.9, 'count': 838, 'image_count': 713, 'reply_count': 5}",4.9,838.0,713.0,5.0,37.4816515,126.9515802,서울특별시 관악구 남부순환로 1811,서울,관악구,봉천동
디저트참잘하는집-신림점,"{'lat': '37.4827826', 'lng': '126.91737565'}","['카페/디저트', '야식', '프랜차이즈']","{'average_rating': 4.8, 'count': 8, 'image_count': 10, 'reply_count': 3}",4.8,8.0,10.0,3.0,37.4827826,126.91737565,서울특별시 관악구 남부순환로151길 9,서울,관악구,신림동
아성원,"{'lat': '37.4736979', 'lng': '126.89944666'}","['중국집', '프랜차이즈']","{'average_rating': 4.9, 'count': 7118, 'image_count': 6494, 'reply_count': 5106}",4.9,7118.0,6494.0,5106.0,37.4736979,126.89944666,서울특별시 금천구 시흥대로140길 22,서울,금천구,독산동
혜화동국물두루치기-봉천점,"{'lat': '37.4881385', 'lng': '126.9465584'}","['찜/탕', '한식', '포장']","{'average_rating': 4.8, 'count': 352, 'image_count': 299, 'reply_count': 7}",4.8,352.0,299.0,7.0,37.4881385,126.9465584,서울특별시 관악구 양녕로 70,서울,관악구,봉천동
행컵-봉천점,"{'lat': '37.4891037', 'lng': '126.93011152'}","['한식', '포장', '프랜차이즈']","{'average_rating': 4.9, 'count': 36, 'image_count': 34, 'reply_count': 36}",4.9,36.0,34.0,36.0,37.4891037,126.93011152,서울특별시 관악구 봉천로13길 7,서울,관악구,봉천동
청담족발-관악점,"{'lat': '37.4861307', 'lng': '126.93675981'}","['고기/구이', '족발/보쌈', '포장', '프랜차이즈', '다회용기']","{'average_rating': 4.9, 'count': 360, 'image_count': 406, 'reply_count': 348}",4.9,360.0,406.0,348.0,37.4861307,126.93675981,서울특별시 관악구 은천로 14,서울,관악구,봉천동
구성이기가막힌밥상구기밥-관악본점,"{'lat': '37.4854486', 'lng': '126.92872326'}","['찜/탕', '한식', '포장', '프랜차이즈']","{'average_rating': 0.0, 'count': 0, 'image_count': 0, 'reply_count': 0}",0.0,0.0,0.0,0.0,37.4854486,126.92872326,서울특별시 관악구 신림로65길 10-9,서울,관악구,신림동
동원각,"{'lat': '37.4800031', 'lng': '126.94590971'}","['중국집', '포장', '프랜차이즈']","{'average_rating': 4.8, 'count': 251, 'image_count': 240, 'reply_count': 142}",4.8,251.0,240.0,142.0,37.4800031,126.94590971,서울특별시 관악구 청룡길 40,서울,관악구,봉천동
포케올데이샐러드&도시락-보라매점,"{'lat': '37.4939847', 'lng': '126.92689939'}","['피자/양식', '샐러드', '카페/디저트', '포장', '프랜차이즈']","{'average_rating': 4.8, 'count': 162, 'image_count': 167, 'reply_count': 93}",4.8,162.0,167.0,93.0,37.4939847,126.92689939,서울특별시 관악구 보라매로 51,서울,관악구,봉천동
프랭크버거-신림녹두거리점,"{'lat': '37.4704811', 'lng': '126.9344768'}","['버거', '포장', '프랜차이즈']","{'average_rating': 4.7, 'count': 67, 'image_count': 56, 'reply_count': 46}",4.7,67.0,56.0,46.0,37.4704811,126.9344768,서울특별시 관악구 신림로23길 16,서울,관악구,신림동
진미소곱창,"{'lat': '37.4834944', 'lng': '126.94210656'}","['한식', '고기/구이', '야식', '포장']","{'average_rating': 4.9, 'count': 247, 'image_count': 243, 'reply_count': 79}",4.9,247.0,243.0,79.0,37.4834944,126.94210656,서울특별시 관악구 봉천로 377-1,서울,관악구,봉천동
어쩌다김치찜-관악본점,"{'lat': '37.4840309', 'lng': '126.95324184'}","['찜/탕', '한식', '포장']","{'average_rating': 4.9, 'count': 201, 'image_count': 173, 'reply_count': 11}",4.9,201.0,173.0,11.0,37.4840309,126.95324184,서울특별시 관악구 중앙길 24,서울,관악구,봉천동
바른닭강정,"{'lat': '37.4843936', 'lng': '126.92651235'}","['한식', '카페/디저트', '야식', '치킨']","{'average_rating': 4.7, 'count': 81, 'image_count': 67, 'reply_count': 0}",4.7,81.0,67.0,0.0,37.4843936,126.92651235,서울특별시 관악구 관천로 54,서울,관악구,신림동
미친김치찌개&부대찌개-관악점,"{'lat': '37.485897', 'lng': '126.93839049'}","['찜/탕', '한식', '포장', '야식']","{'average_rating': 0.0, 'count': 0, 'image_count': 0, 'reply_count': 0}",0.0,0.0,0.0,0.0,37.485897,126.93839049,서울특별시 관악구 은천로 28,서울,관악구,봉천동
BBQ-신대방사랑점,"{'lat': '37.4964182', 'lng': '126.92792128'}","['프랜차이즈', '치킨']","{'average_rating': 4.8, 'count': 127, 'image_count': 97, 'reply_count': 9}",4.8,127.0,97.0,9.0,37.4964182,126.92792128,서울특별시 동작구 보라매로 78,서울,동작구,신대방동
테이킷스시,"{'lat': '37.4985297', 'lng': '126.93374297'}","['일식/돈까스', '회/초밥', '포장']","{'average_rating': 5.0, 'count': 889, 'image_count': 820, 'reply_count': 420}",5.0,889.0,820.0,420.0,37.4985297,126.93374297,서울특별시 동작구 성대로 52,서울,동작구,상도동
텍사스부대찌개연쇄토핑사건-관악본점,"{'lat': '37.4854486', 'lng': '126.92872326'}","['찜/탕', '한식', '포장', '프랜차이즈']","{'average_rating': 5.0, 'count': 1, 'image_count': 1, 'reply_count': 1}",5.0,1.0,1.0,1.0,37.4854486,126.92872326,서울특별시 관악구 신림로65길 10-9,서울,관악구,신림동
바른국밥-신림점,"{'lat': '37.4898932', 'lng': '126.92909895'}","['한식', '프랜차이즈', '포장', '1인분주문', '찜/탕', '분식']","{'average_rating': 5.0, 'count': 86, 'image_count': 81, 'reply_count': 41}",5.0,86.0,81.0,41.0,37.4898932,126.92909895,서울특별시 관악구 당곡길 16,서울,관악구,봉천동
제로밥상설탕없이완벽한한끼-관악점,"{'lat': '37.4814092', 'lng': '126.94310598'}","['한식', '고기/구이', '1인분주문', '포장']","{'average_rating': 4.7, 'count': 10, 'image_count': 7, 'reply_count': 10}",4.7,10.0,7.0,10.0,37.4814092,126.94310598,서울특별시 관악구 장군봉1길 56,서울,관악구,봉천동
고기백반,"{'lat': '37.4849925', 'lng': '126.93604823'}","['한식', '고기/구이', '포장', '1인분주문']","{'average_rating': 5.0, 'count': 40, 'image_count': 37, 'reply_count': 40}",5.0,40.0,37.0,40.0,37.4849925,126.93604823,서울특별시 관악구 남부순환로 1667-1,서울,관악구,봉천동
가장맛있는족발-관악난곡점,"{'lat': '37.4748984937384', 'lng': '126.918219626496'}","['족발/보쌈', '프랜차이즈', '한식', '포장']","{'average_rating': 5.0, 'count': 503, 'image_count': 538, 'reply_count': 0}",5.0,503.0,538.0,0.0,37.4748984937384,126.918219626496,서울특별시 관악구 난우길 21,서울,관악구,신림동
한우육회-신림점,"{'lat': '37.4862133', 'lng': '126.92876896'}","['고기/구이', '회/초밥', '포장']","{'average_rating': 0.0, 'count': 0, 'image_count': 0, 'reply_count': 0}",0.0,0.0,0.0,0.0,37.4862133,126.92876896,서울특별시 관악구 신림로67길 8,서울,관악구,신림동
봉천역맛집엄마의삼계탕,"{'lat': '37.4821803', 'lng': '126.94061043'}","['찜/탕', '한식', '고기/구이', '포장']","{'average_rating': 5.0, 'count': 27, 'image_count': 26, 'reply_count': 25}",5.0,27.0,26.0,25.0,37.4821803,126.94061043,서울특별시 관악구 장군봉1길 7,서울,관악구,봉천동
꾸꾸닭매운숯불바베큐&치킨-봉천신림점,"{'lat': '37.4857221', 'lng': '126.93696214'}","['분식', '야식', '치킨', '포장']","{'average_rating': 5.0, 'count': 1, 'image_count': 0, 'reply_count': 0}",5.0,1.0,0.0,0.0,37.4857221,126.93696214,서울특별시 관악구 봉천로 327,서울,관악구,봉천동
서울분식단,"{'lat': '37.4814092', 'lng': '126.94310598'}","['한식', '분식', '일식/돈까스', '포장']","{'average_rating': 5.0, 'count': 11, 'image_count': 10, 'reply_count': 0}",5.0,11.0,10.0,0.0,37.4814092,126.94310598,서울특별시 관악구 장군봉1길 56,서울,관악구,봉천동
한가네한식도시락,"{'lat': '37.4682228', 'lng': '126.93640031'}","['한식', '고기/구이', '야식', '도시락/죽', '포장']","{'average_rating': 5.0, 'count': 2, 'image_count': 2, 'reply_count': 0}",5.0,2.0,2.0,0.0,37.4682228,126.93640031,서울특별시 관악구 신림로17길 57,서울,관악구,신림동
혼밥집,"{'lat': '37.485750753401', 'lng': '126.931750895241'}","['포장', '한식', '야식']","{'average_rating': 0.0, 'count': 0, 'image_count': 0, 'reply_count': 0}",0.0,0.0,0.0,0.0,37.485750753401,126.931750895241,서울특별시 관악구 신림로66길 37,서울,관악구,신림동
찐초밥-관악점,"{'lat': '37.4767616', 'lng': '126.95853241'}","['일식/돈까스', '야식', '회/초밥', '포장']","{'average_rating': 4.9, 'count': 4195, 'image_count': 3955, 'reply_count': 4188}",4.9,4195.0,3955.0,4188.0,37.4767616,126.95853241,서울특별시 관악구 낙성대로 22-5,서울,관악구,봉천동
홍콩반점0410-관악난곡점,"{'lat': '37.4747848', 'lng': '126.91863235'}","['중국집', '프랜차이즈']","{'average_rating': 4.8, 'count': 5, 'image_count': 3, 'reply_count': 0}",4.8,5.0,3.0,0.0,37.4747848,126.91863235,서울특별시 관악구 난우길 20,서울,관악구,신림동
명인만두-서울대점,"{'lat': '37.4717562349352', 'lng': '126.934528895019'}","['포장', '분식', '프랜차이즈']","{'average_rating': 4.8, 'count': 499, 'image_count': 426, 'reply_count': 346}",4.8,499.0,426.0,346.0,37.4717562349352,126.934528895019,서울특별시 관악구 신림로 138,서울,관악구,신림동
찜순이와곱도령,"{'lat': '37.48884731844681', 'lng': '126.92678001029716'}","['찜/탕', '한식', '포장', '야식']","{'average_rating': 0.0, 'count': 0, 'image_count': 0, 'reply_count': 0}",0.0,0.0,0.0,0.0,37.48884731844681,126.92678001029716,서울특별시 관악구 봉천로8길 14,서울,관악구,신림동
제육대가-동작점,"{'lat': '37.5019109', 'lng': '126.94083401'}","['찜/탕', '한식', '고기/구이', '야식', '포장', '프랜차이즈']","{'average_rating': 5.0, 'count': 292, 'image_count': 188, 'reply_count': 219}",5.0,292.0,188.0,219.0,37.5019109,126.94083401,서울특별시 동작구 장승배기로 44-1,서울,동작구,상도동
영화루-관악점,"{'lat': '37.4843044232629', 'lng': '126.920588048881'}",['중국집'],"{'average_rating': 4.3, 'count': 514, 'image_count': 287, 'reply_count': 0}",4.3,514.0,287.0,0.0,37.4843044232629,126.920588048881,서울특별시 관악구 남부순환로161길 30,서울,관악구,신림동
갓츠파스타&포크커틀렛,"{'lat': '37.4853618', 'lng': '126.93363341'}","['피자/양식', '일식/돈까스', '포장']","{'average_rating': 5.0, 'count': 11, 'image_count': 8, 'reply_count': 2}",5.0,11.0,8.0,2.0,37.4853618,126.93363341,서울특별시 관악구 신림로64길 70,서울,관악구,신림동
근본돈카츠-본점,"{'lat': '37.4879641', 'lng': '126.91140552'}","['일식/돈까스', '포장', '찜/탕', '한식']","{'average_rating': 4.8, 'count': 5, 'image_count': 4, 'reply_count': 1}",4.8,5.0,4.0,1.0,37.4879641,126.91140552,서울특별시 동작구 신대방길 21,서울,동작구,신대방동
디저트공방,"{'lat': '37.4767829', 'lng': '126.93632618'}","['카페/디저트', '샌드위치', '포장', '샐러드', '야식']","{'average_rating': 4.8, 'count': 66, 'image_count': 54, 'reply_count': 62}",4.8,66.0,54.0,62.0,37.4767829,126.93632618,서울특별시 관악구 신림로 221-4,서울,관악구,신림동
아끼면망한다.김치찜&김치찌개-본점,"{'lat': '37.4879641', 'lng': '126.91140552'}","['찜/탕', '한식', '포장', '일식/돈까스']","{'average_rating': 5.0, 'count': 38, 'image_count': 25, 'reply_count': 25}",5.0,38.0,25.0,25.0,37.4879641,126.91140552,서울특별시 동작구 신대방길 21,서울,동작구,신대방동
죽에진심,"{'lat': '37.4791602', 'lng': '126.92958616'}","['한식', '야식', '도시락/죽', '1인분주문']","{'average_rating': 4.8, 'count': 271, 'image_count': 236, 'reply_count': 236}",4.8,271.0,236.0,236.0,37.4791602,126.92958616,서울특별시 관악구 문성로 233,서울,관악구,신림동
대림동숙이네,"{'lat': '37.4923835', 'lng': '126.90207169'}","['중국집', '아시안', '다회용기']","{'average_rating': 4.7, 'count': 44, 'image_count': 19, 'reply_count': 1}",4.7,44.0,19.0,1.0,37.4923835,126.90207169,서울 영등포구 대림동 858-22,서울,영등포구,대림동
용호제육-신림본점,"{'lat': '37.4791397', 'lng': '126.94093445'}","['한식', '고기/구이', '포장']","{'average_rating': 5.0, 'count': 16, 'image_count': 18, 'reply_count': 16}",5.0,16.0,18.0,16.0,37.4791397,126.94093445,서울특별시 관악구 쑥고개로 39,서울,관악구,봉천동
꾸어가게생선구이-봉천점,"{'lat': '37.4831414958054', 'lng': '126.945611194744'}","['한식', '고기/구이']","{'average_rating': 4.7, 'count': 304, 'image_count': 174, 'reply_count': 257}",4.7,304.0,174.0,257.0,37.4831414958054,126.945611194744,서울특별시 관악구 봉천로 411,서울,관악구,봉천동
찌개장인남호웅-관악본점,"{'lat': '37.4854486', 'lng': '126.92872326'}","['찜/탕', '한식', '포장', '프랜차이즈']","{'average_rating': 5.0, 'count': 2, 'image_count': 2, 'reply_count': 0}",5.0,2.0,2.0,0.0,37.4854486,126.92872326,서울특별시 관악구 신림로65길 10-9,서울,관악구,신림동
후추스시,"{'lat': '37.4781674', 'lng': '126.95726161'}","['일식/돈까스', '회/초밥', '포장']","{'average_rating': 5.0, 'count': 46, 'image_count': 49, 'reply_count': 43}",5.0,46.0,49.0,43.0,37.4781674,126.95726161,서울특별시 관악구 관악로14길 87,서울,관악구,봉천동
오빠네닭발,"{'lat': '37.4843936', 'lng': '126.92651235'}","['한식', '고기/구이', '야식', '포장', '1인분주문']","{'average_rating': 4.8, 'count': 10, 'image_count': 8, 'reply_count': 0}",4.8,10.0,8.0,0.0,37.4843936,126.92651235,서울특별시 관악구 관천로 54,서울,관악구,신림동
우리스시 신림본점,"{'lat': '37.4859944', 'lng': '126.92117477'}","['일식/돈까스', '회/초밥', '야식', '포장']","{'average_rating': 4.9, 'count': 184, 'image_count': 183, 'reply_count': 116}",4.9,184.0,183.0,116.0,37.4859944,126.92117477,서울특별시 관악구 조원로 170,서울,관악구,신림동
충청도치킨,"{'lat': '37.4708517', 'lng': '126.93219542'}","['치킨', '포장', '야식']","{'average_rating': 0.0, 'count': 0, 'image_count': 0, 'reply_count': 0}",0.0,0.0,0.0,0.0,37.4708517,126.93219542,서울특별시 관악구 원신2길 34,서울,관악구,신림동
카츠백-관악점,"{'lat': '37.4840309', 'lng': '126.95324184'}","['일식/돈까스', '도시락/죽', '포장', '프랜차이즈']","{'average_rating': 4.8, 'count': 19, 'image_count': 17, 'reply_count': 19}",4.8,19.0,17.0,19.0,37.4840309,126.95324184,서울특별시 관악구 중앙길 24,서울,관악구,봉천동
슬로우캘리-서울대점,"{'lat': '37.4697626', 'lng': '126.93779409'}","['샐러드', '아시안', '카페/디저트', '포장', '프랜차이즈']","{'average_rating': 4.9, 'count': 36, 'image_count': 32, 'reply_count': 12}",4.9,36.0,32.0,12.0,37.4697626,126.93779409,서울특별시 관악구 대학길 22,서울,관악구,신림동
건강한끼-서울대입구역점,"{'lat': '37.4859121', 'lng': '126.95687489'}","['피자/양식', '중국집', '한식', '포장', '야식']","{'average_rating': 4.6, 'count': 29, 'image_count': 24, 'reply_count': 13}",4.6,29.0,24.0,13.0,37.4859121,126.95687489,서울특별시 관악구 관악로 244,서울,관악구,봉천동
명인카츠-봉천본점,"{'lat': '37.4826592', 'lng': '126.939424'}","['분식', '일식/돈까스', '포장']","{'average_rating': 5.0, 'count': 562, 'image_count': 491, 'reply_count': 559}",5.0,562.0,491.0,559.0,37.4826592,126.939424,서울특별시 관악구 장군봉2길 16,서울,관악구,봉천동
경북상회,"{'lat': '37.5148237', 'lng': '126.93797594'}","['일식/돈까스', '회/초밥', '포장']","{'average_rating': 4.9, 'count': 401, 'image_count': 432, 'reply_count': 2}",4.9,401.0,432.0,2.0,37.5148237,126.93797594,서울특별시 동작구 노들로 674,서울,동작구,노량진동
먹보족-신림점,"{'lat': '37.4826161', 'lng': '126.91047824'}","['한식', '족발/보쌈', '포장', '야식', '프랜차이즈']","{'average_rating': 4.9, 'count': 131, 'image_count': 112, 'reply_count': 131}",4.9,131.0,112.0,131.0,37.4826161,126.91047824,서울특별시 관악구 남부순환로143길 29,서울,관악구,신림동
두그릇따로두따국밥-본점,"{'lat': '37.4834868', 'lng': '126.93792814'}","['한식', '포장', '1인분주문']","{'average_rating': 4.8, 'count': 43, 'image_count': 24, 'reply_count': 0}",4.8,43.0,24.0,0.0,37.4834868,126.93792814,서울특별시 관악구 남부순환로200길 9,서울,관악구,봉천동
스윗보울치킨,"{'lat': '37.4803245', 'lng': '126.92836671'}","['분식', '일식/돈까스', '야식', '치킨', '포장', '1인분주문']","{'average_rating': 5.0, 'count': 84, 'image_count': 92, 'reply_count': 1}",5.0,84.0,92.0,1.0,37.4803245,126.92836671,서울특별시 관악구 문성로31길 23,서울,관악구,신림동
냉찜장인냉면&김치찜-신림점,"{'lat': '37.48884731844681', 'lng': '126.92678001029716'}","['찜/탕', '한식', '포장', '야식', '1인분주문']","{'average_rating': 0.0, 'count': 0, 'image_count': 0, 'reply_count': 0}",0.0,0.0,0.0,0.0,37.48884731844681,126.92678001029716,서울특별시 관악구 봉천로8길 14,서울,관악구,신림동
파파존스피자-신림점,"{'lat': '37.4804637', 'lng': '126.90887697'}","['피자/양식', '프랜차이즈']","{'average_rating': 4.7, 'count': 662, 'image_count': 329, 'reply_count': 0}",4.7,662.0,329.0,0.0,37.4804637,126.90887697,서울특별시 금천구 남부순환로 1424,서울,금천구,독산동
멘부리-영등포점,"{'lat': '37.5063625', 'lng': '126.90732395'}","['한식', '일식/돈까스', '도시락/죽', '포장', '프랜차이즈']","{'average_rating': 4.8, 'count': 239, 'image_count': 202, 'reply_count': 54}",4.8,239.0,202.0,54.0,37.5063625,126.90732395,서울특별시 영등포구 가마산로67길 6,서울,영등포구,신길동
삼호핫오리-5호점,"{'lat': '37.500887635283', 'lng': '126.937430202058'}","['중국집', '야식', '아시안']","{'average_rating': 4.9, 'count': 119, 'image_count': 80, 'reply_count': 25}",4.9,119.0,80.0,25.0,37.500887635283,126.937430202058,서울특별시 동작구 성대로21길 66-9,서울,동작구,상도동
시드니스테이크,"{'lat': '37.4780389755775', 'lng': '126.955503016752'}","['피자/양식', '포장', '치킨', '고기/구이']","{'average_rating': 4.9, 'count': 148, 'image_count': 115, 'reply_count': 9}",4.9,148.0,115.0,9.0,37.4780389755775,126.955503016752,서울특별시 관악구 남부순환로230길 45,서울,관악구,봉천동
호식이두마리치킨-노량진점,"{'lat': '37.5119469', 'lng': '126.93888513'}","['포장', '야식', '프랜차이즈', '치킨']","{'average_rating': 4.7, 'count': 2118, 'image_count': 1506, 'reply_count': 47}",4.7,2118.0,1506.0,47.0,37.5119469,126.93888513,서울특별시 동작구 노량진로8길 70,서울,동작구,노량진동
"버닝찜닭, 매운찜닭에 도전하다-관악본점","{'lat': '37.4854486', 'lng': '126.92872326'}","['찜/탕', '한식', '고기/구이', '포장']","{'average_rating': 5.0, 'count': 5, 'image_count': 3, 'reply_count': 5}",5.0,5.0,3.0,5.0,37.4854486,126.92872326,서울특별시 관악구 신림로65길 10-9,서울,관악구,신림동
서산할매묵은지김치찜-관악본점,"{'lat': '37.4854486', 'lng': '126.92872326'}","['찜/탕', '한식', '포장', '프랜차이즈']","{'average_rating': 5.0, 'count': 1, 'image_count': 1, 'reply_count': 1}",5.0,1.0,1.0,1.0,37.4854486,126.92872326,서울특별시 관악구 신림로65길 10-9,서울,관악구,신림동
카레랑,"{'lat': '37.4843936', 'lng': '126.92651235'}","['한식', '일식/돈까스', '야식']","{'average_rating': 4.2, 'count': 17, 'image_count': 8, 'reply_count': 0}",4.2,17.0,8.0,0.0,37.4843936,126.92651235,서울특별시 관악구 관천로 54,서울,관악구,신림동
왔따얼큰육개장-신림점,"{'lat': '37.4835792', 'lng': '126.91264579'}","['찜/탕', '한식', '포장', '야식', '1인분주문']","{'average_rating': 5.0, 'count': 6, 'image_count': 5, 'reply_count': 6}",5.0,6.0,5.0,6.0,37.4835792,126.91264579,서울특별시 관악구 조원로18길 15,서울,관악구,신림동
도령김치찜&김치찌개-신림점,"{'lat': '37.4826161', 'lng': '126.91047824'}","['찜/탕', '한식', '고기/구이', '포장', '야식']","{'average_rating': 5.0, 'count': 35, 'image_count': 28, 'reply_count': 35}",5.0,35.0,28.0,35.0,37.4826161,126.91047824,서울특별시 관악구 남부순환로143길 29,서울,관악구,신림동
소소한상,"{'lat': '37.48884731844681', 'lng': '126.92678001029716'}","['찜/탕', '한식', '고기/구이', '포장', '야식', '1인분주문']","{'average_rating': 0.0, 'count': 0, 'image_count': 0, 'reply_count': 0}",0.0,0.0,0.0,0.0,37.48884731844681,126.92678001029716,서울특별시 관악구 봉천로8길 14,서울,관악구,신림동
닭발분식,"{'lat': '37.477218349598765', 'lng': '126.91258820692421'}","['한식', '분식', '포장']","{'average_rating': 4.9, 'count': 348, 'image_count': 336, 'reply_count': 101}",4.9,348.0,336.0,101.0,37.477218349598765,126.9125882069242,서울특별시 관악구 문성로 82,서울,관악구,신림동
짜글이선생-봉천점,"{'lat': '37.4775421', 'lng': '126.94693072'}","['한식', '야식', '포장', '1인분주문']","{'average_rating': 5.0, 'count': 33, 'image_count': 25, 'reply_count': 28}",5.0,33.0,25.0,28.0,37.4775421,126.94693072,서울특별시 관악구 청룡11길 24,서울,관악구,봉천동
신전떡볶이-신림점,"{'lat': '37.490502672624', 'lng': '126.929158570483'}","['분식', '프랜차이즈', '포장', '아시안']","{'average_rating': 4.8, 'count': 495, 'image_count': 354, 'reply_count': 157}",4.8,495.0,354.0,157.0,37.490502672624,126.929158570483,서울특별시 관악구 당곡길 28,서울,관악구,봉천동
꾸이꾸이숯불두마리치킨-신길점,"{'lat': '37.5087342', 'lng': '126.91538914'}","['고기/구이', '치킨', '포장', '도시락/죽']","{'average_rating': 5.0, 'count': 2395, 'image_count': 2140, 'reply_count': 2325}",5.0,2395.0,2140.0,2325.0,37.5087342,126.91538914,서울특별시 영등포구 신길로42가길 34,서울,영등포구,신길동
본죽앤비빔밥-관악우체국점,"{'lat': '37.4849124635763', 'lng': '126.932612779202'}","['한식', '프랜차이즈', '도시락/죽', '1인분주문']","{'average_rating': 4.9, 'count': 293, 'image_count': 178, 'reply_count': 3}",4.9,293.0,178.0,3.0,37.4849124635763,126.932612779202,서울특별시 관악구 남부순환로 1637,서울,관악구,신림동
동대문엽기떡볶이-관악난곡점,"{'lat': '37.4727968129884', 'lng': '126.918772108443'}","['분식', '프랜차이즈', '포장']","{'average_rating': 4.5, 'count': 2288, 'image_count': 901, 'reply_count': 1544}",4.5,2288.0,901.0,1544.0,37.4727968129884,126.918772108443,서울특별시 관악구 난곡로 201,서울,관악구,신림동
덮덮밥-독산점,"{'lat': '37.4796502', 'lng': '126.90702994'}","['한식', '프랜차이즈', '도시락/죽', '포장', '1인분주문']","{'average_rating': 4.9, 'count': 367, 'image_count': 304, 'reply_count': 100}",4.9,367.0,304.0,100.0,37.4796502,126.90702994,서울특별시 금천구 남부순환로128길 14,서울,금천구,독산동
콕투스,"{'lat': '37.479761', 'lng': '126.94268077'}","['카페/디저트', '피자/양식', '포장']","{'average_rating': 5.0, 'count': 39, 'image_count': 29, 'reply_count': 0}",5.0,39.0,29.0,0.0,37.479761,126.94268077,서울특별시 관악구 쑥고개로 55,서울,관악구,봉천동
네네치킨-신림남부점,"{'lat': '37.4820565', 'lng': '126.91087771'}","['프랜차이즈', '치킨', '포장']","{'average_rating': 4.9, 'count': 522, 'image_count': 469, 'reply_count': 172}",4.9,522.0,469.0,172.0,37.4820565,126.91087771,서울특별시 관악구 남부순환로143길 16,서울,관악구,신림동
포슈아쌀국수배달전문-관악점,"{'lat': '37.4841435', 'lng': '126.93354928'}","['피자/양식', '한식', '분식', '아시안', '포장']","{'average_rating': 4.8, 'count': 264, 'image_count': 178, 'reply_count': 4}",4.8,264.0,178.0,4.0,37.4841435,126.93354928,서울특별시 관악구 남부순환로188길 9,서울,관악구,신림동
육회바른연어-동작행정타운점,"{'lat': '37.5042528', 'lng': '126.94029047'}","['한식', '야식', '일식/돈까스', '회/초밥', '포장', '프랜차이즈']","{'average_rating': 4.7, 'count': 44, 'image_count': 43, 'reply_count': 31}",4.7,44.0,43.0,31.0,37.5042528,126.94029047,서울특별시 동작구 장승배기로 70,서울,동작구,상도동
백채김치찌개-신림대학동점,"{'lat': '37.469608458725', 'lng': '126.934325912768'}","['한식', '프랜차이즈', '포장']","{'average_rating': 5.0, 'count': 576, 'image_count': 414, 'reply_count': 5}",5.0,576.0,414.0,5.0,37.469608458725,126.934325912768,서울특별시 관악구 호암로24길 22,서울,관악구,신림동
환희햄버거&디저트단체전문점,"{'lat': '37.5122887', 'lng': '126.95458741'}","['피자/양식', '버거', '카페/디저트', '포장']","{'average_rating': 5.0, 'count': 1, 'image_count': 0, 'reply_count': 0}",5.0,1.0,0.0,0.0,37.5122887,126.95458741,서울특별시 동작구 노량진로 252,서울,동작구,본동
손가네,"{'lat': '37.4848792', 'lng': '126.9270464'}","['한식', '고기/구이', '족발/보쌈', '야식']","{'average_rating': 0.0, 'count': 0, 'image_count': 0, 'reply_count': 0}",0.0,0.0,0.0,0.0,37.4848792,126.9270464,서울특별시 관악구 신림로65길 42,서울,관악구,신림동
몽글몽글강릉초당짬뽕순두부,"{'lat': '37.4851191', 'lng': '126.9186225'}","['중국집', '한식', '찜/탕', '포장']","{'average_rating': 5.0, 'count': 25, 'image_count': 18, 'reply_count': 24}",5.0,25.0,18.0,24.0,37.4851191,126.9186225,서울특별시 관악구 남부순환로161가길 3,서울,관악구,신림동
"찜닭붐,찜닭에토핑이터진다-관악본점","{'lat': '37.4854486', 'lng': '126.92872326'}","['찜/탕', '한식', '고기/구이', '포장']","{'average_rating': 3.0, 'count': 1, 'image_count': 0, 'reply_count': 1}",3.0,1.0,0.0,1.0,37.4854486,126.92872326,서울특별시 관악구 신림로65길 10-9,서울,관악구,신림동
미스터도시락-낙성대점,"{'lat': '37.4741121278347', 'lng': '126.966946460682'}","['한식', '프랜차이즈', '도시락/죽']","{'average_rating': 4.8, 'count': 36, 'image_count': 32, 'reply_count': 0}",4.8,36.0,32.0,0.0,37.4741121278347,126.966946460682,서울특별시 관악구 인헌길 31,서울,관악구,봉천동
셰프의돈까스-관악점,"{'lat': '37.4845469076013', 'lng': '126.937506341835'}","['포장', '일식/돈까스', '프랜차이즈']","{'average_rating': 4.9, 'count': 1850, 'image_count': 1623, 'reply_count': 25}",4.9,1850.0,1623.0,25.0,37.4845469076013,126.937506341835,서울특별시 관악구 남부순환로 1679,서울,관악구,봉천동
흥부보쌈,"{'lat': '37.4827015', 'lng': '126.92941209'}","['족발/보쌈', '한식', '포장', '1인분주문']","{'average_rating': 4.5, 'count': 16, 'image_count': 10, 'reply_count': 0}",4.5,16.0,10.0,0.0,37.4827015,126.92941209,서울특별시 관악구 신림로59길 15-13,서울,관악구,신림동
"반찜,찜닭에도반반이있다.-관악본점","{'lat': '37.4854486', 'lng': '126.92872326'}","['찜/탕', '한식', '포장', '고기/구이']","{'average_rating': 4.7, 'count': 30, 'image_count': 34, 'reply_count': 30}",4.7,30.0,34.0,30.0,37.4854486,126.92872326,서울특별시 관악구 신림로65길 10-9,서울,관악구,신림동
파리바게뜨-봉천역점,"{'lat': '37.4825978350158', 'lng': '126.942762127252'}","['카페/디저트', '프랜차이즈', '샌드위치']","{'average_rating': 4.9, 'count': 136, 'image_count': 149, 'reply_count': 42}",4.9,136.0,149.0,42.0,37.4825978350158,126.942762127252,서울특별시 관악구 남부순환로 1733,서울,관악구,봉천동
금사부김치찜-관악직영점,"{'lat': '37.4789584', 'lng': '126.93241932'}","['찜/탕', '한식', '포장', '야식', '1인분주문']","{'average_rating': 5.0, 'count': 7, 'image_count': 5, 'reply_count': 0}",5.0,7.0,5.0,0.0,37.4789584,126.93241932,서울특별시 관악구 신림로48길 6,서울,관악구,신림동
홍콩반점0410-봉천현대시장점,"{'lat': '37.4858191', 'lng': '126.94705249'}","['중국집', '프랜차이즈']","{'average_rating': 4.9, 'count': 259, 'image_count': 221, 'reply_count': 45}",4.9,259.0,221.0,45.0,37.4858191,126.94705249,서울특별시 관악구 양녕로 42,서울,관악구,봉천동
본죽앤비빔밥-보라매점,"{'lat': '37.4914310519398', 'lng': '126.923416952963'}","['한식', '프랜차이즈', '도시락/죽', '1인분주문']","{'average_rating': 4.6, 'count': 65, 'image_count': 31, 'reply_count': 5}",4.6,65.0,31.0,5.0,37.4914310519398,126.923416952963,서울특별시 동작구 보라매로5길 43,서울,동작구,신대방동
쭉365죽&떡볶이-신림점,"{'lat': '37.4857981', 'lng': '126.91962893'}","['한식', '카페/디저트', '도시락/죽', '포장', '야식']","{'average_rating': 4.6, 'count': 22, 'image_count': 18, 'reply_count': 0}",4.6,22.0,18.0,0.0,37.4857981,126.91962893,서울특별시 관악구 조원로 158,서울,관악구,신림동
그로반,"{'lat': '37.480435', 'lng': '126.94757814'}","['카페/디저트', '샌드위치', '포장']","{'average_rating': 0.0, 'count': 0, 'image_count': 0, 'reply_count': 0}",0.0,0.0,0.0,0.0,37.480435,126.94757814,서울특별시 관악구 남부순환로214길 25,서울,관악구,봉천동
720시간의진심김치찜&김치찌개-본점,"{'lat': '37.4879641', 'lng': '126.91140552'}","['찜/탕', '한식', '포장']","{'average_rating': 4.8, 'count': 4, 'image_count': 2, 'reply_count': 0}",4.8,4.0,2.0,0.0,37.4879641,126.91140552,서울특별시 동작구 신대방길 21,서울,동작구,신대방동
그집앞냉면-본점,"{'lat': '37.4856533', 'lng': '126.95747498'}","['분식', '포장', '신규맛집']","{'average_rating': 0.0, 'count': 0, 'image_count': 0, 'reply_count': 0}",0.0,0.0,0.0,0.0,37.4856533,126.95747498,서울특별시 관악구 관악로24길 68,서울,관악구,봉천동
셰프의돈까스-상도점,"{'lat': '37.5008162', 'lng': '126.93759356'}","['포장', '한식', '일식/돈까스', '프랜차이즈', '분식']","{'average_rating': 4.8, 'count': 310, 'image_count': 228, 'reply_count': 62}",4.8,310.0,228.0,62.0,37.5008162,126.93759356,서울특별시 동작구 성대로29길 61,서울,동작구,상도동
숯불두마리마장삼겹살,"{'lat': '37.4849925', 'lng': '126.93604823'}","['고기/구이', '포장']","{'average_rating': 4.9, 'count': 17, 'image_count': 15, 'reply_count': 17}",4.9,17.0,15.0,17.0,37.4849925,126.93604823,서울특별시 관악구 남부순환로 1667-1,서울,관악구,봉천동
창영이숙주두루치기-신림점,"{'lat': '37.4816402', 'lng': '126.92977793'}","['한식', '포장', '야식']","{'average_rating': 5.0, 'count': 1, 'image_count': 1, 'reply_count': 0}",5.0,1.0,1.0,0.0,37.4816402,126.92977793,서울특별시 관악구 신림로 305,서울,관악구,신림동
기막힌김치찜-관악본점,"{'lat': '37.4854486', 'lng': '126.92872326'}","['찜/탕', '한식', '포장']","{'average_rating': 5.0, 'count': 1, 'image_count': 1, 'reply_count': 1}",5.0,1.0,1.0,1.0,37.4854486,126.92872326,서울특별시 관악구 신림로65길 10-9,서울,관악구,신림동
쌈밥다이어트-구로디지털단지점,"{'lat': '37.4890865', 'lng': '126.90574758'}","['찜/탕', '한식', '고기/구이', '야식', '포장', '프랜차이즈']","{'average_rating': 5.0, 'count': 48, 'image_count': 39, 'reply_count': 42}",5.0,48.0,39.0,42.0,37.4890865,126.90574758,서울특별시 영등포구 대림로 73,서울,영등포구,대림동
카페헤이,"{'lat': '37.4774349', 'lng': '126.9340877'}","['포장', '카페/디저트', '야식', '샌드위치', '샐러드']","{'average_rating': 4.9, 'count': 96, 'image_count': 73, 'reply_count': 5}",4.9,96.0,73.0,5.0,37.4774349,126.9340877,서울특별시 관악구 신림로 243-1,서울,관악구,신림동
청년김치찜-신림본점,"{'lat': '37.4747892', 'lng': '126.93460606'}","['찜/탕', '한식', '고기/구이']","{'average_rating': 0.0, 'count': 0, 'image_count': 0, 'reply_count': 0}",0.0,0.0,0.0,0.0,37.4747892,126.93460606,서울특별시 관악구 신림로29길 3-6,서울,관악구,신림동
원조냉면&칼국수-상도점,"{'lat': '37.4995516', 'lng': '126.94351757'}","['한식', '분식', '일식/돈까스', '포장']","{'average_rating': 4.8, 'count': 25, 'image_count': 26, 'reply_count': 19}",4.8,25.0,26.0,19.0,37.4995516,126.94351757,서울특별시 동작구 장승배기로 8-1,서울,동작구,상도동
버거당-신림점,"{'lat': '37.4843936', 'lng': '126.92651235'}","['피자/양식', '버거', '야식', '1인분주문']","{'average_rating': 4.6, 'count': 39, 'image_count': 34, 'reply_count': 0}",4.6,39.0,34.0,0.0,37.4843936,126.92651235,서울특별시 관악구 관천로 54,서울,관악구,신림동
달콤듬뿍눈꽃빙수스노우빙수,"{'lat': '37.4758977', 'lng': '126.90335159'}","['카페/디저트', '야식']","{'average_rating': 4.7, 'count': 78, 'image_count': 55, 'reply_count': 0}",4.7,78.0,55.0,0.0,37.4758977,126.90335159,서울특별시 금천구 독산로 325,서울,금천구,독산동
냉면장인임사부&숯불구이-신림점,"{'lat': '37.48884731844681', 'lng': '126.92678001029716'}","['한식', '프랜차이즈', '야식', '포장', '분식', '1인분주문']","{'average_rating': 5.0, 'count': 2, 'image_count': 1, 'reply_count': 0}",5.0,2.0,1.0,0.0,37.48884731844681,126.92678001029716,서울특별시 관악구 봉천로8길 14,서울,관악구,신림동
광안천지식당&국밥-봉천점,"{'lat': '37.4875706', 'lng': '126.94684844'}","['찜/탕', '한식', '포장', '야식', '프랜차이즈']","{'average_rating': 4.0, 'count': 2, 'image_count': 2, 'reply_count': 0}",4.0,2.0,2.0,0.0,37.4875706,126.94684844,서울특별시 관악구 양녕로 62,서울,관악구,봉천동
신사리김치찜-신림점,"{'lat': '37.4854486', 'lng': '126.92872326'}","['찜/탕', '한식', '포장']","{'average_rating': 5.0, 'count': 1, 'image_count': 0, 'reply_count': 1}",5.0,1.0,0.0,1.0,37.4854486,126.92872326,서울특별시 관악구 신림로65길 10-9,서울,관악구,신림동
스시월-구로점,"{'lat': '37.4812086011844', 'lng': '126.896902300369'}","['일식/돈까스', '회/초밥', '포장']","{'average_rating': 4.9, 'count': 169, 'image_count': 144, 'reply_count': 0}",4.9,169.0,144.0,0.0,37.4812086011844,126.896902300369,서울특별시 구로구 디지털로26길 90,서울,구로구,구로동
땅스부대찌개-난곡점,"{'lat': '37.4742384791911', 'lng': '126.91958345092'}","['한식', '프랜차이즈', '찜/탕']","{'average_rating': 5.0, 'count': 814, 'image_count': 611, 'reply_count': 809}",5.0,814.0,611.0,809.0,37.4742384791911,126.91958345092,서울특별시 관악구 법원단지길 34,서울,관악구,신림동
COFFEE빌런-본점,"{'lat': '37.4865123', 'lng': '126.9416755'}","['피자/양식', '분식', '카페/디저트', '포장', '야식']","{'average_rating': 5.0, 'count': 1, 'image_count': 0, 'reply_count': 0}",5.0,1.0,0.0,0.0,37.4865123,126.9416755,서울특별시 관악구 국회단지2길 40,서울,관악구,봉천동
BRsingles-신림타임스트림점,"{'lat': '37.4838513411841', 'lng': '126.930234565071'}","['카페/디저트', '프랜차이즈', '포장', '1인분주문']","{'average_rating': 0.0, 'count': 0, 'image_count': 0, 'reply_count': 0}",0.0,0.0,0.0,0.0,37.4838513411841,126.930234565071,서울특별시 관악구 신림로 330,서울,관악구,신림동
세와플,"{'lat': '37.4956872', 'lng': '126.89124902'}","['카페/디저트', '포장', '샌드위치', '야식']","{'average_rating': 5.0, 'count': 5, 'image_count': 7, 'reply_count': 3}",5.0,5.0,7.0,3.0,37.4956872,126.89124902,서울특별시 구로구 가마산로26길 11,서울,구로구,구로동
칰칰칰치킨,"{'lat': '37.4854969', 'lng': '126.93749028'}","['한식', '분식', '치킨', '포장']","{'average_rating': 5.0, 'count': 2, 'image_count': 2, 'reply_count': 0}",5.0,2.0,2.0,0.0,37.4854969,126.93749028,서울특별시 관악구 봉천로 331-1,서울,관악구,봉천동
두부장인-구로디지털단지점,"{'lat': '37.4890865', 'lng': '126.90574758'}","['찜/탕', '한식', '고기/구이', '야식', '포장', '프랜차이즈']","{'average_rating': 5.0, 'count': 22, 'image_count': 20, 'reply_count': 10}",5.0,22.0,20.0,10.0,37.4890865,126.90574758,서울특별시 영등포구 대림로 73,서울,영등포구,대림동
야간매점,"{'lat': '37.4782091', 'lng': '126.90290674'}","['한식', '야식', '찜/탕', '고기/구이']","{'average_rating': 4.3, 'count': 4663, 'image_count': 2096, 'reply_count': 3533}",4.3,4663.0,2096.0,3533.0,37.4782091,126.90290674,서울특별시 금천구 독산로107길 14,서울,금천구,독산동
중화본색,"{'lat': '37.4839695', 'lng': '126.95558387'}","['중국집', '포장']","{'average_rating': 4.6, 'count': 58, 'image_count': 44, 'reply_count': 0}",4.6,58.0,44.0,0.0,37.4839695,126.95558387,서울특별시 관악구 관악로24길 14,서울,관악구,봉천동
인생은밥이다-신림점,"{'lat': '37.4800102821691', 'lng': '126.927809952324'}","['한식', '프랜차이즈', '포장', '1인분주문']","{'average_rating': 4.9, 'count': 10, 'image_count': 6, 'reply_count': 0}",4.9,10.0,6.0,0.0,37.4800102821691,126.927809952324,서울특별시 관악구 신원로 7,서울,관악구,신림동
김가네-대림삼거리점,"{'lat': '37.493289', 'lng': '126.9096988'}","['분식', '프랜차이즈', '포장']","{'average_rating': 4.8, 'count': 98, 'image_count': 87, 'reply_count': 0}",4.8,98.0,87.0,0.0,37.493289,126.9096988,서울특별시 영등포구 여의대방로 9,서울,영등포구,신길동
신조불냉면&대왕덮밥,"{'lat': '37.4868917', 'lng': '126.92616004'}","['한식', '분식', '포장', '신규맛집']","{'average_rating': 0.0, 'count': 0, 'image_count': 0, 'reply_count': 0}",0.0,0.0,0.0,0.0,37.4868917,126.92616004,서울특별시 관악구 신림동길 23-1,서울,관악구,신림동
유관장반점-상도본점,"{'lat': '37.5015075', 'lng': '126.93315642'}","['중국집', '고기/구이', '찜/탕', '포장']","{'average_rating': 4.8, 'count': 192, 'image_count': 178, 'reply_count': 0}",4.8,192.0,178.0,0.0,37.5015075,126.93315642,서울특별시 동작구 상도로 119,서울,동작구,상도동
엄마의반찬,"{'lat': '37.4633236', 'lng': '126.9094316'}","['한식', '도시락/죽', '포장']","{'average_rating': 4.8, 'count': 26, 'image_count': 22, 'reply_count': 23}",4.8,26.0,22.0,23.0,37.4633236,126.9094316,서울특별시 금천구 독산로50길 89,서울,금천구,시흥동
송이쌀국수,"{'lat': '37.4977695', 'lng': '126.93033377'}","['찜/탕', '야식', '아시안', '포장', '1인분주문']","{'average_rating': 5.0, 'count': 5, 'image_count': 4, 'reply_count': 0}",5.0,5.0,4.0,0.0,37.4977695,126.93033377,서울특별시 동작구 국사봉5길 1,서울,동작구,상도동
포케박스-봉천점,"{'lat': '37.4797161', 'lng': '126.94311779'}","['샐러드', '도시락/죽', '포장']","{'average_rating': 5.0, 'count': 76, 'image_count': 72, 'reply_count': 0}",5.0,76.0,72.0,0.0,37.4797161,126.94311779,서울특별시 관악구 쑥고개로 59,서울,관악구,봉천동
BHC-보라매타운점,"{'lat': '37.4914736', 'lng': '126.92319754'}","['프랜차이즈', '치킨', '포장']","{'average_rating': 4.9, 'count': 1960, 'image_count': 1764, 'reply_count': 869}",4.9,1960.0,1764.0,869.0,37.4914736,126.92319754,서울특별시 동작구 보라매로5길 43,서울,동작구,신대방동
본죽앤비빔밥-신림역점,"{'lat': '37.48203242479008', 'lng': '126.92966049495293'}","['한식', '프랜차이즈', '도시락/죽', '1인분주문']","{'average_rating': 4.8, 'count': 113, 'image_count': 80, 'reply_count': 111}",4.8,113.0,80.0,111.0,37.48203242479008,126.92966049495293,서울특별시 관악구 신림로 309,서울,관악구,신림동
친친중화요리-봉천점,"{'lat': '37.4791573', 'lng': '126.94605154'}","['중국집', '고기/구이', '찜/탕', '포장', '야식', '프랜차이즈', '신규맛집']","{'average_rating': 5.0, 'count': 1, 'image_count': 0, 'reply_count': 0}",5.0,1.0,0.0,0.0,37.4791573,126.94605154,서울특별시 관악구 쑥고개로 86,서울,관악구,봉천동
롱쓰부대찌개-장승배기점,"{'lat': '37.5016317711293', 'lng': '126.937429832124'}","['포장', '한식', '프랜차이즈']","{'average_rating': 4.9, 'count': 452, 'image_count': 312, 'reply_count': 34}",4.9,452.0,312.0,34.0,37.5016317711293,126.937429832124,서울특별시 동작구 상도로22길 37,서울,동작구,상도동
홍콩반점0410-신림고시촌점,"{'lat': '37.4692632', 'lng': '126.93685147'}","['프랜차이즈', '중국집']","{'average_rating': 4.7, 'count': 60, 'image_count': 51, 'reply_count': 0}",4.7,60.0,51.0,0.0,37.4692632,126.93685147,서울특별시 관악구 호암로24길 66,서울,관악구,신림동
샐러디(샐러드&샌드위치)-신대방삼거리점,"{'lat': '37.4998935', 'lng': '126.92922965'}","['샐러드', '샌드위치', '포장', '프랜차이즈', '피자/양식']","{'average_rating': 4.8, 'count': 43, 'image_count': 36, 'reply_count': 19}",4.8,43.0,36.0,19.0,37.4998935,126.92922965,서울특별시 동작구 상도로 77,서울,동작구,대방동
국빱집-관악점,"{'lat': '37.487553332073546', 'lng': '126.94041053104507'}","['찜/탕', '한식', '고기/구이', '야식', '프랜차이즈', '1인분주문', '포장']","{'average_rating': 4.0, 'count': 1, 'image_count': 1, 'reply_count': 0}",4.0,1.0,1.0,0.0,37.487553332073546,126.94041053104507,서울특별시 관악구 은천로9길 34-1,서울,관악구,봉천동
바이통타이-봉천점,"{'lat': '37.4869932974809', 'lng': '126.959292724749'}","['피자/양식', '아시안', '다회용기', '포장']","{'average_rating': 4.9, 'count': 236, 'image_count': 187, 'reply_count': 29}",4.9,236.0,187.0,29.0,37.4869932974809,126.959292724749,서울특별시 관악구 청림6길 16,서울,관악구,봉천동
소고기sosweet,"{'lat': '37.4868663', 'lng': '126.93873133'}","['한식', '고기/구이', '카페/디저트', '포장', '1인분주문']","{'average_rating': 5.0, 'count': 19, 'image_count': 20, 'reply_count': 0}",5.0,19.0,20.0,0.0,37.4868663,126.93873133,서울 관악구 봉천동 953-10,서울,관악구,봉천동
사각사각1/2,"{'lat': '37.48623038499578', 'lng': '126.9485474098811'}","['샐러드', '카페/디저트', '야식', '포장']","{'average_rating': 4.9, 'count': 57, 'image_count': 45, 'reply_count': 44}",4.9,57.0,45.0,44.0,37.48623038499578,126.9485474098811,서울특별시 관악구 은천로24길 9,서울,관악구,봉천동
직화고기&짜글이전문-돈포유관악본점,"{'lat': '37.4837778', 'lng': '126.94018822'}","['찜/탕', '한식', '고기/구이']","{'average_rating': 4.9, 'count': 657, 'image_count': 583, 'reply_count': 0}",4.9,657.0,583.0,0.0,37.4837778,126.94018822,서울특별시 관악구 봉천로 362-1,서울,관악구,봉천동
킹콩부대찌개-구로디지털점,"{'lat': '37.4832756462019', 'lng': '126.90398706777'}","['포장', '한식', '프랜차이즈']","{'average_rating': 4.9, 'count': 1074, 'image_count': 812, 'reply_count': 486}",4.9,1074.0,812.0,486.0,37.4832756462019,126.90398706777,서울특별시 관악구 조원로 16,서울,관악구,신림동
곱도리탕은 곱도리킹 관악본점,"{'lat': '37.4856792', 'lng': '126.91791037'}","['찜/탕', '한식', '야식', '포장']","{'average_rating': 5.0, 'count': 4, 'image_count': 3, 'reply_count': 0}",5.0,4.0,3.0,0.0,37.4856792,126.91791037,서울특별시 관악구 조원로 141,서울,관악구,신림동
이천밥쌤-봉천현대점,"{'lat': '37.4881385', 'lng': '126.9465584'}","['한식', '포장']","{'average_rating': 4.9, 'count': 135, 'image_count': 119, 'reply_count': 24}",4.9,135.0,119.0,24.0,37.4881385,126.9465584,서울특별시 관악구 양녕로 70,서울,관악구,봉천동
버텍스미국식덮밥-관악점,"{'lat': '37.4877201', 'lng': '126.95992422'}","['피자/양식', '고기/구이', '치킨', '포장']","{'average_rating': 5.0, 'count': 6, 'image_count': 3, 'reply_count': 4}",5.0,6.0,3.0,4.0,37.4877201,126.95992422,서울특별시 관악구 청림6길 3,서울,관악구,봉천동
수현이네통닭,"{'lat': '37.4864579', 'lng': '126.92993797'}","['야식', '치킨', '포장']","{'average_rating': 4.8, 'count': 345, 'image_count': 237, 'reply_count': 0}",4.8,345.0,237.0,0.0,37.4864579,126.92993797,서울특별시 관악구 신림로68길 10,서울,관악구,신림동
호랭이볶음밥-본점,"{'lat': '37.4814092', 'lng': '126.94310598'}","['한식', '분식', '포장', '일식/돈까스']","{'average_rating': 5.0, 'count': 1, 'image_count': 0, 'reply_count': 0}",5.0,1.0,0.0,0.0,37.4814092,126.94310598,서울특별시 관악구 장군봉1길 56,서울,관악구,봉천동
만익마라탕,"{'lat': '37.476243', 'lng': '126.93927471'}","['중국집', '고기/구이', '아시안', '포장']","{'average_rating': 0.0, 'count': 0, 'image_count': 0, 'reply_count': 0}",0.0,0.0,0.0,0.0,37.476243,126.93927471,서울특별시 관악구 쑥고개로2길 30,서울,관악구,신림동
크로플집,"{'lat': '37.4831877358231', 'lng': '126.917842458106'}","['카페/디저트', '포장']","{'average_rating': 5.0, 'count': 76, 'image_count': 89, 'reply_count': 76}",5.0,76.0,89.0,76.0,37.4831877358231,126.917842458106,서울특별시 관악구 남부순환로153길 2,서울,관악구,신림동
쬰쬰족,"{'lat': '37.5009716', 'lng': '126.94131541'}","['고기/구이', '족발/보쌈', '야식', '포장']","{'average_rating': 4.9, 'count': 11, 'image_count': 12, 'reply_count': 0}",4.9,11.0,12.0,0.0,37.5009716,126.94131541,서울특별시 동작구 장승배기로 33,서울,동작구,상도동
탁초밥,"{'lat': '37.4685786607542', 'lng': '126.903279759433'}","['일식/돈까스', '회/초밥', '포장', '분식']","{'average_rating': 5.0, 'count': 1835, 'image_count': 1755, 'reply_count': 0}",5.0,1835.0,1755.0,0.0,37.4685786607542,126.903279759433,서울특별시 금천구 독산로74길 16,서울,금천구,독산동
통닭발,"{'lat': '37.4744646413171', 'lng': '126.919934180394'}","['포장', '한식', '야식']","{'average_rating': 4.7, 'count': 22, 'image_count': 8, 'reply_count': 5}",4.7,22.0,8.0,5.0,37.4744646413171,126.919934180394,서울특별시 관악구 법원단지길 41,서울,관악구,신림동
칠층돈까스,"{'lat': '37.4828191', 'lng': '126.94352213'}","['한식', '고기/구이', '일식/돈까스', '포장']","{'average_rating': 4.9, 'count': 60, 'image_count': 47, 'reply_count': 52}",4.9,60.0,47.0,52.0,37.4828191,126.94352213,서울특별시 관악구 남부순환로 1739-9,서울,관악구,봉천동
홍익금치보쌈,"{'lat': '37.4910282097452', 'lng': '126.926926722116'}","['족발/보쌈', '야식']","{'average_rating': 5.0, 'count': 4, 'image_count': 3, 'reply_count': 0}",5.0,4.0,3.0,0.0,37.4910282097452,126.926926722116,서울특별시 관악구 보라매로 17,서울,관악구,봉천동
찜닭에빠진날-관악본점,"{'lat': '37.4854486', 'lng': '126.92872326'}","['중국집', '아시안', '포장']","{'average_rating': 4.8, 'count': 108, 'image_count': 115, 'reply_count': 108}",4.8,108.0,115.0,108.0,37.4854486,126.92872326,서울특별시 관악구 신림로65길 10-9,서울,관악구,신림동
파스타를부탁해,"{'lat': '37.4871632', 'lng': '126.93368559'}","['피자/양식', '고기/구이', '프랜차이즈', '야식', '포장', '1인분주문']","{'average_rating': 4.9, 'count': 10453, 'image_count': 9022, 'reply_count': 0}",4.9,10453.0,9022.0,0.0,37.4871632,126.93368559,서울특별시 관악구 봉천로 293,서울,관악구,봉천동
땡전-신림점,"{'lat': '37.4843936', 'lng': '126.92651235'}","['아시안', '한식', '야식', '1인분주문']","{'average_rating': 3.7, 'count': 14, 'image_count': 13, 'reply_count': 0}",3.7,14.0,13.0,0.0,37.4843936,126.92651235,서울특별시 관악구 관천로 54,서울,관악구,신림동
속이편한죽-관악점,"{'lat': '37.4840309', 'lng': '126.95324184'}","['한식', '도시락/죽', '포장']","{'average_rating': 5.0, 'count': 13, 'image_count': 9, 'reply_count': 0}",5.0,13.0,9.0,0.0,37.4840309,126.95324184,서울특별시 관악구 중앙길 24,서울,관악구,봉천동
음매점-신림점,"{'lat': '37.4840656', 'lng': '126.93415012'}","['카페/디저트', '야식', '포장']","{'average_rating': 4.9, 'count': 59, 'image_count': 50, 'reply_count': 26}",4.9,59.0,50.0,26.0,37.4840656,126.93415012,서울특별시 관악구 남부순환로190길 13,서울,관악구,신림동
우지커피-구로디지털단지점,"{'lat': '37.4831032', 'lng': '126.90076561'}","['카페/디저트', '포장', '프랜차이즈', '신규맛집']","{'average_rating': 5.0, 'count': 2, 'image_count': 0, 'reply_count': 0}",5.0,2.0,0.0,0.0,37.4831032,126.90076561,서울특별시 구로구 디지털로32길 97-6,서울,구로구,구로동
호랑이족발-관악본점,"{'lat': '37.4740372', 'lng': '126.91716419'}","['족발/보쌈', '고기/구이', '한식', '야식', '프랜차이즈', '포장']","{'average_rating': 5.0, 'count': 291, 'image_count': 333, 'reply_count': 280}",5.0,291.0,333.0,280.0,37.4740372,126.91716419,서울특별시 관악구 난곡로 221,서울,관악구,신림동
라사천마라탕-관악점,"{'lat': '37.4869971', 'lng': '126.92239141'}","['중국집', '아시안', '포장', '야식', '프랜차이즈']","{'average_rating': 3.7, 'count': 3, 'image_count': 4, 'reply_count': 0}",3.7,3.0,4.0,0.0,37.4869971,126.92239141,서울특별시 관악구 관천로 95,서울,관악구,신림동
마라반점-관악점,"{'lat': '37.4841435', 'lng': '126.93354928'}","['피자/양식', '중국집', '한식', '아시안']","{'average_rating': 3.7, 'count': 3, 'image_count': 0, 'reply_count': 0}",3.7,3.0,0.0,0.0,37.4841435,126.93354928,서울특별시 관악구 남부순환로188길 9,서울,관악구,신림동
직화담,"{'lat': '37.4872042', 'lng': '126.93537874'}","['찜/탕', '한식', '고기/구이', '포장']","{'average_rating': 4.9, 'count': 56, 'image_count': 68, 'reply_count': 56}",4.9,56.0,68.0,56.0,37.4872042,126.93537874,서울특별시 관악구 봉천로23길 15,서울,관악구,봉천동
폭격떡볶이,"{'lat': '37.4875622', 'lng': '126.95993778'}","['한식', '분식', '포장', '신규맛집']","{'average_rating': 0.0, 'count': 0, 'image_count': 0, 'reply_count': 0}",0.0,0.0,0.0,0.0,37.4875622,126.95993778,서울특별시 관악구 청림6길 3,서울,관악구,봉천동
노량진수산시장벌교아줌마,"{'lat': '37.51490876135202', 'lng': '126.93697548153044'}","['포장', '일식/돈까스', '야식']","{'average_rating': 4.7, 'count': 1588, 'image_count': 1328, 'reply_count': 1569}",4.7,1588.0,1328.0,1569.0,37.51490876135202,126.93697548153044,서울특별시 동작구 노들로 674,서울,동작구,노량진동
을지경양식돈까스-관악점,"{'lat': '37.4840309', 'lng': '126.95324184'}","['피자/양식', '일식/돈까스', '도시락/죽', '포장', '프랜차이즈']","{'average_rating': 0.0, 'count': 0, 'image_count': 0, 'reply_count': 0}",0.0,0.0,0.0,0.0,37.4840309,126.95324184,서울특별시 관악구 중앙길 24,서울,관악구,봉천동
김밥천국-구디점,"{'lat': '37.4826214', 'lng': '126.89905164'}","['한식', '분식', '일식/돈까스', '프랜차이즈', '포장']","{'average_rating': 4.7, 'count': 768, 'image_count': 650, 'reply_count': 56}",4.7,768.0,650.0,56.0,37.4826214,126.89905164,서울특별시 구로구 디지털로32가길 13,서울,구로구,구로동
딸부자소문난족발-봉천점,"{'lat': '37.4816847', 'lng': '126.94261947'}","['한식', '족발/보쌈', '포장']","{'average_rating': 4.6, 'count': 10, 'image_count': 7, 'reply_count': 9}",4.6,10.0,7.0,9.0,37.4816847,126.94261947,서울특별시 관악구 장군봉1길 45,서울,관악구,봉천동
돌담족발,"{'lat': '37.4914736', 'lng': '126.92319754'}","['한식', '족발/보쌈', '야식', '포장']","{'average_rating': 4.5, 'count': 2, 'image_count': 2, 'reply_count': 0}",4.5,2.0,2.0,0.0,37.4914736,126.92319754,서울특별시 동작구 보라매로5길 43,서울,동작구,신대방동
대한냉면-동작점,"{'lat': '37.4870243', 'lng': '126.91105433'}","['한식', '분식', '일식/돈까스', '프랜차이즈', '포장', '야식', '1인분주문']","{'average_rating': 5.0, 'count': 14, 'image_count': 11, 'reply_count': 0}",5.0,14.0,11.0,0.0,37.4870243,126.91105433,서울특별시 동작구 대림로 19,서울,동작구,신대방동
시원칼칼한분식,"{'lat': '37.4831722234075', 'lng': '126.913361227783'}","['한식', '분식', '포장', '야식']","{'average_rating': 4.9, 'count': 241, 'image_count': 218, 'reply_count': 30}",4.9,241.0,218.0,30.0,37.4831722234075,126.913361227783,서울특별시 관악구 조원로18길 23,서울,관악구,신림동
철판구이양꼬치&마라탕-본점,"{'lat': '37.4788443', 'lng': '126.90622637'}","['중국집', '고기/구이', '아시안']","{'average_rating': 5.0, 'count': 1, 'image_count': 1, 'reply_count': 0}",5.0,1.0,1.0,0.0,37.4788443,126.90622637,서울특별시 금천구 남부순환로126길 28,서울,금천구,독산동
마라홀릭마라탕&마라샹궈전문점,"{'lat': '37.475291675634715', 'lng': '126.89087536388013'}","['중국집', '아시안', '찜/탕', '포장']","{'average_rating': 4.9, 'count': 3106, 'image_count': 2965, 'reply_count': 2305}",4.9,3106.0,2965.0,2305.0,37.47529167563472,126.89087536388011,서울특별시 금천구 디지털로10길 69,서울,금천구,가산동
이삭토스트-보라매점,"{'lat': '37.492273', 'lng': '126.92695982'}","['카페/디저트', '프랜차이즈', '샌드위치']","{'average_rating': 4.8, 'count': 142, 'image_count': 108, 'reply_count': 7}",4.8,142.0,108.0,7.0,37.492273,126.92695982,서울 관악구 봉천동 728-1,서울,관악구,봉천동
이찌카레-관악점,"{'lat': '37.4841435', 'lng': '126.93354928'}","['한식', '일식/돈까스', '아시안']","{'average_rating': 4.9, 'count': 52, 'image_count': 42, 'reply_count': 18}",4.9,52.0,42.0,18.0,37.4841435,126.93354928,서울특별시 관악구 남부순환로188길 9,서울,관악구,신림동
김치찌개짜글이전문점돌박집,"{'lat': '37.4979341', 'lng': '126.92222139'}","['한식', '고기/구이', '포장']","{'average_rating': 4.8, 'count': 545, 'image_count': 391, 'reply_count': 395}",4.8,545.0,391.0,395.0,37.4979341,126.92222139,서울특별시 동작구 여의대방로24길 35,서울,동작구,대방동
숯불킹왕짱쪽갈비-관악점,"{'lat': '37.4879659', 'lng': '126.9467491'}","['한식', '야식', '고기/구이', '포장']","{'average_rating': 4.7, 'count': 261, 'image_count': 227, 'reply_count': 209}",4.7,261.0,227.0,209.0,37.4879659,126.9467491,서울특별시 관악구 양녕로 66,서울,관악구,봉천동
김가네-관악푸르지오점,"{'lat': '37.4877201', 'lng': '126.95992422'}","['한식', '분식', '일식/돈까스', '포장', '프랜차이즈']","{'average_rating': 4.7, 'count': 205, 'image_count': 130, 'reply_count': 93}",4.7,205.0,130.0,93.0,37.4877201,126.95992422,서울특별시 관악구 청림6길 3,서울,관악구,봉천동
커피브라더-신림점,"{'lat': '37.4881167901099', 'lng': '126.931597628682'}","['카페/디저트', '샌드위치', '분식', '야식', '프랜차이즈', '포장']","{'average_rating': 4.9, 'count': 1851, 'image_count': 1748, 'reply_count': 1758}",4.9,1851.0,1748.0,1758.0,37.4881167901099,126.931597628682,서울특별시 관악구 봉천로 271-1,서울,관악구,봉천동
청춘김치찌개-관악본점,"{'lat': '37.4682262', 'lng': '126.93621368'}","['찜/탕', '한식', '포장', '프랜차이즈']","{'average_rating': 5.0, 'count': 38, 'image_count': 22, 'reply_count': 0}",5.0,38.0,22.0,0.0,37.4682262,126.93621368,서울특별시 관악구 신림로17길 56,서울,관악구,신림동
곱빠닭곱창에빠진닭한마리-관악본점,"{'lat': '37.4854486', 'lng': '126.92872326'}","['찜/탕', '한식', '포장']","{'average_rating': 0.0, 'count': 0, 'image_count': 0, 'reply_count': 0}",0.0,0.0,0.0,0.0,37.4854486,126.92872326,서울특별시 관악구 신림로65길 10-9,서울,관악구,신림동
주천옥가마솥김치찜,"{'lat': '37.4861566', 'lng': '126.94929621'}","['찜/탕', '한식', '고기/구이', '포장', '1인분주문']","{'average_rating': 4.9, 'count': 14, 'image_count': 11, 'reply_count': 0}",4.9,14.0,11.0,0.0,37.4861566,126.94929621,서울특별시 관악구 중앙길 110,서울,관악구,봉천동
자금성-신림점,"{'lat': '37.4834765', 'lng': '126.90762105'}","['중국집', '포장', '프랜차이즈', '1인분주문']","{'average_rating': 4.9, 'count': 32, 'image_count': 27, 'reply_count': 31}",4.9,32.0,27.0,31.0,37.4834765,126.90762105,서울특별시 관악구 조원중앙로 50,서울,관악구,신림동
배스킨라빈스-신림타임스트림점,"{'lat': '37.4838513411842', 'lng': '126.930234565071'}","['카페/디저트', '프랜차이즈', '포장']","{'average_rating': 4.6, 'count': 478, 'image_count': 237, 'reply_count': 48}",4.6,478.0,237.0,48.0,37.4838513411842,126.930234565071,서울특별시 관악구 신림로 330,서울,관악구,신림동
요거트아이스크림천국-봉천점,"{'lat': '37.4864143', 'lng': '126.95055895'}","['샐러드', '카페/디저트', '야식', '샌드위치', '포장']","{'average_rating': 4.9, 'count': 30, 'image_count': 29, 'reply_count': 0}",4.9,30.0,29.0,0.0,37.4864143,126.95055895,서울특별시 관악구 은천로 138,서울,관악구,봉천동
동대문엽기떡볶이-병무청역점,"{'lat': '37.5063048', 'lng': '126.92195376'}","['분식', '프랜차이즈', '포장']","{'average_rating': 4.9, 'count': 316, 'image_count': 287, 'reply_count': 311}",4.9,316.0,287.0,311.0,37.5063048,126.92195376,서울특별시 영등포구 여의대방로43길 6-1,서울,영등포구,신길동
호치킨-은천초교점,"{'lat': '37.4865576', 'lng': '126.94424036'}","['프랜차이즈', '치킨']","{'average_rating': 4.8, 'count': 440, 'image_count': 380, 'reply_count': 1}",4.8,440.0,380.0,1.0,37.4865576,126.94424036,서울특별시 관악구 은천로 80,서울,관악구,봉천동
도넛인사이드도넛-본점,"{'lat': '37.4765043', 'lng': '126.8976417'}","['카페/디저트', '포장', '한식']","{'average_rating': 4.8, 'count': 40, 'image_count': 43, 'reply_count': 1}",4.8,40.0,43.0,1.0,37.4765043,126.8976417,서울특별시 금천구 시흥대로141길 81,서울,금천구,독산동
하누칼국수와돈까스,"{'lat': '37.4703588', 'lng': '126.93380715'}","['한식', '분식', '일식/돈까스', '포장']","{'average_rating': 4.5, 'count': 2, 'image_count': 1, 'reply_count': 0}",4.5,2.0,1.0,0.0,37.4703588,126.93380715,서울특별시 관악구 호암로26가길 12,서울,관악구,신림동
98도씨국밥-보라매점,"{'lat': '37.4908841', 'lng': '126.93014672'}","['한식', '프랜차이즈', '야식', '포장', '분식', '치킨', '1인분주문']","{'average_rating': 4.9, 'count': 545, 'image_count': 451, 'reply_count': 537}",4.9,545.0,451.0,537.0,37.4908841,126.93014672,서울특별시 관악구 당곡2길 22,서울,관악구,봉천동
맘스터치-노량진2호점,"{'lat': '37.5125494211151', 'lng': '126.943222632601'}","['프랜차이즈', '치킨', '버거', '포장', '1인분주문']","{'average_rating': 4.8, 'count': 1058, 'image_count': 750, 'reply_count': 375}",4.8,1058.0,750.0,375.0,37.5125494211151,126.943222632601,서울특별시 동작구 노량진로14가길 14,서울,동작구,노량진동
본죽-신대방역점,"{'lat': '37.4866554', 'lng': '126.91316474'}","['한식', '프랜차이즈', '도시락/죽', '1인분주문']","{'average_rating': 4.9, 'count': 98, 'image_count': 45, 'reply_count': 39}",4.9,98.0,45.0,39.0,37.4866554,126.91316474,서울특별시 관악구 신사로 94,서울,관악구,신림동
도파민커피,"{'lat': '37.4864143', 'lng': '126.95055895'}","['분식', '카페/디저트', '포장', '야식']","{'average_rating': 4.8, 'count': 28, 'image_count': 21, 'reply_count': 0}",4.8,28.0,21.0,0.0,37.4864143,126.95055895,서울특별시 관악구 은천로 138,서울,관악구,봉천동
파에빠진순살치킨,"{'lat': '37.4864579', 'lng': '126.92993797'}","['야식', '치킨']","{'average_rating': 4.3, 'count': 14, 'image_count': 10, 'reply_count': 0}",4.3,14.0,10.0,0.0,37.4864579,126.92993797,서울특별시 관악구 신림로68길 10,서울,관악구,신림동
이틀치찌개전문점-관악본점,"{'lat': '37.4854486', 'lng': '126.92872326'}","['찜/탕', '한식', '포장']","{'average_rating': 0.0, 'count': 0, 'image_count': 0, 'reply_count': 0}",0.0,0.0,0.0,0.0,37.4854486,126.92872326,서울특별시 관악구 신림로65길 10-9,서울,관악구,신림동
오봉집-구로디지털단지점,"{'lat': '37.4842722', 'lng': '126.89926224'}","['찜/탕', '한식', '족발/보쌈', '포장', '프랜차이즈']","{'average_rating': 4.7, 'count': 29, 'image_count': 21, 'reply_count': 4}",4.7,29.0,21.0,4.0,37.4842722,126.89926224,서울특별시 구로구 디지털로34길 55,서울,구로구,구로동
기역니은디귿제빵점,"{'lat': '37.4975466', 'lng': '126.92392481'}","['카페/디저트', '포장', '1인분주문']","{'average_rating': 5.0, 'count': 1, 'image_count': 1, 'reply_count': 0}",5.0,1.0,1.0,0.0,37.4975466,126.92392481,서울특별시 동작구 여의대방로22사길 4,서울,동작구,신대방동
이가네간장&양념게장,"{'lat': '37.5028625', 'lng': '126.8764714'}","['한식', '야식', '회/초밥']","{'average_rating': 4.8, 'count': 906, 'image_count': 848, 'reply_count': 18}",4.8,906.0,848.0,18.0,37.5028625,126.8764714,서울특별시 구로구 경인로55길 31,서울,구로구,구로동
버터럼-카이막&샌드위치,"{'lat': '37.4864981', 'lng': '126.95799034'}","['카페/디저트', '샌드위치', '포장']","{'average_rating': 4.9, 'count': 413, 'image_count': 364, 'reply_count': 56}",4.9,413.0,364.0,56.0,37.4864981,126.95799034,서울특별시 관악구 관악로30길 9,서울,관악구,봉천동
바빈스커피샌드위치&샐러드-보라매자이점,"{'lat': '37.4985598', 'lng': '126.92608257'}","['샐러드', '카페/디저트', '샌드위치', '포장', '프랜차이즈']","{'average_rating': 4.8, 'count': 193, 'image_count': 177, 'reply_count': 28}",4.8,193.0,177.0,28.0,37.4985598,126.92608257,서울특별시 동작구 여의대방로22길 121,서울,동작구,신대방동
21세기축산물백화점,"{'lat': '37.4850406', 'lng': '126.93591242'}","['한식', '고기/구이']","{'average_rating': 0.0, 'count': 0, 'image_count': 0, 'reply_count': 0}",0.0,0.0,0.0,0.0,37.4850406,126.93591242,서울특별시 관악구 남부순환로 1667,서울,관악구,봉천동
밀면의법칙-독산점,"{'lat': '37.4690629', 'lng': '126.90132981'}","['한식', '분식', '도시락/죽', '포장', '프랜차이즈']","{'average_rating': 4.9, 'count': 224, 'image_count': 160, 'reply_count': 17}",4.9,224.0,160.0,17.0,37.4690629,126.90132981,서울특별시 금천구 독산로75길 20,서울,금천구,독산동
맘스터치-대방역점,"{'lat': '37.5118358', 'lng': '126.92530413'}","['버거', '프랜차이즈', '치킨', '포장']","{'average_rating': 4.8, 'count': 348, 'image_count': 329, 'reply_count': 21}",4.8,348.0,329.0,21.0,37.5118358,126.92530413,서울특별시 동작구 여의대방로 284,서울,동작구,대방동
반미362-노량진점,"{'lat': '37.5096379', 'lng': '126.94540888'}","['카페/디저트', '샌드위치', '포장', '프랜차이즈']","{'average_rating': 4.9, 'count': 61, 'image_count': 38, 'reply_count': 40}",4.9,61.0,38.0,40.0,37.5096379,126.94540888,서울특별시 동작구 만양로 67,서울,동작구,노량진동
냉면전자-구로디지털단지점,"{'lat': '37.4862991', 'lng': '126.9052193'}","['한식', '포장', '프랜차이즈']","{'average_rating': 0.0, 'count': 0, 'image_count': 0, 'reply_count': 0}",0.0,0.0,0.0,0.0,37.4862991,126.9052193,서울특별시 동작구 시흥대로 606,서울,동작구,신대방동
과일담은요거트맛집요맛-신림점,"{'lat': '37.487693728290175', 'lng': '126.93039816877663'}","['카페/디저트', '야식', '포장']","{'average_rating': 4.9, 'count': 132, 'image_count': 110, 'reply_count': 38}",4.9,132.0,110.0,38.0,37.487693728290175,126.93039816877663,서울특별시 관악구 신림로70길 27,서울,관악구,신림동
닭도리탕전문도리당-상도본점,"{'lat': '37.497762', 'lng': '126.93544067'}","['찜/탕', '한식', '고기/구이', '포장', '프랜차이즈']","{'average_rating': 4.5, 'count': 24, 'image_count': 22, 'reply_count': 24}",4.5,24.0,22.0,24.0,37.497762,126.93544067,서울특별시 동작구 성대로 87,서울,동작구,상도동
열정국밥-영등포대림점,"{'lat': '37.4980181', 'lng': '126.89890032'}","['한식', '프랜차이즈', '포장', '1인분주문']","{'average_rating': 5.0, 'count': 90, 'image_count': 62, 'reply_count': 89}",5.0,90.0,62.0,89.0,37.4980181,126.89890032,서울특별시 영등포구 대림로 192,서울,영등포구,대림동
메가MGC커피-당곡역점,"{'lat': '37.4896865168275', 'lng': '126.928066982453'}","['카페/디저트', '프랜차이즈', '포장']","{'average_rating': 4.9, 'count': 54, 'image_count': 41, 'reply_count': 44}",4.9,54.0,41.0,44.0,37.4896865168275,126.928066982453,서울특별시 관악구 보라매로 2,서울,관악구,봉천동
피자브라더스-동작점,"{'lat': '37.5042528', 'lng': '126.94029047'}","['피자/양식', '포장', '야식', '프랜차이즈', '신규맛집']","{'average_rating': 0.0, 'count': 0, 'image_count': 0, 'reply_count': 0}",0.0,0.0,0.0,0.0,37.5042528,126.94029047,서울특별시 동작구 장승배기로 70,서울,동작구,상도동
국밥모아-신림직영점,"{'lat': '37.4835792', 'lng': '126.91264579'}","['찜/탕', '한식', '고기/구이', '포장', '야식', '1인분주문']","{'average_rating': 4.9, 'count': 16, 'image_count': 13, 'reply_count': 16}",4.9,16.0,13.0,16.0,37.4835792,126.91264579,서울특별시 관악구 조원로18길 15,서울,관악구,신림동
튀긴치킨싫어서구운치킨만파는집-난우공원점,"{'lat': '37.4742868', 'lng': '126.9197243'}","['고기/구이', '프랜차이즈', '치킨', '분식', '야식', '포장', '1인분주문']","{'average_rating': 4.6, 'count': 25, 'image_count': 15, 'reply_count': 25}",4.6,25.0,15.0,25.0,37.4742868,126.9197243,서울특별시 관악구 법원단지길 38,서울,관악구,신림동
태원-본점,"{'lat': '37.5084258', 'lng': '126.93206708'}","['중국집', '찜/탕', '아시안', '포장', '신규맛집']","{'average_rating': 0.0, 'count': 0, 'image_count': 0, 'reply_count': 0}",0.0,0.0,0.0,0.0,37.5084258,126.93206708,서울특별시 동작구 등용로 81,서울,동작구,대방동
만석찜닭-관악본점,"{'lat': '37.4854486', 'lng': '126.92872326'}","['찜/탕', '한식', '고기/구이', '포장']","{'average_rating': 5.0, 'count': 11, 'image_count': 10, 'reply_count': 11}",5.0,11.0,10.0,11.0,37.4854486,126.92872326,서울특별시 관악구 신림로65길 10-9,서울,관악구,신림동
싱싱과일앤바사삭튀김,"{'lat': '37.4864143', 'lng': '126.95055895'}","['샐러드', '분식', '카페/디저트', '야식', '포장']","{'average_rating': 4.0, 'count': 3, 'image_count': 2, 'reply_count': 0}",4.0,3.0,2.0,0.0,37.4864143,126.95055895,서울특별시 관악구 은천로 138,서울,관악구,봉천동
1KG덮밥-구로디지털단지점,"{'lat': '37.4890865', 'lng': '126.90574758'}","['한식', '고기/구이', '야식', '포장', '프랜차이즈']","{'average_rating': 4.9, 'count': 60, 'image_count': 36, 'reply_count': 49}",4.9,60.0,36.0,49.0,37.4890865,126.90574758,서울특별시 영등포구 대림로 73,서울,영등포구,대림동
닭오리전문점삼성산장,"{'lat': '37.4682484476223', 'lng': '126.937861423246'}","['한식', '고기/구이', '포장', '찜/탕']","{'average_rating': 4.9, 'count': 283, 'image_count': 245, 'reply_count': 3}",4.9,283.0,245.0,3.0,37.4682484476223,126.937861423246,서울특별시 관악구 대학길 53,서울,관악구,신림동
카페플래닛-신림본점,"{'lat': '37.4822402', 'lng': '126.91826484'}","['카페/디저트', '포장']","{'average_rating': 5.0, 'count': 4, 'image_count': 2, 'reply_count': 3}",5.0,4.0,2.0,3.0,37.4822402,126.91826484,서울특별시 관악구 남부순환로 1508,서울,관악구,신림동
"요찌정,요기가찌개정말잘하는집-구로디지털단지점","{'lat': '37.4862991', 'lng': '126.9052193'}","['찜/탕', '한식', '도시락/죽', '포장', '프랜차이즈', '1인분주문']","{'average_rating': 0.0, 'count': 0, 'image_count': 0, 'reply_count': 0}",0.0,0.0,0.0,0.0,37.4862991,126.9052193,서울특별시 동작구 시흥대로 606,서울,동작구,신대방동
파도리명가대파닭볶음탕전문점-관악본점,"{'lat': '37.4854486', 'lng': '126.92872326'}","['찜/탕', '한식', '포장']","{'average_rating': 0.0, 'count': 0, 'image_count': 0, 'reply_count': 0}",0.0,0.0,0.0,0.0,37.4854486,126.92872326,서울특별시 관악구 신림로65길 10-9,서울,관악구,신림동
타이반쩜-신림점,"{'lat': '37.4879659', 'lng': '126.9467491'}","['피자/양식', '아시안', '포장', '프랜차이즈', '다회용기', '1인분주문']","{'average_rating': 4.9, 'count': 1767, 'image_count': 1715, 'reply_count': 568}",4.9,1767.0,1715.0,568.0,37.4879659,126.9467491,서울특별시 관악구 양녕로 66,서울,관악구,봉천동
노량진수산시장벌교아저씨,"{'lat': '37.5150981', 'lng': '126.93779738'}","['일식/돈까스', '회/초밥', '야식', '포장']","{'average_rating': 4.9, 'count': 348, 'image_count': 343, 'reply_count': 337}",4.9,348.0,343.0,337.0,37.5150981,126.93779738,서울특별시 동작구 노들로 674,서울,동작구,노량진동
마화쿵푸,"{'lat': '37.4693027', 'lng': '126.93784416'}","['중국집', '찜/탕', '포장', '다회용기']","{'average_rating': 5.0, 'count': 4, 'image_count': 1, 'reply_count': 0}",5.0,4.0,1.0,0.0,37.4693027,126.93784416,서울특별시 관악구 대학길 31,서울,관악구,신림동
황금짜장,"{'lat': '37.4819666', 'lng': '126.94117995'}","['중국집', '포장', '아시안', '고기/구이']","{'average_rating': 4.5, 'count': 249, 'image_count': 166, 'reply_count': 0}",4.5,249.0,166.0,0.0,37.4819666,126.94117995,서울특별시 관악구 장군봉1길 19,서울,관악구,봉천동
도시곳간-숭실대점,"{'lat': '37.4969397', 'lng': '126.95354085'}","['찜/탕', '한식', '고기/구이', '포장', '프랜차이즈']","{'average_rating': 5.0, 'count': 4, 'image_count': 5, 'reply_count': 3}",5.0,4.0,5.0,3.0,37.4969397,126.95354085,서울특별시 동작구 상도로 357,서울,동작구,상도동
초밥에미친남자-구로점,"{'lat': '37.4811265', 'lng': '126.91421284'}","['일식/돈까스', '프랜차이즈', '회/초밥', '도시락/죽']","{'average_rating': 4.8, 'count': 2262, 'image_count': 1972, 'reply_count': 49}",4.8,2262.0,1972.0,49.0,37.4811265,126.91421284,서울특별시 관악구 난곡로63길 6,서울,관악구,신림동
서도갈비-본점,"{'lat': '37.4835426', 'lng': '126.94195079'}","['포장', '한식', '분식', '야식', '찜/탕', '1인분주문']","{'average_rating': 5.0, 'count': 100, 'image_count': 106, 'reply_count': 0}",5.0,100.0,106.0,0.0,37.4835426,126.94195079,서울특별시 관악구 봉천로 377,서울,관악구,봉천동
피자알볼로-신림직영점,"{'lat': '37.4706049', 'lng': '126.93393897'}","['피자/양식', '프랜차이즈', '포장', '신규맛집']","{'average_rating': 0.0, 'count': 0, 'image_count': 0, 'reply_count': 0}",0.0,0.0,0.0,0.0,37.4706049,126.93393897,서울특별시 관악구 호암로26가길 4,서울,관악구,신림동
냉면쟁이고기꾼-독산점,"{'lat': '37.4690629', 'lng': '126.90132981'}","['한식', '프랜차이즈', '포장', '고기/구이']","{'average_rating': 5.0, 'count': 734, 'image_count': 707, 'reply_count': 64}",5.0,734.0,707.0,64.0,37.4690629,126.90132981,서울특별시 금천구 독산로75길 20,서울,금천구,독산동
백채김치찌개-본점,"{'lat': '37.48123293306327', 'lng': '126.94773188686479'}","['찜/탕', '한식', '도시락/죽', '포장', '프랜차이즈']","{'average_rating': 3.6, 'count': 5, 'image_count': 7, 'reply_count': 1}",3.6,5.0,7.0,1.0,37.48123293306327,126.9477318868648,서울특별시 관악구 청룡1길 25,서울,관악구,봉천동
가마솥김치찜&김치찌개옥사장집밥-대림점,"{'lat': '37.4967820979942', 'lng': '126.898763303327'}","['한식', '찜/탕', '고기/구이', '1인분주문']","{'average_rating': 4.9, 'count': 850, 'image_count': 756, 'reply_count': 0}",4.9,850.0,756.0,0.0,37.4967820979942,126.898763303327,서울특별시 영등포구 대림로 179,서울,영등포구,대림동
파리바게뜨-관악은천점,"{'lat': '37.4868680228934', 'lng': '126.939283729356'}","['카페/디저트', '프랜차이즈', '샌드위치']","{'average_rating': 4.9, 'count': 258, 'image_count': 196, 'reply_count': 0}",4.9,258.0,196.0,0.0,37.4868680228934,126.939283729356,서울특별시 관악구 봉천로23나길 69,서울,관악구,봉천동
옥곱돌-곱도리탕&낙곱새전문점,"{'lat': '37.4862991', 'lng': '126.9052193'}","['찜/탕', '한식', '포장']","{'average_rating': 5.0, 'count': 40, 'image_count': 37, 'reply_count': 4}",5.0,40.0,37.0,4.0,37.4862991,126.9052193,서울특별시 동작구 시흥대로 606,서울,동작구,신대방동
분식정류장-본점,"{'lat': '37.4865123', 'lng': '126.9416755'}","['분식', '포장', '야식']","{'average_rating': 5.0, 'count': 1, 'image_count': 0, 'reply_count': 0}",5.0,1.0,0.0,0.0,37.4865123,126.9416755,서울특별시 관악구 국회단지2길 40,서울,관악구,봉천동
진마라탕,"{'lat': '37.4704811320458', 'lng': '126.934476797741'}","['중국집', '찜/탕', '아시안', '포장']","{'average_rating': 4.8, 'count': 123, 'image_count': 91, 'reply_count': 1}",4.8,123.0,91.0,1.0,37.4704811320458,126.934476797741,서울특별시 관악구 신림로23길 16,서울,관악구,신림동
오늘도만찬,"{'lat': '37.468984157543', 'lng': '126.934181709738'}","['한식', '1인분주문']","{'average_rating': 4.9, 'count': 62, 'image_count': 48, 'reply_count': 36}",4.9,62.0,48.0,36.0,37.468984157543,126.934181709738,서울특별시 관악구 호암로22길 25,서울,관악구,신림동
봉평메밀막국수&칡냉면,"{'lat': '37.5028625', 'lng': '126.8764714'}","['한식', '야식', '고기/구이', '포장']","{'average_rating': 4.8, 'count': 853, 'image_count': 691, 'reply_count': 2}",4.8,853.0,691.0,2.0,37.5028625,126.8764714,서울특별시 구로구 경인로55길 31,서울,구로구,구로동
죽생죽사-신림점,"{'lat': '37.4829856', 'lng': '126.9196316'}","['한식', '도시락/죽', '포장', '분식']","{'average_rating': 4.9, 'count': 185, 'image_count': 169, 'reply_count': 185}",4.9,185.0,169.0,185.0,37.4829856,126.9196316,서울특별시 관악구 남부순환로 1521,서울,관악구,신림동
두공기김치찜&김치찌개-관악점,"{'lat': '37.4793676', 'lng': '126.9569922'}","['찜/탕', '한식', '도시락/죽', '포장', '프랜차이즈', '1인분주문']","{'average_rating': 4.9, 'count': 8, 'image_count': 6, 'reply_count': 8}",4.9,8.0,6.0,8.0,37.4793676,126.9569922,서울특별시 관악구 남부순환로 1868,서울,관악구,봉천동
밥마라떡볶이-관악본점,"{'lat': '37.4837927', 'lng': '126.94021261'}","['한식', '고기/구이', '포장', '분식']","{'average_rating': 4.9, 'count': 978, 'image_count': 905, 'reply_count': 0}",4.9,978.0,905.0,0.0,37.4837927,126.94021261,서울특별시 관악구 봉천로 362-1,서울,관악구,봉천동
과일에반하다프루타-신림점,"{'lat': '37.4742374', 'lng': '126.93371197'}","['카페/디저트', '포장', '야식', '프랜차이즈']","{'average_rating': 4.9, 'count': 45, 'image_count': 46, 'reply_count': 40}",4.9,45.0,46.0,40.0,37.4742374,126.93371197,서울특별시 관악구 신림로 169,서울,관악구,신림동
하이마라마라탕&마라샹궈-낙성대직영점,"{'lat': '37.477966', 'lng': '126.9620246'}","['중국집', '아시안', '포장', '야식', '찜/탕']","{'average_rating': 4.8, 'count': 86, 'image_count': 90, 'reply_count': 68}",4.8,86.0,90.0,68.0,37.477966,126.9620246,서울특별시 관악구 남부순환로 1913,서울,관악구,봉천동
대통자장면-비전점,"{'lat': '37.4828107', 'lng': '126.92612871'}","['중국집', '찜/탕', '아시안']","{'average_rating': 4.9, 'count': 538, 'image_count': 456, 'reply_count': 95}",4.9,538.0,456.0,95.0,37.4828107,126.92612871,서울특별시 관악구 신원로3길 50,서울,관악구,신림동
대패세끼-본점,"{'lat': '37.4851718', 'lng': '126.89275134'}","['한식', '고기/구이', '포장']","{'average_rating': 4.7, 'count': 6, 'image_count': 7, 'reply_count': 6}",4.7,6.0,7.0,6.0,37.4851718,126.89275134,서울특별시 구로구 디지털로31길 41,서울,구로구,구로동
홈런즉석떡볶이-구로디지털점,"{'lat': '37.4832756462019', 'lng': '126.90398706777'}","['포장', '분식', '프랜차이즈']","{'average_rating': 4.9, 'count': 321, 'image_count': 277, 'reply_count': 17}",4.9,321.0,277.0,17.0,37.4832756462019,126.90398706777,서울특별시 관악구 조원로 16,서울,관악구,신림동
갈비숯불고기-옥탑방야옹이,"{'lat': '37.4827801284744', 'lng': '126.924090245811'}","['한식', '고기/구이', '포장']","{'average_rating': 5.0, 'count': 3, 'image_count': 3, 'reply_count': 0}",5.0,3.0,3.0,0.0,37.4827801284744,126.924090245811,서울특별시 관악구 남부순환로172길 33,서울,관악구,신림동
착한덮밥-관악점,"{'lat': '37.4680538', 'lng': '126.93746599'}","['한식', '도시락/죽', '프랜차이즈', '포장']","{'average_rating': 5.0, 'count': 41, 'image_count': 34, 'reply_count': 7}",5.0,41.0,34.0,7.0,37.4680538,126.93746599,서울특별시 관악구 대학길 58-3,서울,관악구,신림동
마마꽃게장,"{'lat': '37.480599', 'lng': '126.88931371'}","['한식', '회/초밥', '도시락/죽', '포장']","{'average_rating': 4.8, 'count': 129, 'image_count': 108, 'reply_count': 43}",4.8,129.0,108.0,43.0,37.480599,126.88931371,서울특별시 구로구 남부순환로105라길 15,서울,구로구,가리봉동
고망고-신림점,"{'lat': '37.4839267', 'lng': '126.9290847'}","['카페/디저트', '포장', '프랜차이즈']","{'average_rating': 5.0, 'count': 5, 'image_count': 4, 'reply_count': 0}",5.0,5.0,4.0,0.0,37.4839267,126.9290847,서울특별시 관악구 남부순환로 1606,서울,관악구,신림동
마왕곱도리-관악본점,"{'lat': '37.4840309', 'lng': '126.95324184'}","['찜/탕', '한식', '포장']","{'average_rating': 4.9, 'count': 69, 'image_count': 47, 'reply_count': 22}",4.9,69.0,47.0,22.0,37.4840309,126.95324184,서울특별시 관악구 중앙길 24,서울,관악구,봉천동
명품청기와감자탕-보라매점,"{'lat': '37.497529', 'lng': '126.91688183'}","['찜/탕', '한식', '고기/구이', '포장']","{'average_rating': 4.3, 'count': 3, 'image_count': 1, 'reply_count': 0}",4.3,3.0,1.0,0.0,37.497529,126.91688183,서울특별시 영등포구 여의대방로 93,서울,영등포구,신길동
봉천생면파스타-독산점,"{'lat': '37.4669874', 'lng': '126.89987541'}","['피자/양식', '샐러드', '포장']","{'average_rating': 4.8, 'count': 31, 'image_count': 21, 'reply_count': 29}",4.8,31.0,21.0,29.0,37.4669874,126.89987541,서울특별시 금천구 시흥대로110길 24,서울,금천구,독산동
냉면쟁이고기꾼-신대방점,"{'lat': '37.498117', 'lng': '126.9292833'}","['한식', '포장', '프랜차이즈', '1인분주문']","{'average_rating': 5.0, 'count': 34, 'image_count': 50, 'reply_count': 17}",5.0,34.0,50.0,17.0,37.498117,126.9292833,서울특별시 동작구 국사봉길 26,서울,동작구,신대방동
두남자의볶음밥&냉모밀-관악점,"{'lat': '37.4841435', 'lng': '126.93354928'}","['한식', '일식/돈까스', '아시안']","{'average_rating': 4.8, 'count': 98, 'image_count': 56, 'reply_count': 0}",4.8,98.0,56.0,0.0,37.4841435,126.93354928,서울특별시 관악구 남부순환로188길 9,서울,관악구,신림동
5.13낙곱새-구로디지털직영점,"{'lat': '37.4835696', 'lng': '126.89550281'}","['찜/탕', '한식', '일식/돈까스']","{'average_rating': 5.0, 'count': 99, 'image_count': 80, 'reply_count': 16}",5.0,99.0,80.0,16.0,37.4835696,126.89550281,서울특별시 구로구 디지털로 288,서울,구로구,구로동
곽선생왕만두-관악점,"{'lat': '37.482388', 'lng': '126.94374014'}","['분식', '포장', '프랜차이즈']","{'average_rating': 4.5, 'count': 2, 'image_count': 1, 'reply_count': 0}",4.5,2.0,1.0,0.0,37.482388,126.94374014,서울특별시 관악구 남부순환로 1741,서울,관악구,봉천동
BRsingles-봉천현대점,"{'lat': '37.4869475888964', 'lng': '126.947928226427'}","['카페/디저트', '프랜차이즈', '포장', '1인분주문']","{'average_rating': 4.8, 'count': 4, 'image_count': 2, 'reply_count': 0}",4.8,4.0,2.0,0.0,37.4869475888964,126.947928226427,서울특별시 관악구 은천로 113,서울,관악구,봉천동
요거트글로우-구로디지털단지역점,"{'lat': '37.4826214', 'lng': '126.89905164'}","['카페/디저트', '포장']","{'average_rating': 0.0, 'count': 0, 'image_count': 0, 'reply_count': 0}",0.0,0.0,0.0,0.0,37.4826214,126.89905164,서울특별시 구로구 디지털로32가길 13,서울,구로구,구로동
귀한족발-상도점,"{'lat': '37.50619945580304', 'lng': '126.94753288189449'}","['한식', '족발/보쌈', '포장', '고기/구이', '프랜차이즈']","{'average_rating': 4.9, 'count': 1663, 'image_count': 1688, 'reply_count': 1654}",4.9,1663.0,1688.0,1654.0,37.50619945580304,126.94753288189447,서울특별시 동작구 만양로 20,서울,동작구,상도동
얼큰이상회,"{'lat': '37.4864785', 'lng': '126.92226258'}","['찜/탕', '한식', '야식', '포장']","{'average_rating': 4.7, 'count': 7, 'image_count': 5, 'reply_count': 7}",4.7,7.0,5.0,7.0,37.4864785,126.92226258,서울특별시 관악구 조원로 181,서울,관악구,신림동
신전떡볶이-숭실대점,"{'lat': '37.4954269', 'lng': '126.95378758'}","['분식', '프랜차이즈']","{'average_rating': 4.9, 'count': 14, 'image_count': 11, 'reply_count': 7}",4.9,14.0,11.0,7.0,37.4954269,126.95378758,서울특별시 동작구 상도로 372-3,서울,동작구,상도동
컴포즈커피-봉천점,"{'lat': '37.4872407886702', 'lng': '126.94660421570082'}","['카페/디저트', '프랜차이즈']","{'average_rating': 4.5, 'count': 27, 'image_count': 17, 'reply_count': 0}",4.5,27.0,17.0,0.0,37.4872407886702,126.94660421570082,서울특별시 관악구 양녕로 59,서울,관악구,봉천동
핫오리-신길점,"{'lat': '37.5124080911006', 'lng': '126.920455364691'}","['중국집', '야식', '아시안']","{'average_rating': 4.8, 'count': 210, 'image_count': 158, 'reply_count': 70}",4.8,210.0,158.0,70.0,37.5124080911006,126.920455364691,서울특별시 영등포구 영등포로80길 13,서울,영등포구,신길동
일단시켜찹쌀타코야끼&카페,"{'lat': '37.4868546', 'lng': '126.95527802'}","['분식', '카페/디저트', '일식/돈까스', '야식', '1인분주문']","{'average_rating': 5.0, 'count': 9, 'image_count': 4, 'reply_count': 0}",5.0,9.0,4.0,0.0,37.4868546,126.95527802,서울 관악구 봉천동 40-103,서울,관악구,봉천동
파스타는보니따-영등포점,"{'lat': '37.5059472', 'lng': '126.91237162'}","['피자/양식', '야식', '포장', '1인분주문']","{'average_rating': 4.9, 'count': 2828, 'image_count': 2742, 'reply_count': 1398}",4.9,2828.0,2742.0,1398.0,37.5059472,126.91237162,서울특별시 영등포구 신길로38길 11,서울,영등포구,신길동
개성냉면-신림점,"{'lat': '37.4834765', 'lng': '126.90762105'}","['한식', '분식', '포장', '1인분주문']","{'average_rating': 5.0, 'count': 13, 'image_count': 8, 'reply_count': 12}",5.0,13.0,8.0,12.0,37.4834765,126.90762105,서울특별시 관악구 조원중앙로 50,서울,관악구,신림동
꽉꽉떡볶이-관악점,"{'lat': '37.4877201', 'lng': '126.95992422'}","['한식', '분식', '치킨', '포장']","{'average_rating': 5.0, 'count': 1, 'image_count': 1, 'reply_count': 1}",5.0,1.0,1.0,1.0,37.4877201,126.95992422,서울특별시 관악구 청림6길 3,서울,관악구,봉천동
처갓집양념치킨-봉천점,"{'lat': '37.4867629', 'lng': '126.94082561'}","['프랜차이즈', '치킨', '야식', '포장']","{'average_rating': 4.9, 'count': 20, 'image_count': 13, 'reply_count': 20}",4.9,20.0,13.0,20.0,37.4867629,126.94082561,서울특별시 관악구 은천로9길 14,서울,관악구,봉천동
착한덮밥&도시락-관악점,"{'lat': '37.4680538', 'lng': '126.93746599'}","['한식', '도시락/죽', '포장']","{'average_rating': 4.9, 'count': 103, 'image_count': 98, 'reply_count': 36}",4.9,103.0,98.0,36.0,37.4680538,126.93746599,서울특별시 관악구 대학길 58-3,서울,관악구,신림동
프로스퍼피자,"{'lat': '37.4990877', 'lng': '126.92561132'}","['피자/양식', '카페/디저트', '치킨', '포장']","{'average_rating': 0.0, 'count': 0, 'image_count': 0, 'reply_count': 0}",0.0,0.0,0.0,0.0,37.4990877,126.92561132,서울특별시 동작구 여의대방로24길 101,서울,동작구,대방동
고르도피자-봉천점,"{'lat': '37.4838462', 'lng': '126.95313381'}","['피자/양식', '야식', '포장']","{'average_rating': 5.0, 'count': 182, 'image_count': 188, 'reply_count': 169}",5.0,182.0,188.0,169.0,37.4838462,126.95313381,서울특별시 관악구 중앙길 23,서울,관악구,봉천동
오비스케밥-서울대입구역점,"{'lat': '37.4839695', 'lng': '126.95558387'}","['피자/양식', '아시안', '야식', '1인분주문']","{'average_rating': 5.0, 'count': 5, 'image_count': 7, 'reply_count': 0}",5.0,5.0,7.0,0.0,37.4839695,126.95558387,서울특별시 관악구 관악로24길 14,서울,관악구,봉천동
마포화곱창-신림점,"{'lat': '37.4870127', 'lng': '126.92534823'}","['한식', '야식', '고기/구이', '프랜차이즈']","{'average_rating': 4.8, 'count': 343, 'image_count': 345, 'reply_count': 42}",4.8,343.0,345.0,42.0,37.4870127,126.92534823,서울특별시 관악구 신림동길 32,서울,관악구,신림동
도우하우피자-동작점,"{'lat': '37.5042528', 'lng': '126.94029047'}","['피자/양식', '포장', '야식', '신규맛집']","{'average_rating': 0.0, 'count': 0, 'image_count': 0, 'reply_count': 0}",0.0,0.0,0.0,0.0,37.5042528,126.94029047,서울특별시 동작구 장승배기로 70,서울,동작구,상도동
의정부불냉면-서울대입구역점,"{'lat': '37.4859121', 'lng': '126.95687489'}","['한식', '분식', '포장', '야식', '신규맛집']","{'average_rating': 0.0, 'count': 0, 'image_count': 0, 'reply_count': 0}",0.0,0.0,0.0,0.0,37.4859121,126.95687489,서울특별시 관악구 관악로 244,서울,관악구,봉천동
큰그림과일&야채가게,"{'lat': '37.4751431972374', 'lng': '126.932372347498'}","['카페/디저트', '포장']","{'average_rating': 0.0, 'count': 0, 'image_count': 0, 'reply_count': 0}",0.0,0.0,0.0,0.0,37.4751431972374,126.932372347498,서울특별시 관악구 신림로29길 8,서울,관악구,신림동
땅스즉석떡볶이-서울독산점,"{'lat': '37.4756758', 'lng': '126.89951219'}","['분식', '프랜차이즈', '포장', '신규맛집']","{'average_rating': 0.0, 'count': 0, 'image_count': 0, 'reply_count': 0}",0.0,0.0,0.0,0.0,37.4756758,126.89951219,서울특별시 금천구 시흥대로150길 6,서울,금천구,독산동
땅스부대찌개-서울상도점,"{'lat': '37.4980839425101', 'lng': '126.934519054641'}","['한식', '프랜차이즈', '찜/탕', '포장']","{'average_rating': 5.0, 'count': 1319, 'image_count': 1073, 'reply_count': 747}",5.0,1319.0,1073.0,747.0,37.4980839425101,126.934519054641,서울특별시 동작구 성대로 67,서울,동작구,상도동
써브웨이-보라매점,"{'lat': '37.4912113002302', 'lng': '126.924990327332'}","['피자/양식', '프랜차이즈', '샌드위치', '샐러드']","{'average_rating': 4.7, 'count': 1643, 'image_count': 899, 'reply_count': 568}",4.7,1643.0,899.0,568.0,37.4912113002302,126.924990327332,서울특별시 동작구 보라매로3길 29,서울,동작구,신대방동
바른마카롱,"{'lat': '37.5012435', 'lng': '126.91939426'}","['카페/디저트', '포장']","{'average_rating': 0.0, 'count': 0, 'image_count': 0, 'reply_count': 0}",0.0,0.0,0.0,0.0,37.5012435,126.91939426,서울 영등포구 신길동 602,서울,영등포구,신길동
이삭토스트-미성점,"{'lat': '37.4796289407496', 'lng': '126.91468482382'}","['카페/디저트', '프랜차이즈', '샌드위치']","{'average_rating': 4.9, 'count': 125, 'image_count': 77, 'reply_count': 1}",4.9,125.0,77.0,1.0,37.4796289407496,126.91468482382,서울특별시 관악구 난곡로 287,서울,관악구,신림동
짝꿍파스타,"{'lat': '37.4880912', 'lng': '126.95852013'}","['피자/양식', '1인분주문', '포장']","{'average_rating': 5.0, 'count': 88, 'image_count': 98, 'reply_count': 80}",5.0,88.0,98.0,80.0,37.4880912,126.95852013,서울특별시 관악구 청림길 4,서울,관악구,봉천동
토박이활어회&참치,"{'lat': '37.5004105', 'lng': '126.84916047'}","['포장', '일식/돈까스', '야식', '회/초밥', '찜/탕']","{'average_rating': 4.6, 'count': 986, 'image_count': 775, 'reply_count': 678}",4.6,986.0,775.0,678.0,37.5004105,126.84916047,서울특별시 구로구 경인로31길 72,서울,구로구,개봉동
기영이숯불두마리치킨-금천독산점,"{'lat': '37.4689867', 'lng': '126.90208734'}","['고기/구이', '프랜차이즈', '치킨', '포장']","{'average_rating': 4.9, 'count': 124, 'image_count': 124, 'reply_count': 124}",4.9,124.0,124.0,124.0,37.4689867,126.90208734,서울특별시 금천구 독산로 247,서울,금천구,독산동
덮밥90도씨-관악점,"{'lat': '37.4800102821691', 'lng': '126.927809952324'}","['포장', '한식', '야식', '프랜차이즈', '고기/구이']","{'average_rating': 4.8, 'count': 762, 'image_count': 706, 'reply_count': 181}",4.8,762.0,706.0,181.0,37.4800102821691,126.927809952324,서울특별시 관악구 신원로 7,서울,관악구,신림동
대한낙곱새&칡냉면,"{'lat': '37.5028625', 'lng': '126.8764714'}","['한식', '야식', '찜/탕', '포장']","{'average_rating': 4.8, 'count': 181, 'image_count': 153, 'reply_count': 0}",4.8,181.0,153.0,0.0,37.5028625,126.8764714,서울특별시 구로구 경인로55길 31,서울,구로구,구로동
삼촌축산,"{'lat': '37.4687645', 'lng': '126.90335786'}","['한식', '고기/구이', '포장']","{'average_rating': 5.0, 'count': 1, 'image_count': 1, 'reply_count': 1}",5.0,1.0,1.0,1.0,37.4687645,126.90335786,서울특별시 금천구 독산로74길 17,서울,금천구,독산동
육회바른연어-낙성대점,"{'lat': '37.4757206', 'lng': '126.96428153'}","['고기/구이', '일식/돈까스', '회/초밥', '프랜차이즈']","{'average_rating': 5.0, 'count': 73, 'image_count': 58, 'reply_count': 28}",5.0,73.0,58.0,28.0,37.4757206,126.96428153,서울특별시 관악구 남부순환로246길 18,서울,관악구,봉천동
육도령-신림점,"{'lat': '37.4826161', 'lng': '126.91047824'}","['찜/탕', '한식', '고기/구이', '포장', '야식']","{'average_rating': 4.3, 'count': 15, 'image_count': 14, 'reply_count': 14}",4.3,15.0,14.0,14.0,37.4826161,126.91047824,서울특별시 관악구 남부순환로143길 29,서울,관악구,신림동
일미함바집,"{'lat': '37.5028625', 'lng': '126.8764714'}","['한식', '야식', '포장', '찜/탕']","{'average_rating': 4.8, 'count': 448, 'image_count': 408, 'reply_count': 54}",4.8,448.0,408.0,54.0,37.5028625,126.8764714,서울특별시 구로구 경인로55길 31,서울,구로구,구로동
태리로제떡볶이&닭강정-신림점,"{'lat': '37.4872731', 'lng': '126.91455948'}","['분식', '프랜차이즈', '포장', '치킨']","{'average_rating': 4.8, 'count': 1153, 'image_count': 1044, 'reply_count': 210}",4.8,1153.0,1044.0,210.0,37.4872731,126.91455948,서울특별시 관악구 신사로10길 7,서울,관악구,신림동
쌍칼국수86&메밀향막국수영등포점,"{'lat': '37.5140441', 'lng': '126.90605071'}","['한식', '포장', '족발/보쌈']","{'average_rating': 4.9, 'count': 168, 'image_count': 153, 'reply_count': 136}",4.9,168.0,153.0,136.0,37.5140441,126.90605071,서울특별시 영등포구 영신로19길 16,서울,영등포구,영등포동
파머스포케-서울대점,"{'lat': '37.4685778', 'lng': '126.93775233'}","['샐러드', '카페/디저트', '포장', '프랜차이즈']","{'average_rating': 4.8, 'count': 11, 'image_count': 7, 'reply_count': 9}",4.8,11.0,7.0,9.0,37.4685778,126.93775233,서울특별시 관악구 대학길 47,서울,관악구,신림동
가마솥도시락,"{'lat': '37.4686969991815', 'lng': '126.940417522828'}","['포장', '한식', '일식/돈까스', '치킨', '1인분주문']","{'average_rating': 4.9, 'count': 80, 'image_count': 47, 'reply_count': 51}",4.9,80.0,47.0,51.0,37.4686969991815,126.940417522828,서울특별시 관악구 대학7길 49,서울,관악구,신림동
버글버글호프광장,"{'lat': '37.4996288', 'lng': '126.92088327'}","['분식', '치킨', '찜/탕', '포장', '야식']","{'average_rating': 4.2, 'count': 5, 'image_count': 4, 'reply_count': 4}",4.2,5.0,4.0,4.0,37.4996288,126.92088327,서울특별시 동작구 여의대방로24가길 31,서울,동작구,대방동
본죽앤비빔밥-보라매역점,"{'lat': '37.4985673111592', 'lng': '126.921042662156'}","['한식', '프랜차이즈', '도시락/죽', '1인분주문']","{'average_rating': 4.8, 'count': 93, 'image_count': 64, 'reply_count': 26}",4.8,93.0,64.0,26.0,37.4985673111592,126.921042662156,서울특별시 동작구 여의대방로24가길 8,서울,동작구,대방동
땅스부대찌개-서울독산점,"{'lat': '37.4756758', 'lng': '126.89951219'}","['찜/탕', '한식', '프랜차이즈', '신규맛집']","{'average_rating': 0.0, 'count': 0, 'image_count': 0, 'reply_count': 0}",0.0,0.0,0.0,0.0,37.4756758,126.89951219,서울특별시 금천구 시흥대로150길 6,서울,금천구,독산동
죽전할매-관악점,"{'lat': '37.4873822', 'lng': '126.94822192'}","['한식', '야식', '도시락/죽', '포장']","{'average_rating': 4.0, 'count': 6, 'image_count': 5, 'reply_count': 3}",4.0,6.0,5.0,3.0,37.4873822,126.94822192,서울특별시 관악구 은천로23길 16,서울,관악구,봉천동
미친닭날개구이-대림본점,"{'lat': '37.4898872110733', 'lng': '126.900690986781'}","['중국집', '고기/구이', '아시안']","{'average_rating': 0.0, 'count': 0, 'image_count': 0, 'reply_count': 0}",0.0,0.0,0.0,0.0,37.4898872110733,126.900690986781,서울특별시 영등포구 디지털로 366,서울,영등포구,대림동
두찜-영등포신길점,"{'lat': '37.5059388131206', 'lng': '126.911767729594'}","['포장', '한식', '프랜차이즈', '찜/탕', '피자/양식']","{'average_rating': 4.8, 'count': 444, 'image_count': 338, 'reply_count': 33}",4.8,444.0,338.0,33.0,37.5059388131206,126.911767729594,서울특별시 영등포구 신길로38길 6,서울,영등포구,신길동
스시모모타로,"{'lat': '37.485560866012406', 'lng': '126.93440313964342'}","['일식/돈까스', '회/초밥']","{'average_rating': 4.9, 'count': 21, 'image_count': 20, 'reply_count': 0}",4.9,21.0,20.0,0.0,37.485560866012406,126.93440313964342,서울특별시 관악구 남부순환로191길 8,서울,관악구,봉천동
매드피자-구로점,"{'lat': '37.4932357', 'lng': '126.887989'}","['피자/양식', '고기/구이', '치킨', '포장', '야식']","{'average_rating': 4.9, 'count': 475, 'image_count': 396, 'reply_count': 26}",4.9,475.0,396.0,26.0,37.4932357,126.887989,서울특별시 구로구 가마산로22길 27,서울,구로구,구로동
후후마켓,"{'lat': '37.5032042', 'lng': '126.92352109'}","['피자/양식', '치킨', '1인분주문']","{'average_rating': 4.8, 'count': 13, 'image_count': 10, 'reply_count': 1}",4.8,13.0,10.0,1.0,37.5032042,126.92352109,서울특별시 동작구 대방동15가길 8,서울,동작구,대방동
던킨-신림양지병원점,"{'lat': '37.484351703921035', 'lng': '126.93283766796928'}","['카페/디저트', '프랜차이즈', '포장']","{'average_rating': 0.0, 'count': 0, 'image_count': 0, 'reply_count': 0}",0.0,0.0,0.0,0.0,37.48435170392104,126.93283766796928,서울특별시 관악구 남부순환로 1640,서울,관악구,신림동
압구정샌드위치-봉천점,"{'lat': '37.479397', 'lng': '126.94365984'}","['샐러드', '카페/디저트', '샌드위치', '포장', '프랜차이즈']","{'average_rating': 5.0, 'count': 27, 'image_count': 22, 'reply_count': 0}",5.0,27.0,22.0,0.0,37.479397,126.94365984,서울특별시 관악구 쑥고개로 66,서울,관악구,봉천동
순대국에진심인남자-직영1호점,"{'lat': '37.4873822', 'lng': '126.94822192'}","['분식', '치킨', '포장', '야식']","{'average_rating': 5.0, 'count': 263, 'image_count': 252, 'reply_count': 228}",5.0,263.0,252.0,228.0,37.4873822,126.94822192,서울특별시 관악구 은천로23길 16,서울,관악구,봉천동
더리터-신림점,"{'lat': '37.4880953', 'lng': '126.92582884'}","['카페/디저트', '프랜차이즈', '포장']","{'average_rating': 0.0, 'count': 0, 'image_count': 0, 'reply_count': 0}",0.0,0.0,0.0,0.0,37.4880953,126.92582884,서울특별시 관악구 신림로71길 46,서울,관악구,신림동
황제돈숯불고기-관악점,"{'lat': '37.4793676', 'lng': '126.9569922'}","['한식', '분식', '고기/구이', '포장', '프랜차이즈']","{'average_rating': 5.0, 'count': 3, 'image_count': 2, 'reply_count': 3}",5.0,3.0,2.0,3.0,37.4793676,126.9569922,서울특별시 관악구 남부순환로 1868,서울,관악구,봉천동
땅스즉석떡볶이-서울상도점,"{'lat': '37.4980839425101', 'lng': '126.934519054641'}","['분식', '프랜차이즈', '포장']","{'average_rating': 4.9, 'count': 250, 'image_count': 214, 'reply_count': 104}",4.9,250.0,214.0,104.0,37.4980839425101,126.934519054641,서울특별시 동작구 성대로 67,서울,동작구,상도동
선아닭발,"{'lat': '37.4992615', 'lng': '126.92738439'}","['포장', '한식', '치킨', '분식', '야식']","{'average_rating': 4.9, 'count': 45, 'image_count': 49, 'reply_count': 28}",4.9,45.0,49.0,28.0,37.4992615,126.92738439,서울특별시 동작구 여의대방로24길 131,서울,동작구,대방동
암파스타레&피자-봉천점,"{'lat': '37.4908841', 'lng': '126.93014672'}","['피자/양식', '프랜차이즈', '야식', '포장', '1인분주문']","{'average_rating': 5.0, 'count': 17, 'image_count': 18, 'reply_count': 12}",5.0,17.0,18.0,12.0,37.4908841,126.93014672,서울특별시 관악구 당곡2길 22,서울,관악구,봉천동
삼첩분식-서울구로점,"{'lat': '37.4964249406338', 'lng': '126.891952779027'}","['포장', '분식', '야식', '프랜차이즈']","{'average_rating': 4.9, 'count': 4176, 'image_count': 4351, 'reply_count': 1667}",4.9,4176.0,4351.0,1667.0,37.4964249406338,126.891952779027,서울특별시 구로구 가마산로 284,서울,구로구,구로동
아이캔리부트-서울대점,"{'lat': '37.4798472', 'lng': '126.94789647'}","['카페/디저트', '샌드위치', '샐러드', '포장']","{'average_rating': 4.9, 'count': 29, 'image_count': 42, 'reply_count': 25}",4.9,29.0,42.0,25.0,37.4798472,126.94789647,서울특별시 관악구 청룡7길 33,서울,관악구,봉천동
인생BBQ-양키고기-관악점,"{'lat': '37.4779272', 'lng': '126.96073671'}","['한식', '고기/구이', '도시락/죽', '포장', '야식', '1인분주문']","{'average_rating': 5.0, 'count': 905, 'image_count': 755, 'reply_count': 738}",5.0,905.0,755.0,738.0,37.4779272,126.96073671,서울특별시 관악구 남부순환로 1904,서울,관악구,봉천동
엘리앤크리스 피자,"{'lat': '37.4990877', 'lng': '126.92561132'}","['피자/양식', '샐러드', '포장']","{'average_rating': 5.0, 'count': 92, 'image_count': 86, 'reply_count': 16}",5.0,92.0,86.0,16.0,37.4990877,126.92561132,서울특별시 동작구 여의대방로24길 101,서울,동작구,대방동
전복죽전복장진짜전복,"{'lat': '37.50407497165323', 'lng': '126.94265311505544'}","['한식', '도시락/죽', '찜/탕', '다회용기']","{'average_rating': 4.9, 'count': 356, 'image_count': 246, 'reply_count': 89}",4.9,356.0,246.0,89.0,37.50407497165323,126.94265311505544,서울특별시 동작구 상도로30길 40,서울,동작구,상도동
덮밥한입만-본점,"{'lat': '37.4856533', 'lng': '126.95747498'}","['한식', '포장', '신규맛집']","{'average_rating': 0.0, 'count': 0, 'image_count': 0, 'reply_count': 0}",0.0,0.0,0.0,0.0,37.4856533,126.95747498,서울특별시 관악구 관악로24길 68,서울,관악구,봉천동
처갓집양념치킨-행운점,"{'lat': '37.4859121', 'lng': '126.95687489'}","['야식', '치킨', '포장', '프랜차이즈', '신규맛집']","{'average_rating': 5.0, 'count': 1, 'image_count': 1, 'reply_count': 0}",5.0,1.0,1.0,0.0,37.4859121,126.95687489,서울특별시 관악구 관악로 244,서울,관악구,봉천동
수현이네옛날통닭-신림점,"{'lat': '37.4864579', 'lng': '126.92993797'}","['야식', '치킨']","{'average_rating': 4.6, 'count': 22, 'image_count': 15, 'reply_count': 0}",4.6,22.0,15.0,0.0,37.4864579,126.92993797,서울특별시 관악구 신림로68길 10,서울,관악구,신림동
탕화쿵푸마라탕-독산점,"{'lat': '37.4689512', 'lng': '126.90125725'}","['중국집', '찜/탕', '아시안', '포장', '프랜차이즈']","{'average_rating': 5.0, 'count': 173, 'image_count': 137, 'reply_count': 1}",5.0,173.0,137.0,1.0,37.4689512,126.90125725,서울특별시 금천구 독산로75길 19,서울,금천구,독산동
만성찬팅,"{'lat': '37.4830779561699', 'lng': '126.930413359378'}",['중국집'],"{'average_rating': 0.0, 'count': 0, 'image_count': 0, 'reply_count': 0}",0.0,0.0,0.0,0.0,37.4830779561699,126.930413359378,서울특별시 관악구 신림로 322-4,서울,관악구,신림동
휘가로,"{'lat': '37.4695928', 'lng': '126.93872468'}","['포장', '한식', '야식', '고기/구이', '찜/탕']","{'average_rating': 4.9, 'count': 512, 'image_count': 525, 'reply_count': 486}",4.9,512.0,525.0,486.0,37.4695928,126.93872468,서울특별시 관악구 신림로11길 20,서울,관악구,신림동
직접구운족발-대방직영점,"{'lat': '37.5084854', 'lng': '126.93165432'}","['한식', '고기/구이', '족발/보쌈', '1인분주문']","{'average_rating': 4.9, 'count': 179, 'image_count': 165, 'reply_count': 176}",4.9,179.0,165.0,176.0,37.5084854,126.93165432,서울특별시 동작구 여의대방로36길 102,서울,동작구,대방동
고래카레-신대방점,"{'lat': '37.4902044', 'lng': '126.90835727'}","['분식', '일식/돈까스', '야식', '포장']","{'average_rating': 5.0, 'count': 1, 'image_count': 1, 'reply_count': 0}",5.0,1.0,1.0,0.0,37.4902044,126.90835727,서울특별시 동작구 신대방길 111,서울,동작구,신대방동
기막힌포차&수육,"{'lat': '37.4824907', 'lng': '126.93102758'}","['한식', '족발/보쌈', '찜/탕']","{'average_rating': 4.9, 'count': 21, 'image_count': 17, 'reply_count': 0}",4.9,21.0,17.0,0.0,37.4824907,126.93102758,서울특별시 관악구 신림로58길 21,서울,관악구,신림동
토닭토닭-봉천점,"{'lat': '37.4868774', 'lng': '126.95812394'}","['찜/탕', '한식', '포장', '프랜차이즈']","{'average_rating': 4.9, 'count': 33, 'image_count': 31, 'reply_count': 1}",4.9,33.0,31.0,1.0,37.4868774,126.95812394,서울특별시 관악구 청림2길 36,서울,관악구,봉천동
파리바게뜨-신대방삼거리역점,"{'lat': '37.4987653', 'lng': '126.9288979'}","['카페/디저트', '프랜차이즈', '샌드위치']","{'average_rating': 0.0, 'count': 0, 'image_count': 0, 'reply_count': 0}",0.0,0.0,0.0,0.0,37.4987653,126.9288979,서울특별시 동작구 국사봉1길 4,서울,동작구,상도동
덮덮밥-서울구로점,"{'lat': '37.4976917615254', 'lng': '126.892254704599'}","['포장', '한식', '프랜차이즈', '도시락/죽']","{'average_rating': 4.9, 'count': 1768, 'image_count': 1581, 'reply_count': 1386}",4.9,1768.0,1581.0,1386.0,37.4976917615254,126.892254704599,서울특별시 구로구 공원로 3,서울,구로구,구로동
고기반김치반반반김치찜-신림점,"{'lat': '37.4685704', 'lng': '126.93726426'}","['찜/탕', '한식', '고기/구이', '야식', '포장', '프랜차이즈']","{'average_rating': 4.8, 'count': 5, 'image_count': 7, 'reply_count': 3}",4.8,5.0,7.0,3.0,37.4685704,126.93726426,서울특별시 관악구 호암로22길 81,서울,관악구,신림동
스택빈-신림봉천점,"{'lat': '37.4841364', 'lng': '126.93906159'}","['카페/디저트', '포장', '야식', '샌드위치']","{'average_rating': 5.0, 'count': 3, 'image_count': 2, 'reply_count': 2}",5.0,3.0,2.0,2.0,37.4841364,126.93906159,서울특별시 관악구 봉천로 352,서울,관악구,봉천동
처갓집양념치킨-서울대입구점,"{'lat': '37.4797249', 'lng': '126.94838435'}","['치킨', '포장', '프랜차이즈']","{'average_rating': 4.9, 'count': 14, 'image_count': 10, 'reply_count': 0}",4.9,14.0,10.0,0.0,37.4797249,126.94838435,서울특별시 관악구 청룡7길 41,서울,관악구,봉천동
죽의신-본점,"{'lat': '37.4804264', 'lng': '126.90189644'}","['한식', '도시락/죽', '포장', '프랜차이즈']","{'average_rating': 5.0, 'count': 57, 'image_count': 56, 'reply_count': 57}",5.0,57.0,56.0,57.0,37.4804264,126.90189644,서울특별시 관악구 시흥대로160길 38,서울,관악구,신림동
커리&오므라이스,"{'lat': '37.4839695', 'lng': '126.95558387'}","['한식', '일식/돈까스', '포장']","{'average_rating': 4.8, 'count': 26, 'image_count': 35, 'reply_count': 24}",4.8,26.0,35.0,24.0,37.4839695,126.95558387,서울특별시 관악구 관악로24길 14,서울,관악구,봉천동
홍익팔뚝금밥,"{'lat': '37.4694400154917', 'lng': '126.936646346676'}","['분식', '포장']","{'average_rating': 4.9, 'count': 331, 'image_count': 293, 'reply_count': 118}",4.9,331.0,293.0,118.0,37.4694400154917,126.936646346676,서울특별시 관악구 호암로24길 63,서울,관악구,신림동
순삭닭강정-관악점,"{'lat': '37.4793391391712', 'lng': '126.949015513263'}","['프랜차이즈', '치킨', '포장']","{'average_rating': 4.9, 'count': 885, 'image_count': 802, 'reply_count': 291}",4.9,885.0,802.0,291.0,37.4793391391712,126.949015513263,서울특별시 관악구 쑥고개로 111,서울,관악구,봉천동
성대생우동짜장-본점,"{'lat': '37.4879641', 'lng': '126.91140552'}","['분식', '한식', '포장', '야식']","{'average_rating': 4.8, 'count': 1413, 'image_count': 1207, 'reply_count': 51}",4.8,1413.0,1207.0,51.0,37.4879641,126.91140552,서울특별시 동작구 신대방길 21,서울,동작구,신대방동
시카고부대찌개-봉천점,"{'lat': '37.4775841072818', 'lng': '126.959079586188'}","['찜/탕', '한식', '프랜차이즈', '포장']","{'average_rating': 4.9, 'count': 638, 'image_count': 466, 'reply_count': 104}",4.9,638.0,466.0,104.0,37.4775841072818,126.959079586188,서울특별시 관악구 낙성대로 12,서울,관악구,봉천동
땅스즉석떡볶이-난곡점,"{'lat': '37.4742384791911', 'lng': '126.91958345092'}","['분식', '프랜차이즈']","{'average_rating': 4.9, 'count': 90, 'image_count': 81, 'reply_count': 90}",4.9,90.0,81.0,90.0,37.4742384791911,126.91958345092,서울특별시 관악구 법원단지길 34,서울,관악구,신림동
상도휴게소,"{'lat': '37.495398', 'lng': '126.95083851'}","['한식', '분식', '포장']","{'average_rating': 5.0, 'count': 14, 'image_count': 19, 'reply_count': 13}",5.0,14.0,19.0,13.0,37.495398,126.95083851,서울특별시 동작구 상도로 346-1,서울,동작구,상도동
뱃살도둑샐러드&과일-신대방삼거리점,"{'lat': '37.4985598', 'lng': '126.92608257'}","['샐러드', '카페/디저트', '도시락/죽', '포장', '프랜차이즈']","{'average_rating': 4.4, 'count': 7, 'image_count': 4, 'reply_count': 5}",4.4,7.0,4.0,5.0,37.4985598,126.92608257,서울특별시 동작구 여의대방로22길 121,서울,동작구,신대방동
밥마라떡볶이-신림본점,"{'lat': '37.4837778', 'lng': '126.94018822'}","['한식', '분식', '고기/구이', '포장']","{'average_rating': 0.0, 'count': 0, 'image_count': 0, 'reply_count': 0}",0.0,0.0,0.0,0.0,37.4837778,126.94018822,서울특별시 관악구 봉천로 362-1,서울,관악구,봉천동
그릿커피랩,"{'lat': '37.4793071388502', 'lng': '126.947707376594'}","['카페/디저트', '야식', '샌드위치']","{'average_rating': 4.9, 'count': 843, 'image_count': 596, 'reply_count': 832}",4.9,843.0,596.0,832.0,37.4793071388502,126.947707376594,서울특별시 관악구 쑥고개로 99,서울,관악구,봉천동
어쩌다식당,"{'lat': '37.4690508', 'lng': '126.93458726'}","['찜/탕', '한식', '일식/돈까스', '포장', '야식']","{'average_rating': 5.0, 'count': 5, 'image_count': 2, 'reply_count': 5}",5.0,5.0,2.0,5.0,37.4690508,126.93458726,서울특별시 관악구 신림로23길 42,서울,관악구,신림동
라바게트샌드위치&커피-신림,"{'lat': '37.4767829', 'lng': '126.93632618'}","['카페/디저트', '포장', '프랜차이즈']","{'average_rating': 5.0, 'count': 4, 'image_count': 2, 'reply_count': 2}",5.0,4.0,2.0,2.0,37.4767829,126.93632618,서울특별시 관악구 신림로 221-4,서울,관악구,신림동
호식이두마리치킨-난곡점,"{'lat': '37.4627908233644', 'lng': '126.917308064132'}","['프랜차이즈', '치킨', '포장']","{'average_rating': 4.9, 'count': 2917, 'image_count': 2491, 'reply_count': 986}",4.9,2917.0,2491.0,986.0,37.4627908233644,126.917308064132,서울특별시 관악구 난향5길 2,서울,관악구,신림동
부대찌개대사관-구로디지털본점,"{'lat': '37.4865551', 'lng': '126.89616212'}","['찜/탕', '한식', '아시안', '포장']","{'average_rating': 4.9, 'count': 111, 'image_count': 97, 'reply_count': 0}",4.9,111.0,97.0,0.0,37.4865551,126.89616212,서울특별시 구로구 디지털로33길 12,서울,구로구,구로동
압구정샌드위치-신대방역점,"{'lat': '37.4875228', 'lng': '126.90689909'}","['카페/디저트', '샌드위치', '포장', '프랜차이즈']","{'average_rating': 4.8, 'count': 25, 'image_count': 21, 'reply_count': 0}",4.8,25.0,21.0,0.0,37.4875228,126.90689909,서울특별시 동작구 신대방1가길 38,서울,동작구,신대방동
명랑한찜닭-본사직영점,"{'lat': '37.4775841072818', 'lng': '126.959079586188'}","['포장', '한식', '프랜차이즈', '찜/탕']","{'average_rating': 4.9, 'count': 4446, 'image_count': 3852, 'reply_count': 172}",4.9,4446.0,3852.0,172.0,37.4775841072818,126.959079586188,서울특별시 관악구 낙성대로 12,서울,관악구,봉천동
커피인더문,"{'lat': '37.4751283', 'lng': '126.91483154'}","['카페/디저트', '포장']","{'average_rating': 5.0, 'count': 4, 'image_count': 4, 'reply_count': 0}",5.0,4.0,4.0,0.0,37.4751283,126.91483154,서울특별시 관악구 문성로16가길 46,서울,관악구,신림동
봉순이네,"{'lat': '37.4839231', 'lng': '126.95304372'}","['한식', '포장']","{'average_rating': 4.8, 'count': 27, 'image_count': 13, 'reply_count': 0}",4.8,27.0,13.0,0.0,37.4839231,126.95304372,서울특별시 관악구 중앙길 25,서울,관악구,봉천동
김밥천국-상도점,"{'lat': '37.5014617', 'lng': '126.93735789'}","['한식', '분식', '일식/돈까스', '프랜차이즈', '포장']","{'average_rating': 4.4, 'count': 267, 'image_count': 234, 'reply_count': 149}",4.4,267.0,234.0,149.0,37.5014617,126.93735789,서울특별시 동작구 성대로31길 71,서울,동작구,상도동
미스터용차이나버거,"{'lat': '37.472457', 'lng': '126.90070831'}","['중국집', '버거', '아시안', '포장']","{'average_rating': 4.8, 'count': 57, 'image_count': 41, 'reply_count': 1}",4.8,57.0,41.0,1.0,37.472457,126.90070831,서울특별시 금천구 독산로85길 37,서울,금천구,독산동
강릉초당짬뽕순두부-숭실대점,"{'lat': '37.49521131924362', 'lng': '126.9562484371025'}","['중국집', '한식', '포장', '프랜차이즈']","{'average_rating': 4.8, 'count': 339, 'image_count': 330, 'reply_count': 233}",4.8,339.0,330.0,233.0,37.49521131924362,126.9562484371025,서울특별시 동작구 사당로 18,서울,동작구,상도동
"행담과,행복을담은과일전문","{'lat': '37.4875228417745', 'lng': '126.906899086208'}","['포장', '카페/디저트']","{'average_rating': 4.0, 'count': 2, 'image_count': 1, 'reply_count': 1}",4.0,2.0,1.0,1.0,37.4875228417745,126.906899086208,서울특별시 동작구 신대방1가길 38,서울,동작구,신대방동
국제수산-노량진점,"{'lat': '37.5152901006846', 'lng': '126.942080203222'}","['포장', '일식/돈까스', '회/초밥']","{'average_rating': 4.9, 'count': 147, 'image_count': 114, 'reply_count': 0}",4.9,147.0,114.0,0.0,37.5152901006846,126.942080203222,서울특별시 동작구 노들로 688,서울,동작구,노량진동
치킨만팔아요,"{'lat': '37.4894119379892', 'lng': '126.947725807949'}","['치킨', '분식', '포장', '야식']","{'average_rating': 4.9, 'count': 99, 'image_count': 81, 'reply_count': 40}",4.9,99.0,81.0,40.0,37.4894119379892,126.947725807949,서울특별시 관악구 구암길 33,서울,관악구,봉천동
매튜의푸드중독,"{'lat': '37.4838235', 'lng': '126.95555316'}","['분식', '카페/디저트', '야식', '포장']","{'average_rating': 4.8, 'count': 53, 'image_count': 47, 'reply_count': 52}",4.8,53.0,47.0,52.0,37.4838235,126.95555316,서울특별시 관악구 관악로24길 14,서울,관악구,봉천동
덮다,"{'lat': '37.4780029', 'lng': '126.95261932'}","['포장', '한식', '고기/구이']","{'average_rating': 4.9, 'count': 578, 'image_count': 443, 'reply_count': 348}",4.9,578.0,443.0,348.0,37.4780029,126.95261932,서울특별시 관악구 관악로 144,서울,관악구,봉천동
로우팻다이어트고기야채샤브찜,"{'lat': '37.4802817', 'lng': '126.95471668'}","['찜/탕', '한식', '고기/구이', '포장']","{'average_rating': 5.0, 'count': 23, 'image_count': 17, 'reply_count': 0}",5.0,23.0,17.0,0.0,37.4802817,126.95471668,서울특별시 관악구 남부순환로 1844,서울,관악구,봉천동
이얼싼마라탕-봉천점,"{'lat': '37.4861422135338', 'lng': '126.947285509728'}","['중국집', '분식', '아시안', '포장']","{'average_rating': 4.9, 'count': 21, 'image_count': 17, 'reply_count': 14}",4.9,21.0,17.0,14.0,37.4861422135338,126.947285509728,서울특별시 관악구 양녕로 46,서울,관악구,봉천동
그시절마라탕,"{'lat': '37.4940746', 'lng': '126.8953916'}","['중국집', '찜/탕', '아시안', '포장', '신규맛집']","{'average_rating': 0.0, 'count': 0, 'image_count': 0, 'reply_count': 0}",0.0,0.0,0.0,0.0,37.4940746,126.8953916,서울특별시 영등포구 대림로29길 42,서울,영등포구,대림동
덜덜치킨-영등포본점,"{'lat': '37.5059472', 'lng': '126.91237162'}","['치킨', '포장', '야식', '1인분주문']","{'average_rating': 4.8, 'count': 378, 'image_count': 355, 'reply_count': 241}",4.8,378.0,355.0,241.0,37.5059472,126.91237162,서울특별시 영등포구 신길로38길 11,서울,영등포구,신길동
카페레이어&베이커리3호점,"{'lat': '37.4870239', 'lng': '126.92814199'}","['카페/디저트', '포장']","{'average_rating': 0.0, 'count': 0, 'image_count': 0, 'reply_count': 0}",0.0,0.0,0.0,0.0,37.4870239,126.92814199,서울특별시 관악구 신림동1길 8,서울,관악구,신림동
서민제육-관악점,"{'lat': '37.4793676', 'lng': '126.9569922'}","['한식', '분식', '고기/구이', '포장', '프랜차이즈']","{'average_rating': 4.8, 'count': 17, 'image_count': 13, 'reply_count': 17}",4.8,17.0,13.0,17.0,37.4793676,126.9569922,서울특별시 관악구 남부순환로 1868,서울,관악구,봉천동
네네치킨-봉천현대점,"{'lat': '37.48279082245', 'lng': '126.949189597765'}","['야식', '프랜차이즈', '치킨', '포장']","{'average_rating': 4.8, 'count': 1103, 'image_count': 793, 'reply_count': 11}",4.8,1103.0,793.0,11.0,37.48279082245,126.949189597765,서울특별시 관악구 봉천로 441,서울,관악구,봉천동
덕뽀리오리바베큐-관악점,"{'lat': '37.4879659', 'lng': '126.9467491'}","['한식', '족발/보쌈', '야식', '프랜차이즈', '포장']","{'average_rating': 4.5, 'count': 27, 'image_count': 17, 'reply_count': 7}",4.5,27.0,17.0,7.0,37.4879659,126.9467491,서울특별시 관악구 양녕로 66,서울,관악구,봉천동
포차종점,"{'lat': '37.4632631', 'lng': '126.91871338'}","['찜/탕', '한식', '치킨', '포장', '야식']","{'average_rating': 0.0, 'count': 0, 'image_count': 0, 'reply_count': 0}",0.0,0.0,0.0,0.0,37.4632631,126.91871338,서울특별시 관악구 난곡로 89-3,서울,관악구,신림동
바다수다,"{'lat': '37.4796152708958', 'lng': '126.944760068997'}","['일식/돈까스', '포장', '한식', '회/초밥']","{'average_rating': 5.0, 'count': 5, 'image_count': 6, 'reply_count': 3}",5.0,5.0,6.0,3.0,37.4796152708958,126.944760068997,서울특별시 관악구 쑥고개로 73-1,서울,관악구,봉천동
예이KEEPEATING-본점,"{'lat': '37.4867736', 'lng': '126.93075265'}","['피자/양식', '분식', '고기/구이', '포장']","{'average_rating': 4.9, 'count': 470, 'image_count': 401, 'reply_count': 51}",4.9,470.0,401.0,51.0,37.4867736,126.93075265,서울특별시 관악구 신림로68길 25,서울,관악구,신림동
하우돈곱창-보라매점,"{'lat': '37.4984829', 'lng': '126.92085967'}","['포장', '한식', '야식', '프랜차이즈', '고기/구이']","{'average_rating': 4.7, 'count': 236, 'image_count': 183, 'reply_count': 58}",4.7,236.0,183.0,58.0,37.4984829,126.92085967,서울특별시 동작구 여의대방로24가길 5,서울,동작구,대방동
피나치공-서울신길점,"{'lat': '37.5087207', 'lng': '126.91352368'}","['피자/양식', '프랜차이즈', '치킨', '포장']","{'average_rating': 4.7, 'count': 198, 'image_count': 132, 'reply_count': 105}",4.7,198.0,132.0,105.0,37.5087207,126.91352368,서울특별시 영등포구 도신로48길 28,서울,영등포구,신길동
BRsingles-난곡점,"{'lat': '37.4736839', 'lng': '126.91785411'}","['카페/디저트', '프랜차이즈', '포장', '1인분주문']","{'average_rating': 0.0, 'count': 0, 'image_count': 0, 'reply_count': 0}",0.0,0.0,0.0,0.0,37.4736839,126.91785411,서울특별시 관악구 난곡로 213,서울,관악구,신림동
브레드89(BREAD89),"{'lat': '37.5010768', 'lng': '126.91886732'}","['카페/디저트', '샌드위치', '포장']","{'average_rating': 0.0, 'count': 0, 'image_count': 0, 'reply_count': 0}",0.0,0.0,0.0,0.0,37.5010768,126.91886732,서울특별시 영등포구 신풍로25가길 10,서울,영등포구,신길동
고기주는우동집-구로디지털단지점,"{'lat': '37.483134', 'lng': '126.90028905'}","['한식', '고기/구이', '일식/돈까스', '야식', '1인분주문']","{'average_rating': 4.0, 'count': 6, 'image_count': 6, 'reply_count': 0}",4.0,6.0,6.0,0.0,37.483134,126.90028905,서울특별시 구로구 디지털로32길 91,서울,구로구,구로동
샐러드park,"{'lat': '37.5109224', 'lng': '126.94513047'}","['피자/양식', '샐러드', '한식', '포장']","{'average_rating': 5.0, 'count': 14, 'image_count': 12, 'reply_count': 2}",5.0,14.0,12.0,2.0,37.5109224,126.94513047,서울특별시 동작구 만양로 84,서울,동작구,노량진동
양식당수제돈까스&파스타전문점,"{'lat': '37.4989724', 'lng': '126.93958825'}","['피자/양식', '일식/돈까스']","{'average_rating': 5.0, 'count': 520, 'image_count': 462, 'reply_count': 69}",5.0,520.0,462.0,69.0,37.4989724,126.93958825,서울특별시 동작구 성대로 167,서울,동작구,상도동
욕심쟁이 고기덮밥-관악직영점,"{'lat': '37.483194516786824', 'lng': '126.94515672134224'}","['한식', '야식', '도시락/죽', '포장']","{'average_rating': 0.0, 'count': 0, 'image_count': 0, 'reply_count': 0}",0.0,0.0,0.0,0.0,37.48319451678682,126.94515672134224,서울특별시 관악구 봉천로 407,서울,관악구,봉천동
산골칡냉면-관악점,"{'lat': '37.4727900269176', 'lng': '126.93892075958'}","['한식', '분식', '찜/탕', '프랜차이즈']","{'average_rating': 4.5, 'count': 276, 'image_count': 129, 'reply_count': 5}",4.5,276.0,129.0,5.0,37.4727900269176,126.93892075958,서울특별시 관악구 서림길 78,서울,관악구,신림동
미친제육,"{'lat': '37.4859944', 'lng': '126.92117477'}","['찜/탕', '한식', '고기/구이', '야식', '포장', '1인분주문']","{'average_rating': 4.9, 'count': 28, 'image_count': 24, 'reply_count': 22}",4.9,28.0,24.0,22.0,37.4859944,126.92117477,서울특별시 관악구 조원로 170,서울,관악구,신림동
기영이숯불두마리치킨-남구로점,"{'lat': '37.487789', 'lng': '126.88639508'}","['고기/구이', '프랜차이즈', '치킨', '포장']","{'average_rating': 4.9, 'count': 800, 'image_count': 703, 'reply_count': 735}",4.9,800.0,703.0,735.0,37.487789,126.88639508,서울특별시 구로구 구로동로18길 33,서울,구로구,구로동
봉구스밥버거-신림2점,"{'lat': '37.4703086', 'lng': '126.93906595'}","['한식', '버거', '분식', '프랜차이즈']","{'average_rating': 0.0, 'count': 0, 'image_count': 0, 'reply_count': 0}",0.0,0.0,0.0,0.0,37.4703086,126.93906595,서울특별시 관악구 신림로 91,서울,관악구,신림동
메가MGC커피-신림역도림천점,"{'lat': '37.4842659', 'lng': '126.92815599'}","['카페/디저트', '프랜차이즈']","{'average_rating': 0.0, 'count': 0, 'image_count': 0, 'reply_count': 0}",0.0,0.0,0.0,0.0,37.4842659,126.92815599,서울특별시 관악구 남부순환로 1599,서울,관악구,신림동
백소정-보라매점,"{'lat': '37.4912752', 'lng': '126.92409466'}","['피자/양식', '한식', '일식/돈까스', '포장', '프랜차이즈']","{'average_rating': 5.0, 'count': 24, 'image_count': 25, 'reply_count': 0}",5.0,24.0,25.0,0.0,37.4912752,126.92409466,서울특별시 동작구 보라매로5가길 16,서울,동작구,신대방동
가마솥도시락&한식,"{'lat': '37.4686969991815', 'lng': '126.940417522828'}","['한식', '일식/돈까스', '치킨']","{'average_rating': 4.8, 'count': 30, 'image_count': 27, 'reply_count': 9}",4.8,30.0,27.0,9.0,37.4686969991815,126.940417522828,서울특별시 관악구 대학7길 49,서울,관악구,신림동
본죽앤비빔밥-봉천역점,"{'lat': '37.48248925866154', 'lng': '126.9436050971812'}","['한식', '프랜차이즈', '도시락/죽', '1인분주문']","{'average_rating': 4.9, 'count': 11, 'image_count': 9, 'reply_count': 2}",4.9,11.0,9.0,2.0,37.48248925866154,126.9436050971812,서울특별시 관악구 남부순환로 1741,서울,관악구,봉천동
대만족-신풍역점,"{'lat': '37.4995976257489', 'lng': '126.908271472178'}","['포장', '족발/보쌈', '야식', '프랜차이즈']","{'average_rating': 4.9, 'count': 1386, 'image_count': 1225, 'reply_count': 6}",4.9,1386.0,1225.0,6.0,37.4995976257489,126.908271472178,서울특별시 영등포구 대방천로 155,서울,영등포구,신길동
33떡볶이&꼬마김밥-대방점,"{'lat': '37.5126673', 'lng': '126.9308006'}","['찜/탕', '한식', '분식', '프랜차이즈', '포장']","{'average_rating': 0.0, 'count': 0, 'image_count': 0, 'reply_count': 0}",0.0,0.0,0.0,0.0,37.5126673,126.9308006,서울특별시 동작구 등용로 127,서울,동작구,대방동
삼백집삼계탕백숙잘하는집,"{'lat': '37.4752599', 'lng': '126.96669618'}","['찜/탕', '한식', '포장']","{'average_rating': 5.0, 'count': 16, 'image_count': 12, 'reply_count': 0}",5.0,16.0,12.0,0.0,37.4752599,126.96669618,서울특별시 관악구 인헌2길 8-2,서울,관악구,봉천동
레어베이글,"{'lat': '37.4802817', 'lng': '126.95471668'}","['피자/양식', '버거', '카페/디저트', '포장']","{'average_rating': 5.0, 'count': 8, 'image_count': 6, 'reply_count': 0}",5.0,8.0,6.0,0.0,37.4802817,126.95471668,서울특별시 관악구 남부순환로 1844,서울,관악구,봉천동
피자다오-샤로수길점,"{'lat': '37.4788881', 'lng': '126.95418622'}","['피자/양식', '포장', '프랜차이즈']","{'average_rating': 4.9, 'count': 19, 'image_count': 21, 'reply_count': 1}",4.9,19.0,21.0,1.0,37.4788881,126.95418622,서울특별시 관악구 관악로14길 30,서울,관악구,봉천동
서울3대닭갈비신림춘천집-구디직영점,"{'lat': '37.4840542054706', 'lng': '126.899820028035'}","['한식', '고기/구이']","{'average_rating': 4.5, 'count': 51, 'image_count': 41, 'reply_count': 0}",4.5,51.0,41.0,0.0,37.4840542054706,126.899820028035,서울특별시 구로구 디지털로32나길 17-23,서울,구로구,구로동
닭발촌이야기속으로,"{'lat': '37.4749453215701', 'lng': '126.937380763315'}","['포장', '한식', '야식']","{'average_rating': 4.8, 'count': 243, 'image_count': 134, 'reply_count': 197}",4.8,243.0,134.0,197.0,37.4749453215701,126.937380763315,서울특별시 관악구 신림로32길 9-2,서울,관악구,신림동
뚜선장쭈꾸미호-관악점,"{'lat': '37.4686183', 'lng': '126.93559228'}","['고기/구이', '야식', '포장', '한식', '분식', '프랜차이즈']","{'average_rating': 4.6, 'count': 5, 'image_count': 2, 'reply_count': 0}",4.6,5.0,2.0,0.0,37.4686183,126.93559228,서울특별시 관악구 호암로22길 52,서울,관악구,신림동
봉이전-서울대입구점,"{'lat': '37.4826031611477', 'lng': '126.952707109175'}","['한식', '야식']","{'average_rating': 4.7, 'count': 96, 'image_count': 65, 'reply_count': 6}",4.7,96.0,65.0,6.0,37.4826031611477,126.952707109175,서울특별시 관악구 봉천로 473-5,서울,관악구,봉천동
계란폭탄키토김밥헬키푸키-서울대벤처타운역점,"{'lat': '37.4717207', 'lng': '126.93451986'}","['샐러드', '한식', '분식', '포장', '프랜차이즈']","{'average_rating': 4.8, 'count': 165, 'image_count': 175, 'reply_count': 139}",4.8,165.0,175.0,139.0,37.4717207,126.93451986,서울특별시 관악구 신림로 138,서울,관악구,신림동
달콤한설렘,"{'lat': '37.4912113', 'lng': '126.92499033'}","['카페/디저트', '포장']","{'average_rating': 0.0, 'count': 0, 'image_count': 0, 'reply_count': 0}",0.0,0.0,0.0,0.0,37.4912113,126.92499033,서울특별시 동작구 보라매로3길 29,서울,동작구,신대방동
처갓집양념치킨-노량진점,"{'lat': '37.5122687', 'lng': '126.93749071'}","['치킨', '포장', '프랜차이즈', '신규맛집']","{'average_rating': 0.0, 'count': 0, 'image_count': 0, 'reply_count': 0}",0.0,0.0,0.0,0.0,37.5122687,126.93749071,서울특별시 동작구 노량진로10길 26,서울,동작구,노량진동
단정,"{'lat': '37.5043047', 'lng': '126.9365963'}","['카페/디저트', '포장']","{'average_rating': 0.0, 'count': 0, 'image_count': 0, 'reply_count': 0}",0.0,0.0,0.0,0.0,37.5043047,126.9365963,서울특별시 동작구 상도로15길 104,서울,동작구,상도동
배스킨라빈스-난곡점,"{'lat': '37.4736839', 'lng': '126.91785411'}","['카페/디저트', '프랜차이즈', '포장']","{'average_rating': 5.0, 'count': 7, 'image_count': 6, 'reply_count': 0}",5.0,7.0,6.0,0.0,37.4736839,126.91785411,서울특별시 관악구 난곡로 213,서울,관악구,신림동
가마솥도시락&서울대맛집,"{'lat': '37.4686969991815', 'lng': '126.940417522828'}","['한식', '일식/돈까스', '치킨']","{'average_rating': 4.2, 'count': 22, 'image_count': 2, 'reply_count': 5}",4.2,22.0,2.0,5.0,37.4686969991815,126.940417522828,서울특별시 관악구 대학7길 49,서울,관악구,신림동
포케올데이샐러드&도시락-가산퍼블릭점,"{'lat': '37.4758801', 'lng': '126.88687132'}","['피자/양식', '샐러드', '카페/디저트', '포장', '프랜차이즈']","{'average_rating': 5.0, 'count': 110, 'image_count': 109, 'reply_count': 109}",5.0,110.0,109.0,109.0,37.4758801,126.88687132,서울특별시 금천구 디지털로 178,서울,금천구,가산동
귀한족발-신길점,"{'lat': '37.5112565', 'lng': '126.91701327'}","['족발/보쌈', '프랜차이즈']","{'average_rating': 5.0, 'count': 5257, 'image_count': 5187, 'reply_count': 5180}",5.0,5257.0,5187.0,5180.0,37.5112565,126.91701327,서울특별시 영등포구 도신로60길 8,서울,영등포구,신길동
계란폭탄키토김밥&떡볶이&덮밥헬키푸키-서울대벤처타운역점,"{'lat': '37.4717207', 'lng': '126.93451986'}","['샐러드', '한식', '분식', '포장']","{'average_rating': 4.9, 'count': 56, 'image_count': 60, 'reply_count': 51}",4.9,56.0,60.0,51.0,37.4717207,126.93451986,서울특별시 관악구 신림로 138,서울,관악구,신림동
원조가야밀면-독산점,"{'lat': '37.4690629', 'lng': '126.90132981'}","['한식', '분식', '고기/구이', '포장', '1인분주문']","{'average_rating': 4.6, 'count': 5, 'image_count': 7, 'reply_count': 2}",4.6,5.0,7.0,2.0,37.4690629,126.90132981,서울특별시 금천구 독산로75길 20,서울,금천구,독산동
99육회본가-본점,"{'lat': '37.483134', 'lng': '126.90028905'}","['한식', '고기/구이', '일식/돈까스', '야식', '1인분주문']","{'average_rating': 4.7, 'count': 92, 'image_count': 68, 'reply_count': 15}",4.7,92.0,68.0,15.0,37.483134,126.90028905,서울특별시 구로구 디지털로32길 91,서울,구로구,구로동
토핑직화닭발-동작본점,"{'lat': '37.506281926912266', 'lng': '126.93244853747646'}","['한식', '일식/돈까스', '야식', '포장']","{'average_rating': 5.0, 'count': 1, 'image_count': 1, 'reply_count': 0}",5.0,1.0,1.0,0.0,37.506281926912266,126.93244853747646,서울특별시 동작구 등용로 57,서울,동작구,대방동
봉이돈까스,"{'lat': '37.4818174208374', 'lng': '126.944970115536'}","['한식', '일식/돈까스', '분식', '1인분주문']","{'average_rating': 4.8, 'count': 785, 'image_count': 493, 'reply_count': 449}",4.8,785.0,493.0,449.0,37.4818174208374,126.944970115536,서울특별시 관악구 남부순환로 1754,서울,관악구,봉천동
당인가대반점,"{'lat': '37.4888957', 'lng': '126.89955674'}","['중국집', '고기/구이', '포장']","{'average_rating': 0.0, 'count': 0, 'image_count': 0, 'reply_count': 0}",0.0,0.0,0.0,0.0,37.4888957,126.89955674,서울특별시 영등포구 디지털로 350,서울,영등포구,대림동
그릭하다-서울대입구역점,"{'lat': '37.4781219', 'lng': '126.95375105'}","['카페/디저트', '프랜차이즈']","{'average_rating': 5.0, 'count': 7, 'image_count': 6, 'reply_count': 1}",5.0,7.0,6.0,1.0,37.4781219,126.95375105,서울특별시 관악구 관악로12길 23,서울,관악구,봉천동
함박정-구로디지털점,"{'lat': '37.4822005', 'lng': '126.89779755'}","['한식', '포장', '피자/양식', '고기/구이']","{'average_rating': 4.6, 'count': 5, 'image_count': 5, 'reply_count': 2}",4.6,5.0,5.0,2.0,37.4822005,126.89779755,서울특별시 구로구 디지털로26길 110,서울,구로구,구로동
키토김밥&브리또&덮밥&샐러드저당고단백헬키푸키-서울대벤처타운역점,"{'lat': '37.4717207', 'lng': '126.93451986'}","['샐러드', '한식', '분식', '포장']","{'average_rating': 4.8, 'count': 29, 'image_count': 27, 'reply_count': 27}",4.8,29.0,27.0,27.0,37.4717207,126.93451986,서울특별시 관악구 신림로 138,서울,관악구,신림동
수현이네닭강정,"{'lat': '37.4864579', 'lng': '126.92993797'}","['야식', '치킨']","{'average_rating': 4.8, 'count': 174, 'image_count': 135, 'reply_count': 0}",4.8,174.0,135.0,0.0,37.4864579,126.92993797,서울특별시 관악구 신림로68길 10,서울,관악구,신림동
육곱하기,"{'lat': '37.4999509', 'lng': '126.91227084'}","['한식', '야식', '고기/구이', '포장', '찜/탕']","{'average_rating': 4.8, 'count': 88, 'image_count': 76, 'reply_count': 0}",4.8,88.0,76.0,0.0,37.4999509,126.91227084,서울특별시 영등포구 신풍로 56-1,서울,영등포구,신길동
본죽앤비빔밥-신대방삼거리역점,"{'lat': '37.4998486', 'lng': '126.92923892'}","['한식', '프랜차이즈', '도시락/죽', '1인분주문']","{'average_rating': 4.9, 'count': 29, 'image_count': 23, 'reply_count': 3}",4.9,29.0,23.0,3.0,37.4998486,126.92923892,서울특별시 동작구 상도로 77,서울,동작구,대방동
처갓집양념치킨-신풍역점,"{'lat': '37.507003', 'lng': '126.91020358'}","['프랜차이즈', '치킨', '포장', '야식']","{'average_rating': 4.5, 'count': 3699, 'image_count': 2015, 'reply_count': 54}",4.5,3699.0,2015.0,54.0,37.507003,126.91020358,서울특별시 영등포구 신길로39길 6,서울,영등포구,신길동
신포우리만두-낙성대점,"{'lat': '37.4775231839197', 'lng': '126.960057066393'}","['포장', '분식', '프랜차이즈']","{'average_rating': 4.8, 'count': 226, 'image_count': 216, 'reply_count': 62}",4.8,226.0,216.0,62.0,37.4775231839197,126.960057066393,서울특별시 관악구 봉천로 564,서울,관악구,봉천동
바벤티비빔밥&카페-구로디지털단지본점,"{'lat': '37.483134', 'lng': '126.90028905'}","['카페/디저트', '분식', '한식', '야식']","{'average_rating': 4.6, 'count': 51, 'image_count': 35, 'reply_count': 7}",4.6,51.0,35.0,7.0,37.483134,126.90028905,서울특별시 구로구 디지털로32길 91,서울,구로구,구로동
우리동네청년초밥-영등포점,"{'lat': '37.5010416', 'lng': '126.91366123'}","['일식/돈까스', '회/초밥', '포장', '1인분주문']","{'average_rating': 5.0, 'count': 73, 'image_count': 48, 'reply_count': 73}",5.0,73.0,48.0,73.0,37.5010416,126.91366123,서울특별시 영등포구 신풍로 77,서울,영등포구,신길동
디스윗쌀디저트전문점,"{'lat': '37.4816464', 'lng': '126.90145908'}","['카페/디저트', '도시락/죽', '포장']","{'average_rating': 5.0, 'count': 12, 'image_count': 8, 'reply_count': 8}",5.0,12.0,8.0,8.0,37.4816464,126.90145908,서울특별시 관악구 조원로2길 48,서울,관악구,신림동
고기듬뿍국물두루치기-영등포점,"{'lat': '37.5105586', 'lng': '126.91610154'}","['찜/탕', '한식', '고기/구이', '포장', '프랜차이즈', '다회용기']","{'average_rating': 5.0, 'count': 47, 'image_count': 37, 'reply_count': 3}",5.0,47.0,37.0,3.0,37.5105586,126.91610154,서울특별시 영등포구 도신로56길 13,서울,영등포구,신길동
샐러드박스-상도역본점,"{'lat': '37.5052036', 'lng': '126.94643968'}","['샐러드', '카페/디저트', '포장', '프랜차이즈']","{'average_rating': 5.0, 'count': 77, 'image_count': 72, 'reply_count': 7}",5.0,77.0,72.0,7.0,37.5052036,126.94643968,서울특별시 동작구 만양로 3,서울,동작구,상도동
시골김치찜-영등포점,"{'lat': '37.4939622', 'lng': '126.90093634'}","['찜/탕', '한식', '고기/구이', '포장', '1인분주문']","{'average_rating': 0.0, 'count': 0, 'image_count': 0, 'reply_count': 0}",0.0,0.0,0.0,0.0,37.4939622,126.90093634,서울특별시 영등포구 대림로 142,서울,영등포구,대림동
핫오리炸串,"{'lat': '37.5124080911006', 'lng': '126.920455364691'}","['중국집', '야식', '아시안']","{'average_rating': 4.8, 'count': 155, 'image_count': 134, 'reply_count': 57}",4.8,155.0,134.0,57.0,37.5124080911006,126.920455364691,서울특별시 영등포구 영등포로80길 13,서울,영등포구,신길동
아뜨베-신림점,"{'lat': '37.4876433', 'lng': '126.93260494'}","['피자/양식', '카페/디저트', '야식', '샌드위치', '포장']","{'average_rating': 5.0, 'count': 50, 'image_count': 28, 'reply_count': 50}",5.0,50.0,28.0,50.0,37.4876433,126.93260494,서울특별시 관악구 봉천로 283,서울,관악구,봉천동
메가MGC커피-서울남부초교점,"{'lat': '37.4833459', 'lng': '126.92175647'}","['카페/디저트', '프랜차이즈']","{'average_rating': 0.0, 'count': 0, 'image_count': 0, 'reply_count': 0}",0.0,0.0,0.0,0.0,37.4833459,126.92175647,서울특별시 관악구 남부순환로 1541,서울,관악구,신림동
덮밥어때-신림점,"{'lat': '37.4872731', 'lng': '126.91455948'}","['한식', '분식', '도시락/죽', '포장']","{'average_rating': 5.0, 'count': 1, 'image_count': 1, 'reply_count': 0}",5.0,1.0,1.0,0.0,37.4872731,126.91455948,서울특별시 관악구 신사로10길 7,서울,관악구,신림동
홍콩반점0410-신풍점,"{'lat': '37.5029729401861', 'lng': '126.9096002831'}","['중국집', '프랜차이즈']","{'average_rating': 4.9, 'count': 841, 'image_count': 716, 'reply_count': 7}",4.9,841.0,716.0,7.0,37.5029729401861,126.9096002831,서울특별시 영등포구 신길로 119,서울,영등포구,신길동
형제들이파는과일브룻츠-구디점,"{'lat': '37.4854726', 'lng': '126.89822308'}","['분식', '카페/디저트', '도시락/죽', '포장']","{'average_rating': 0.0, 'count': 0, 'image_count': 0, 'reply_count': 0}",0.0,0.0,0.0,0.0,37.4854726,126.89822308,서울특별시 구로구 디지털로34길 27,서울,구로구,구로동
울엄마김치찜-신림점,"{'lat': '37.4689551', 'lng': '126.93686065'}","['찜/탕', '한식', '야식', '프랜차이즈']","{'average_rating': 5.0, 'count': 1, 'image_count': 1, 'reply_count': 0}",5.0,1.0,1.0,0.0,37.4689551,126.93686065,서울특별시 관악구 대학6길 13,서울,관악구,신림동
79대포-숭실대점,"{'lat': '37.4958037', 'lng': '126.95367114'}","['찜/탕', '한식', '고기/구이', '야식', '포장', '프랜차이즈']","{'average_rating': 5.0, 'count': 1, 'image_count': 0, 'reply_count': 0}",5.0,1.0,0.0,0.0,37.4958037,126.95367114,서울특별시 동작구 상도로 368-1,서울,동작구,상도동
시골초두부,"{'lat': '37.4916174', 'lng': '126.8973642'}","['중국집', '아시안', '찜/탕', '포장']","{'average_rating': 3.0, 'count': 2, 'image_count': 1, 'reply_count': 0}",3.0,2.0,1.0,0.0,37.4916174,126.8973642,서울특별시 영등포구 도림천로11길 15,서울,영등포구,대림동
샌디샌드위치&요거트델리,"{'lat': '37.4802817', 'lng': '126.95471668'}","['샐러드', '카페/디저트', '샌드위치', '포장']","{'average_rating': 4.9, 'count': 13, 'image_count': 10, 'reply_count': 0}",4.9,13.0,10.0,0.0,37.4802817,126.95471668,서울특별시 관악구 남부순환로 1844,서울,관악구,봉천동
카츠윤-신림점,"{'lat': '37.4685704', 'lng': '126.93726426'}","['피자/양식', '한식', '일식/돈까스', '야식', '포장']","{'average_rating': 5.0, 'count': 24, 'image_count': 13, 'reply_count': 3}",5.0,24.0,13.0,3.0,37.4685704,126.93726426,서울특별시 관악구 호암로22길 81,서울,관악구,신림동
고기백화점-영진시장,"{'lat': '37.5003675', 'lng': '126.91594303'}","['고기/구이', '포장']","{'average_rating': 0.0, 'count': 0, 'image_count': 0, 'reply_count': 0}",0.0,0.0,0.0,0.0,37.5003675,126.91594303,서울 영등포구 신길동 2365,서울,영등포구,신길동
메가MGC커피-신림신원점,"{'lat': '37.4806906', 'lng': '126.92770877'}","['카페/디저트', '프랜차이즈']","{'average_rating': 0.0, 'count': 0, 'image_count': 0, 'reply_count': 0}",0.0,0.0,0.0,0.0,37.4806906,126.92770877,서울특별시 관악구 신원로 13-1,서울,관악구,신림동
정이덮밥,"{'lat': '37.4960837', 'lng': '126.90801317'}","['한식', '프랜차이즈', '포장', '1인분주문']","{'average_rating': 5.0, 'count': 310, 'image_count': 268, 'reply_count': 308}",5.0,310.0,268.0,308.0,37.4960837,126.90801317,서울특별시 영등포구 신길로 39,서울,영등포구,대림동
쉬즈베이글-금천구점,"{'lat': '37.4760651', 'lng': '126.89830129'}","['샐러드', '카페/디저트', '샌드위치', '포장', '프랜차이즈']","{'average_rating': 4.8, 'count': 215, 'image_count': 207, 'reply_count': 133}",4.8,215.0,207.0,133.0,37.4760651,126.89830129,서울특별시 금천구 시흥대로 475,서울,금천구,독산동
간식대장고로케,"{'lat': '37.4629563', 'lng': '126.91836724'}","['아시안', '분식', '포장', '치킨', '야식']","{'average_rating': 4.3, 'count': 3, 'image_count': 1, 'reply_count': 1}",4.3,3.0,1.0,1.0,37.4629563,126.91836724,서울특별시 관악구 난향길 10,서울,관악구,신림동
오토김밥-영등포점,"{'lat': '37.4998828997016', 'lng': '126.913319838736'}","['한식', '분식', '치킨', '프랜차이즈']","{'average_rating': 4.9, 'count': 46, 'image_count': 42, 'reply_count': 3}",4.9,46.0,42.0,3.0,37.4998828997016,126.913319838736,서울특별시 영등포구 신풍로 66,서울,영등포구,신길동
딱돼지돼지갈비후라이드,"{'lat': '37.4782362', 'lng': '126.95536507'}","['고기/구이', '야식', '치킨']","{'average_rating': 4.9, 'count': 296, 'image_count': 261, 'reply_count': 0}",4.9,296.0,261.0,0.0,37.4782362,126.95536507,서울특별시 관악구 남부순환로230길 42,서울,관악구,봉천동
본죽앤비빔밥-봉일시장점,"{'lat': '37.4860238320261', 'lng': '126.939572475338'}","['한식', '프랜차이즈', '도시락/죽', '1인분주문']","{'average_rating': 4.9, 'count': 46, 'image_count': 25, 'reply_count': 2}",4.9,46.0,25.0,2.0,37.4860238320261,126.939572475338,서울특별시 관악구 은천로 38-1,서울,관악구,봉천동
중식당서호,"{'lat': '37.4854726', 'lng': '126.89822308'}","['중국집', '분식', '포장']","{'average_rating': 4.6, 'count': 39, 'image_count': 36, 'reply_count': 17}",4.6,39.0,36.0,17.0,37.4854726,126.89822308,서울특별시 구로구 디지털로34길 27,서울,구로구,구로동
뻘밭에핀꽃,"{'lat': '37.4829759563847', 'lng': '126.976736906936'}","['한식', '도시락/죽', '고기/구이']","{'average_rating': 4.5, 'count': 53, 'image_count': 29, 'reply_count': 52}",4.5,53.0,29.0,52.0,37.4829759563847,126.976736906936,서울특별시 동작구 사당로22길 12,서울,동작구,사당동
장군왕족발보쌈-영등포점,"{'lat': '37.4927566', 'lng': '126.90752493'}","['족발/보쌈', '한식', '야식', '프랜차이즈']","{'average_rating': 4.9, 'count': 108, 'image_count': 109, 'reply_count': 64}",4.9,108.0,109.0,64.0,37.4927566,126.90752493,서울특별시 영등포구 시흥대로187길 13,서울,영등포구,대림동
제이콜라보-본점,"{'lat': '37.5032506389449', 'lng': '126.934962875876'}","['피자/양식', '포장', '카페/디저트', '샌드위치', '샐러드', '1인분주문']","{'average_rating': 4.7, 'count': 1321, 'image_count': 964, 'reply_count': 796}",4.7,1321.0,964.0,796.0,37.5032506389449,126.934962875876,서울특별시 동작구 상도로15길 64,서울,동작구,상도동
오븐에빠진닭-서울대입구점,"{'lat': '37.4790159', 'lng': '126.95203991'}","['프랜차이즈', '치킨', '포장']","{'average_rating': 4.9, 'count': 129, 'image_count': 109, 'reply_count': 0}",4.9,129.0,109.0,0.0,37.4790159,126.95203991,서울특별시 관악구 관악로 153,서울,관악구,봉천동
더카페휴게소-구로전화국사거리점,"{'lat': '37.4795948', 'lng': '126.90412252'}","['카페/디저트', '포장', '프랜차이즈']","{'average_rating': 0.0, 'count': 0, 'image_count': 0, 'reply_count': 0}",0.0,0.0,0.0,0.0,37.4795948,126.90412252,서울특별시 금천구 독산로 366,서울,금천구,독산동
노량진전북임실1층95호,"{'lat': '37.51490876135202', 'lng': '126.93697548153044'}","['포장', '일식/돈까스']","{'average_rating': 0.0, 'count': 0, 'image_count': 0, 'reply_count': 0}",0.0,0.0,0.0,0.0,37.51490876135202,126.93697548153044,서울특별시 동작구 노들로 674,서울,동작구,노량진동
그린픽&과일커피,"{'lat': '37.4777407', 'lng': '126.96257408'}","['샐러드', '카페/디저트', '샌드위치', '포장']","{'average_rating': 4.9, 'count': 115, 'image_count': 100, 'reply_count': 97}",4.9,115.0,100.0,97.0,37.4777407,126.96257408,서울특별시 관악구 남부순환로 1919,서울,관악구,봉천동
백소정-서울대입구역점,"{'lat': '37.4798521', 'lng': '126.95276043'}","['피자/양식', '한식', '일식/돈까스', '포장', '프랜차이즈']","{'average_rating': 4.9, 'count': 73, 'image_count': 65, 'reply_count': 0}",4.9,73.0,65.0,0.0,37.4798521,126.95276043,서울특별시 관악구 관악로 164,서울,관악구,봉천동
마라연구소-서울대입구점,"{'lat': '37.4845598', 'lng': '126.95561663'}","['중국집', '프랜차이즈', '포장']","{'average_rating': 4.9, 'count': 38, 'image_count': 32, 'reply_count': 0}",4.9,38.0,32.0,0.0,37.4845598,126.95561663,서울특별시 관악구 관악로 224,서울,관악구,봉천동
바음식당-본점,"{'lat': '37.477328', 'lng': '126.89375061'}","['한식', '프랜차이즈', '포장', '1인분주문']","{'average_rating': 4.8, 'count': 65, 'image_count': 58, 'reply_count': 50}",4.8,65.0,58.0,50.0,37.477328,126.89375061,서울특별시 금천구 남부순환로112길 41,서울,금천구,가산동
베어글스-여의도점,"{'lat': '37.5205993', 'lng': '126.93042412'}","['샐러드', '카페/디저트', '샌드위치', '포장', '프랜차이즈']","{'average_rating': 5.0, 'count': 24, 'image_count': 18, 'reply_count': 15}",5.0,24.0,18.0,15.0,37.5205993,126.93042412,서울특별시 영등포구 여의대방로69길 19,서울,영등포구,여의도동
칭다오군만두,"{'lat': '37.469016', 'lng': '126.93782586'}","['중국집', '분식']","{'average_rating': 0.0, 'count': 0, 'image_count': 0, 'reply_count': 0}",0.0,0.0,0.0,0.0,37.469016,126.93782586,서울특별시 관악구 대학길 37,서울,관악구,신림동
영의정,"{'lat': '37.5211195', 'lng': '126.93083628'}","['한식', '포장', '신규맛집']","{'average_rating': 0.0, 'count': 0, 'image_count': 0, 'reply_count': 0}",0.0,0.0,0.0,0.0,37.5211195,126.93083628,서울특별시 영등포구 국제금융로 72,서울,영등포구,여의도동
가마솥도시락&JMT,"{'lat': '37.4686969991815', 'lng': '126.940417522828'}","['한식', '일식/돈까스', '치킨']","{'average_rating': 4.3, 'count': 4, 'image_count': 3, 'reply_count': 1}",4.3,4.0,3.0,1.0,37.4686969991815,126.940417522828,서울특별시 관악구 대학7길 49,서울,관악구,신림동
숙성고기구팔이-독산점,"{'lat': '37.4757386', 'lng': '126.8975658'}","['고기/구이', '야식', '포장', '1인분주문']","{'average_rating': 0.0, 'count': 0, 'image_count': 0, 'reply_count': 0}",0.0,0.0,0.0,0.0,37.4757386,126.8975658,서울특별시 금천구 시흥대로141길 63,서울,금천구,독산동
마부마라탕-샤로수길점,"{'lat': '37.4790117708581', 'lng': '126.953767462903'}","['중국집', '프랜차이즈', '아시안']","{'average_rating': 4.9, 'count': 278, 'image_count': 231, 'reply_count': 31}",4.9,278.0,231.0,31.0,37.4790117708581,126.953767462903,서울특별시 관악구 관악로14길 22,서울,관악구,봉천동
아빠의식탁,"{'lat': '37.4854726', 'lng': '126.89822308'}","['한식', '분식', '고기/구이', '포장']","{'average_rating': 4.9, 'count': 43, 'image_count': 43, 'reply_count': 0}",4.9,43.0,43.0,0.0,37.4854726,126.89822308,서울특별시 구로구 디지털로34길 27,서울,구로구,구로동
풀숲샐러드&샌드위치,"{'lat': '37.4846736', 'lng': '126.92066526'}","['샐러드', '카페/디저트', '샌드위치', '포장']","{'average_rating': 5.0, 'count': 17, 'image_count': 20, 'reply_count': 6}",5.0,17.0,20.0,6.0,37.4846736,126.92066526,서울특별시 관악구 남부순환로163가길 17,서울,관악구,신림동
삼청식당,"{'lat': '37.4677198', 'lng': '126.93648111'}","['한식', '포장']","{'average_rating': 5.0, 'count': 17, 'image_count': 13, 'reply_count': 0}",5.0,17.0,13.0,0.0,37.4677198,126.93648111,서울특별시 관악구 대학10길 22,서울,관악구,신림동
리유바오소한마리,"{'lat': '37.4920081768925', 'lng': '126.897632128964'}","['중국집', '찜/탕', '아시안', '포장']","{'average_rating': 0.0, 'count': 0, 'image_count': 0, 'reply_count': 0}",0.0,0.0,0.0,0.0,37.4920081768925,126.897632128964,서울특별시 영등포구 도림로38길 12,서울,영등포구,대림동
라카라카,"{'lat': '37.5006364', 'lng': '126.9303712'}","['카페/디저트', '포장']","{'average_rating': 0.0, 'count': 0, 'image_count': 0, 'reply_count': 0}",0.0,0.0,0.0,0.0,37.5006364,126.9303712,서울특별시 동작구 상도로13길 7,서울,동작구,상도동
현대불고기냉면-대림점,"{'lat': '37.4945601', 'lng': '126.90036356'}","['중국집', '고기/구이', '아시안', '포장']","{'average_rating': 0.0, 'count': 0, 'image_count': 0, 'reply_count': 0}",0.0,0.0,0.0,0.0,37.4945601,126.90036356,서울특별시 영등포구 대림로 152,서울,영등포구,대림동
노량진수산시장-여수153수산,"{'lat': '37.51490876135202', 'lng': '126.93697548153044'}","['포장', '한식', '일식/돈까스', '회/초밥']","{'average_rating': 4.6, 'count': 128, 'image_count': 94, 'reply_count': 5}",4.6,128.0,94.0,5.0,37.51490876135202,126.93697548153044,서울특별시 동작구 노들로 674,서울,동작구,노량진동
1992덮밥앤짜글이-구로점,"{'lat': '37.4803313678745', 'lng': '126.901937861868'}","['포장', '한식', '야식', '프랜차이즈', '고기/구이']","{'average_rating': 4.7, 'count': 123, 'image_count': 97, 'reply_count': 0}",4.7,123.0,97.0,0.0,37.4803313678745,126.901937861868,서울특별시 관악구 조원중앙로1길 46,서울,관악구,신림동
본도시락-구로디지털점,"{'lat': '37.4835141', 'lng': '126.89300592'}","['한식', '프랜차이즈', '도시락/죽', '포장']","{'average_rating': 4.7, 'count': 1196, 'image_count': 469, 'reply_count': 2}",4.7,1196.0,469.0,2.0,37.4835141,126.89300592,서울특별시 구로구 디지털로27길 24,서울,구로구,구로동
감성낙곱새-신길점,"{'lat': '37.5088138', 'lng': '126.92221756'}","['한식', '야식', '프랜차이즈', '포장']","{'average_rating': 4.9, 'count': 26, 'image_count': 27, 'reply_count': 18}",4.9,26.0,27.0,18.0,37.5088138,126.92221756,서울특별시 영등포구 여의대방로47길 15-1,서울,영등포구,신길동
둘먹하죽김치찜,"{'lat': '37.4689551', 'lng': '126.93686065'}","['찜/탕', '한식', '야식']","{'average_rating': 5.0, 'count': 3, 'image_count': 3, 'reply_count': 3}",5.0,3.0,3.0,3.0,37.4689551,126.93686065,서울특별시 관악구 대학6길 13,서울,관악구,신림동
닭치고피자먹자-영등포본점,"{'lat': '37.5059472', 'lng': '126.91237162'}","['피자/양식', '포장', '야식', '1인분주문']","{'average_rating': 4.8, 'count': 185, 'image_count': 187, 'reply_count': 0}",4.8,185.0,187.0,0.0,37.5059472,126.91237162,서울특별시 영등포구 신길로38길 11,서울,영등포구,신길동
악마갈비찜-노량진점,"{'lat': '37.5125396', 'lng': '126.93540639'}","['찜/탕', '한식', '고기/구이', '야식', '포장', '1인분주문']","{'average_rating': 0.0, 'count': 0, 'image_count': 0, 'reply_count': 0}",0.0,0.0,0.0,0.0,37.5125396,126.93540639,서울특별시 동작구 등용로14길 71,서울,동작구,노량진동
에그박스-신림점,"{'lat': '37.4816151', 'lng': '126.91200994'}","['샌드위치', '프랜차이즈', '버거', '카페/디저트', '포장']","{'average_rating': 4.9, 'count': 13, 'image_count': 12, 'reply_count': 0}",4.9,13.0,12.0,0.0,37.4816151,126.91200994,서울특별시 관악구 남부순환로 1451,서울,관악구,신림동
노량진수산시장브라보수산,"{'lat': '37.5148237', 'lng': '126.93797594'}","['회/초밥', '포장']","{'average_rating': 5.0, 'count': 27, 'image_count': 26, 'reply_count': 0}",5.0,27.0,26.0,0.0,37.5148237,126.93797594,서울특별시 동작구 노들로 674,서울,동작구,노량진동
감성커피-낙성대역점,"{'lat': '37.4768646', 'lng': '126.96354331'}","['카페/디저트', '야식', '분식', '포장', '프랜차이즈']","{'average_rating': 4.9, 'count': 208, 'image_count': 137, 'reply_count': 71}",4.9,208.0,137.0,71.0,37.4768646,126.96354331,서울특별시 관악구 남부순환로 1932,서울,관악구,봉천동
냉면사무소,"{'lat': '37.4960837', 'lng': '126.90801317'}","['한식', '분식', '포장']","{'average_rating': 5.0, 'count': 1, 'image_count': 0, 'reply_count': 0}",5.0,1.0,0.0,0.0,37.4960837,126.90801317,서울특별시 영등포구 신길로 39,서울,영등포구,대림동
방실꼬-꼬치튀김&취두부,"{'lat': '37.4946941', 'lng': '126.89698327'}","['아시안', '고기/구이', '야식', '포장']","{'average_rating': 3.8, 'count': 4, 'image_count': 1, 'reply_count': 0}",3.8,4.0,1.0,0.0,37.4946941,126.89698327,서울특별시 영등포구 도림로39길 11-16,서울,영등포구,대림동
덮밥맨-영등포점,"{'lat': '37.4939622', 'lng': '126.90093634'}","['한식', '고기/구이', '도시락/죽', '포장', '1인분주문']","{'average_rating': 5.0, 'count': 5, 'image_count': 1, 'reply_count': 0}",5.0,5.0,1.0,0.0,37.4939622,126.90093634,서울특별시 영등포구 대림로 142,서울,영등포구,대림동
카페그대로,"{'lat': '37.49862486468459', 'lng': '126.91462245526743'}","['카페/디저트', '샌드위치', '포장']","{'average_rating': 5.0, 'count': 1, 'image_count': 3, 'reply_count': 1}",5.0,1.0,3.0,1.0,37.49862486468459,126.91462245526743,서울특별시 영등포구 대방천로 211-8,서울,영등포구,신길동
도라무통즉석떡볶이-신도림점,"{'lat': '37.5003688501591', 'lng': '126.88992468222'}","['한식', '분식', '프랜차이즈', '포장']","{'average_rating': 4.9, 'count': 552, 'image_count': 458, 'reply_count': 0}",4.9,552.0,458.0,0.0,37.5003688501591,126.88992468222,서울특별시 구로구 공원로 41,서울,구로구,구로동
라이스쉐프-G스퀘어점,"{'lat': '37.48031032736526', 'lng': '126.89506908407563'}","['찜/탕', '한식', '분식', '포장']","{'average_rating': 0.0, 'count': 0, 'image_count': 0, 'reply_count': 0}",0.0,0.0,0.0,0.0,37.48031032736526,126.89506908407564,서울 구로구 구로동 222-16,서울,구로구,구로동
서울불백-영등포점,"{'lat': '37.4960837', 'lng': '126.90801317'}","['한식', '고기/구이', '포장']","{'average_rating': 4.9, 'count': 42, 'image_count': 32, 'reply_count': 41}",4.9,42.0,32.0,41.0,37.4960837,126.90801317,서울특별시 영등포구 신길로 39,서울,영등포구,대림동
철판꼬치양꼬치&마라탕,"{'lat': '37.4635188', 'lng': '126.89805184'}","['중국집', '찜/탕', '아시안', '포장']","{'average_rating': 4.9, 'count': 14, 'image_count': 13, 'reply_count': 0}",4.9,14.0,13.0,0.0,37.4635188,126.89805184,서울특별시 금천구 시흥대로100길 7,서울,금천구,독산동
도로시파스타연정-구로구청점,"{'lat': '37.4929258', 'lng': '126.8880671'}","['피자/양식', '프랜차이즈', '포장', '야식', '고기/구이']","{'average_rating': 4.9, 'count': 1481, 'image_count': 1467, 'reply_count': 1481}",4.9,1481.0,1467.0,1481.0,37.4929258,126.8880671,서울특별시 구로구 가마산로22길 33,서울,구로구,구로동
올빼미식탁,"{'lat': '37.4854726', 'lng': '126.89822308'}","['찜/탕', '한식', '일식/돈까스', '포장']","{'average_rating': 5.0, 'count': 5, 'image_count': 7, 'reply_count': 2}",5.0,5.0,7.0,2.0,37.4854726,126.89822308,서울특별시 구로구 디지털로34길 27,서울,구로구,구로동
호랑족발,"{'lat': '37.4964251', 'lng': '126.90547338'}","['한식', '고기/구이', '족발/보쌈', '포장']","{'average_rating': 4.9, 'count': 20, 'image_count': 19, 'reply_count': 5}",4.9,20.0,19.0,5.0,37.4964251,126.90547338,서울특별시 영등포구 도림로64길 17,서울,영등포구,대림동
고씨네카레-숭실대점,"{'lat': '37.4949493', 'lng': '126.95800108'}","['한식', '일식/돈까스', '프랜차이즈']","{'average_rating': 4.8, 'count': 77, 'image_count': 54, 'reply_count': 33}",4.8,77.0,54.0,33.0,37.4949493,126.95800108,서울특별시 동작구 사당로 32-1,서울,동작구,상도동
꼴목즉석떡볶이,"{'lat': '37.4694478693513', 'lng': '126.937672278541'}","['분식', '야식', '포장']","{'average_rating': 4.9, 'count': 153, 'image_count': 141, 'reply_count': 0}",4.9,153.0,141.0,0.0,37.4694478693513,126.937672278541,서울특별시 관악구 대학길 30,서울,관악구,신림동
술도깨비,"{'lat': '37.4837968728182', 'lng': '126.953385044384'}","['포장', '한식', '야식', '고기/구이', '찜/탕']","{'average_rating': 4.9, 'count': 240, 'image_count': 222, 'reply_count': 55}",4.9,240.0,222.0,55.0,37.4837968728182,126.953385044384,서울특별시 관악구 중앙1길 12,서울,관악구,봉천동
든든한육떡-본사직영점,"{'lat': '37.4775841072818', 'lng': '126.959079586188'}","['분식', '프랜차이즈', '야식']","{'average_rating': 4.9, 'count': 806, 'image_count': 705, 'reply_count': 43}",4.9,806.0,705.0,43.0,37.4775841072818,126.959079586188,서울특별시 관악구 낙성대로 12,서울,관악구,봉천동
가마솥도시락&일식,"{'lat': '37.4686969991815', 'lng': '126.940417522828'}","['한식', '일식/돈까스', '치킨']","{'average_rating': 4.5, 'count': 8, 'image_count': 2, 'reply_count': 7}",4.5,8.0,2.0,7.0,37.4686969991815,126.940417522828,서울특별시 관악구 대학7길 49,서울,관악구,신림동
거북이타코야끼,"{'lat': '37.5076866703967', 'lng': '126.912521553097'}","['분식', '카페/디저트', '일식/돈까스', '포장']","{'average_rating': 4.9, 'count': 111, 'image_count': 86, 'reply_count': 18}",4.9,111.0,86.0,18.0,37.5076866703967,126.912521553097,서울특별시 영등포구 신길로42길 15,서울,영등포구,신길동
몬스터탕수육-낙성대점,"{'lat': '37.4775878', 'lng': '126.9628786'}","['중국집', '프랜차이즈', '포장']","{'average_rating': 4.9, 'count': 119, 'image_count': 112, 'reply_count': 36}",4.9,119.0,112.0,36.0,37.4775878,126.9628786,서울특별시 관악구 남부순환로 1921-1,서울,관악구,봉천동
냥빵,"{'lat': '37.4830036', 'lng': '126.91210288'}","['카페/디저트', '샌드위치', '포장', '샐러드']","{'average_rating': 4.9, 'count': 587, 'image_count': 552, 'reply_count': 587}",4.9,587.0,552.0,587.0,37.4830036,126.91210288,서울특별시 관악구 조원로16가길 26,서울,관악구,신림동
찐하오마라탕-신길점,"{'lat': '37.5041204', 'lng': '126.91191827'}","['중국집', '아시안', '포장', '프랜차이즈']","{'average_rating': 5.0, 'count': 5, 'image_count': 7, 'reply_count': 0}",5.0,5.0,7.0,0.0,37.5041204,126.91191827,서울특별시 영등포구 신길로28길 9,서울,영등포구,신길동
프랭크버거-중앙대점,"{'lat': '37.5104226', 'lng': '126.96046113'}","['버거', '포장', '프랜차이즈']","{'average_rating': 5.0, 'count': 41, 'image_count': 24, 'reply_count': 19}",5.0,41.0,24.0,19.0,37.5104226,126.96046113,서울특별시 동작구 현충로 52,서울,동작구,흑석동
호주식카페디저트코너,"{'lat': '37.5030137', 'lng': '126.90440625'}","['카페/디저트', '포장']","{'average_rating': 5.0, 'count': 1, 'image_count': 1, 'reply_count': 0}",5.0,1.0,1.0,0.0,37.5030137,126.90440625,서울특별시 영등포구 도림로 278-5,서울,영등포구,신길동
흠향원국수집,"{'lat': '37.491441910428', 'lng': '126.897083643827'}","['중국집', '한식', '아시안']","{'average_rating': 4.8, 'count': 33, 'image_count': 27, 'reply_count': 0}",4.8,33.0,27.0,0.0,37.491441910428,126.897083643827,서울특별시 영등포구 도림천로11길 11,서울,영등포구,대림동
카페카에네,"{'lat': '37.487286852835446', 'lng': '126.89441256555725'}","['샐러드', '카페/디저트', '샌드위치', '포장']","{'average_rating': 0.0, 'count': 0, 'image_count': 0, 'reply_count': 0}",0.0,0.0,0.0,0.0,37.487286852835446,126.89441256555725,서울특별시 구로구 디지털로33길 48,서울,구로구,구로동
욕심쟁이 고기덮밥-영등포직영점,"{'lat': '37.5064916', 'lng': '126.90921821'}","['분식', '일식/돈까스', '야식', '도시락/죽', '포장']","{'average_rating': 0.0, 'count': 0, 'image_count': 0, 'reply_count': 0}",0.0,0.0,0.0,0.0,37.5064916,126.90921821,서울특별시 영등포구 가마산로71길 5,서울,영등포구,신길동
인타코타코야끼&캔카페-독산점,"{'lat': '37.4666846', 'lng': '126.90306426'}","['카페/디저트', '일식/돈까스', '야식', '포장', '분식']","{'average_rating': 4.9, 'count': 35, 'image_count': 27, 'reply_count': 15}",4.9,35.0,27.0,15.0,37.4666846,126.90306426,서울특별시 금천구 독산로70길 23,서울,금천구,독산동
서울덮밥-영등포점,"{'lat': '37.4960837', 'lng': '126.90801317'}","['한식', '포장']","{'average_rating': 5.0, 'count': 24, 'image_count': 23, 'reply_count': 24}",5.0,24.0,23.0,24.0,37.4960837,126.90801317,서울특별시 영등포구 신길로 39,서울,영등포구,대림동
이소룡마라탕-대방점,"{'lat': '37.5042852834348', 'lng': '126.923105374108'}","['중국집', '아시안', '찜/탕']","{'average_rating': 4.5, 'count': 15, 'image_count': 9, 'reply_count': 0}",4.5,15.0,9.0,0.0,37.5042852834348,126.923105374108,서울특별시 동작구 여의대방로36길 10,서울,동작구,대방동
래은미니요리&양꼬치,"{'lat': '37.4918881891536', 'lng': '126.900543951557'}","['중국집', '고기/구이', '포장']","{'average_rating': 4.9, 'count': 65, 'image_count': 69, 'reply_count': 1}",4.9,65.0,69.0,1.0,37.4918881891536,126.900543951557,서울특별시 영등포구 디지털로53길 14-1,서울,영등포구,대림동
교반육회비빔밥-숭실대점,"{'lat': '37.4985252', 'lng': '126.95250015'}","['한식', '프랜차이즈']","{'average_rating': 5.0, 'count': 5, 'image_count': 3, 'reply_count': 0}",5.0,5.0,3.0,0.0,37.4985252,126.95250015,서울특별시 동작구 상도로37길 65,서울,동작구,상도동
제주모슬포해장국,"{'lat': '37.4960837', 'lng': '126.90801317'}","['찜/탕', '한식', '고기/구이', '포장']","{'average_rating': 4.9, 'count': 10, 'image_count': 7, 'reply_count': 9}",4.9,10.0,7.0,9.0,37.4960837,126.90801317,서울특별시 영등포구 신길로 39,서울,영등포구,대림동
풀향기칼국수-신대방2호점,"{'lat': '37.495880381568', 'lng': '126.927366055299'}","['한식', '포장']","{'average_rating': 4.5, 'count': 125, 'image_count': 87, 'reply_count': 0}",4.5,125.0,87.0,0.0,37.495880381568,126.927366055299,서울특별시 동작구 보라매로 73,서울,동작구,신대방동
노량진수산시장순천만상회,"{'lat': '37.51490876135202', 'lng': '126.93697548153044'}","['일식/돈까스', '회/초밥', '야식']","{'average_rating': 4.1, 'count': 17, 'image_count': 14, 'reply_count': 0}",4.1,17.0,14.0,0.0,37.51490876135202,126.93697548153044,서울특별시 동작구 노들로 674,서울,동작구,노량진동
리샐러드salad&poke-금천구청점,"{'lat': '37.45820761933681', 'lng': '126.89447772877567'}","['샐러드', '카페/디저트', '포장', '한식']","{'average_rating': 5.0, 'count': 177, 'image_count': 180, 'reply_count': 177}",5.0,177.0,180.0,177.0,37.45820761933681,126.89447772877568,서울특별시 금천구 벚꽃로 30,서울,금천구,독산동
이태리면가게-영등포점,"{'lat': '37.5071996', 'lng': '126.91049225'}","['피자/양식', '분식', '샐러드', '포장', '프랜차이즈', '1인분주문']","{'average_rating': 4.9, 'count': 112, 'image_count': 105, 'reply_count': 0}",4.9,112.0,105.0,0.0,37.5071996,126.91049225,서울특별시 영등포구 신길로37길 11-1,서울,영등포구,신길동
초분시카페,"{'lat': '37.5124995', 'lng': '126.94132734'}","['카페/디저트', '샌드위치', '포장']","{'average_rating': 3.0, 'count': 1, 'image_count': 1, 'reply_count': 0}",3.0,1.0,1.0,0.0,37.5124995,126.94132734,서울특별시 동작구 장승배기로28길 19,서울,동작구,노량진동
숙성갓츠돈카츠&파스타-신길점,"{'lat': '37.5102062', 'lng': '126.91698315'}","['피자/양식', '고기/구이', '일식/돈까스', '포장']","{'average_rating': 4.8, 'count': 168, 'image_count': 186, 'reply_count': 81}",4.8,168.0,186.0,81.0,37.5102062,126.91698315,서울특별시 영등포구 도신로60길 20-6,서울,영등포구,신길동
초록한끼샐러드&샌드위치-본점,"{'lat': '37.5058576', 'lng': '126.91273229'}","['카페/디저트', '샌드위치', '포장', '샐러드', '신규맛집']","{'average_rating': 5.0, 'count': 1, 'image_count': 0, 'reply_count': 1}",5.0,1.0,0.0,1.0,37.5058576,126.91273229,서울특별시 영등포구 신길로38길 13-2,서울,영등포구,신길동
파머스포케-독산점,"{'lat': '37.4689627', 'lng': '126.89562068'}","['샐러드', '분식', '카페/디저트', '포장', '프랜차이즈']","{'average_rating': 4.9, 'count': 20, 'image_count': 16, 'reply_count': 0}",4.9,20.0,16.0,0.0,37.4689627,126.89562068,서울특별시 금천구 두산로 70,서울,금천구,독산동
저당 김치찜 건강하고 맛있는 한 찜-영등포직영점,"{'lat': '37.5064916', 'lng': '126.90921821'}","['찜/탕', '한식', '야식', '도시락/죽', '포장']","{'average_rating': 0.0, 'count': 0, 'image_count': 0, 'reply_count': 0}",0.0,0.0,0.0,0.0,37.5064916,126.90921821,서울특별시 영등포구 가마산로71길 5,서울,영등포구,신길동
복만탕탕후루&커피,"{'lat': '37.4907068', 'lng': '126.88526271'}","['아시안', '한식', '카페/디저트', '포장']","{'average_rating': 4.0, 'count': 3, 'image_count': 2, 'reply_count': 0}",4.0,3.0,2.0,0.0,37.4907068,126.88526271,서울특별시 구로구 구로동로28길 20-2,서울,구로구,구로동
속초오징어어시장-여의도점,"{'lat': '37.5205517', 'lng': '126.92947536'}","['회/초밥', '포장', '야식', '프랜차이즈', '신규맛집']","{'average_rating': 0.0, 'count': 0, 'image_count': 0, 'reply_count': 0}",0.0,0.0,0.0,0.0,37.5205517,126.92947536,서울특별시 영등포구 여의대방로67길 21,서울,영등포구,여의도동
죠샌드위치-신길점,"{'lat': '37.5066391435667', 'lng': '126.909254602129'}","['샐러드', '카페/디저트', '샌드위치', '프랜차이즈', '포장']","{'average_rating': 4.6, 'count': 49, 'image_count': 31, 'reply_count': 19}",4.6,49.0,31.0,19.0,37.5066391435667,126.909254602129,서울특별시 영등포구 가마산로71길 7,서울,영등포구,신길동
마가네생고기,"{'lat': '37.4810838', 'lng': '126.88974804'}","['한식', '고기/구이']","{'average_rating': 4.9, 'count': 90, 'image_count': 83, 'reply_count': 15}",4.9,90.0,83.0,15.0,37.4810838,126.88974804,서울특별시 구로구 디지털로19길 30,서울,구로구,가리봉동
라화마라탕-대림점,"{'lat': '37.4935131', 'lng': '126.90163821'}","['중국집', '고기/구이', '아시안', '포장']","{'average_rating': 5.0, 'count': 24, 'image_count': 25, 'reply_count': 18}",5.0,24.0,25.0,18.0,37.4935131,126.90163821,서울특별시 영등포구 대림로22길 4,서울,영등포구,대림동
요아잇-구로구청점,"{'lat': '37.4929258', 'lng': '126.8880671'}","['카페/디저트', '야식', '포장', '도시락/죽', '프랜차이즈']","{'average_rating': 5.0, 'count': 3, 'image_count': 3, 'reply_count': 3}",5.0,3.0,3.0,3.0,37.4929258,126.8880671,서울특별시 구로구 가마산로22길 33,서울,구로구,구로동
예원우돈숯불구이,"{'lat': '37.4649209', 'lng': '126.90238622'}","['포장', '한식', '분식', '찜/탕']","{'average_rating': 4.8, 'count': 176, 'image_count': 129, 'reply_count': 80}",4.8,176.0,129.0,80.0,37.4649209,126.90238622,서울특별시 금천구 독산로 201-1,서울,금천구,독산동
육회하게좋은연어,"{'lat': '37.450293', 'lng': '126.90822581'}","['고기/구이', '야식', '일식/돈까스', '회/초밥', '포장', '1인분주문']","{'average_rating': 2.0, 'count': 1, 'image_count': 0, 'reply_count': 0}",2.0,1.0,0.0,0.0,37.450293,126.90822581,서울특별시 금천구 독산로10길 41,서울,금천구,시흥동
파스타는보니따-낙성대역점,"{'lat': '37.4752917', 'lng': '126.96686734'}","['피자/양식', '아시안', '분식', '포장', '프랜차이즈']","{'average_rating': 0.0, 'count': 0, 'image_count': 0, 'reply_count': 0}",0.0,0.0,0.0,0.0,37.4752917,126.96686734,서울특별시 관악구 인헌길 6,서울,관악구,봉천동
카페봄봄-서울대입구점,"{'lat': '37.4800366604291', 'lng': '126.953976214382'}","['카페/디저트', '프랜차이즈']","{'average_rating': 5.0, 'count': 2, 'image_count': 0, 'reply_count': 0}",5.0,2.0,0.0,0.0,37.4800366604291,126.953976214382,서울특별시 관악구 관악로16길 26,서울,관악구,봉천동
이화죽,"{'lat': '37.4793587100303', 'lng': '126.891870072363'}","['한식', '포장', '도시락/죽']","{'average_rating': 4.5, 'count': 105, 'image_count': 59, 'reply_count': 23}",4.5,105.0,59.0,23.0,37.4793587100303,126.891870072363,서울특별시 구로구 남부순환로105길 14,서울,구로구,가리봉동
치우룽샤,"{'lat': '37.4922697354812', 'lng': '126.897454847482'}","['포장', '중국집', '아시안']","{'average_rating': 4.6, 'count': 46, 'image_count': 25, 'reply_count': 38}",4.6,46.0,25.0,38.0,37.4922697354812,126.897454847482,서울특별시 영등포구 도림로38길 8,서울,영등포구,대림동
동북정육,"{'lat': '37.4907499', 'lng': '126.89917051'}","['한식', '고기/구이', '포장']","{'average_rating': 0.0, 'count': 0, 'image_count': 0, 'reply_count': 0}",0.0,0.0,0.0,0.0,37.4907499,126.89917051,서울특별시 영등포구 디지털로37나길 10,서울,영등포구,대림동
짜촬왕-본점,"{'lat': '37.4962171', 'lng': '126.89873064'}","['중국집', '한식', '고기/구이', '야식']","{'average_rating': 4.8, 'count': 105, 'image_count': 51, 'reply_count': 20}",4.8,105.0,51.0,20.0,37.4962171,126.89873064,서울특별시 영등포구 대림로27가길 12-1,서울,영등포구,대림동
피나치공-대림점,"{'lat': '37.5001716', 'lng': '126.90059054'}","['피자/양식', '치킨', '포장', '프랜차이즈']","{'average_rating': 5.0, 'count': 15, 'image_count': 4, 'reply_count': 0}",5.0,15.0,4.0,0.0,37.5001716,126.90059054,서울특별시 영등포구 대림로34바길 5,서울,영등포구,대림동
샐러리아샐러드&포케-가산점,"{'lat': '37.4745451', 'lng': '126.88973673'}","['샐러드', '카페/디저트', '분식', '프랜차이즈']","{'average_rating': 0.0, 'count': 0, 'image_count': 0, 'reply_count': 0}",0.0,0.0,0.0,0.0,37.4745451,126.88973673,서울특별시 금천구 디지털로10길 78,서울,금천구,가산동
이나닭강정-구로점,"{'lat': '37.4839274', 'lng': '126.89062237'}","['치킨', '프랜차이즈']","{'average_rating': 4.8, 'count': 19, 'image_count': 12, 'reply_count': 0}",4.8,19.0,12.0,0.0,37.4839274,126.89062237,서울특별시 구로구 디지털로27길 61,서울,구로구,가리봉동
모모유부-영등포점,"{'lat': '37.4960837', 'lng': '126.90801317'}","['분식', '일식/돈까스', '회/초밥', '포장']","{'average_rating': 5.0, 'count': 65, 'image_count': 60, 'reply_count': 52}",5.0,65.0,60.0,52.0,37.4960837,126.90801317,서울특별시 영등포구 신길로 39,서울,영등포구,대림동
카우보이치킨-신길점,"{'lat': '37.511172248897424', 'lng': '126.91740737149001'}","['프랜차이즈', '치킨', '야식', '1인분주문']","{'average_rating': 0.0, 'count': 0, 'image_count': 0, 'reply_count': 0}",0.0,0.0,0.0,0.0,37.511172248897424,126.91740737149,서울특별시 영등포구 도신로60길 7,서울,영등포구,신길동
95도시락,"{'lat': '37.5034268', 'lng': '126.89068924'}","['한식', '도시락/죽', '포장', '찜/탕']","{'average_rating': 0.0, 'count': 0, 'image_count': 0, 'reply_count': 0}",0.0,0.0,0.0,0.0,37.5034268,126.89068924,서울특별시 구로구 공원로8길 25,서울,구로구,구로동
나비루,"{'lat': '37.4987379762219', 'lng': '126.95250074188'}","['일식/돈까스', '포장', '한식', '분식']","{'average_rating': 5.0, 'count': 24, 'image_count': 17, 'reply_count': 15}",5.0,24.0,17.0,15.0,37.4987379762219,126.95250074188,서울특별시 동작구 상도로37길 63,서울,동작구,상도동
길푸드생연어전문점신도림점,"{'lat': '37.5041854628084', 'lng': '126.892119031559'}","['일식/돈까스', '야식', '회/초밥']","{'average_rating': 4.9, 'count': 52, 'image_count': 44, 'reply_count': 13}",4.9,52.0,44.0,13.0,37.5041854628084,126.892119031559,서울특별시 구로구 공원로8길 55,서울,구로구,구로동
땅스즉석떡볶이-시흥현대시장점,"{'lat': '37.4585913517828', 'lng': '126.904297093227'}","['분식', '프랜차이즈']","{'average_rating': 5.0, 'count': 98, 'image_count': 104, 'reply_count': 92}",5.0,98.0,104.0,92.0,37.4585913517828,126.904297093227,서울특별시 금천구 독산로39길 21,서울,금천구,시흥동
고기고집-금천시흥점,"{'lat': '37.4534200885196', 'lng': '126.908432807618'}","['한식', '고기/구이', '포장', '야식']","{'average_rating': 4.7, 'count': 6, 'image_count': 9, 'reply_count': 0}",4.7,6.0,9.0,0.0,37.4534200885196,126.908432807618,서울특별시 금천구 독산로22길 39,서울,금천구,시흥동
중화요땡,"{'lat': '37.4752449274758', 'lng': '126.897557615019'}","['포장', '중국집', '야식']","{'average_rating': 4.7, 'count': 131, 'image_count': 59, 'reply_count': 0}",4.7,131.0,59.0,0.0,37.4752449274758,126.897557615019,서울특별시 금천구 시흥대로141길 51,서울,금천구,독산동
파스타앤포크-신길점,"{'lat': '37.5102062', 'lng': '126.91698315'}","['피자/양식', '고기/구이', '포장']","{'average_rating': 4.8, 'count': 46, 'image_count': 41, 'reply_count': 21}",4.8,46.0,41.0,21.0,37.5102062,126.91698315,서울특별시 영등포구 도신로60길 20-6,서울,영등포구,신길동
국대김치찜-영등포점,"{'lat': '37.5075495', 'lng': '126.90383333'}","['찜/탕', '한식', '고기/구이', '프랜차이즈', '포장', '1인분주문']","{'average_rating': 4.8, 'count': 5, 'image_count': 6, 'reply_count': 0}",4.8,5.0,6.0,0.0,37.5075495,126.90383333,서울특별시 영등포구 도신로 106,서울,영등포구,신길동
도우라이크피자-구로가산점,"{'lat': '37.477328', 'lng': '126.89375061'}","['피자/양식', '프랜차이즈', '포장']","{'average_rating': 4.8, 'count': 49, 'image_count': 31, 'reply_count': 31}",4.8,49.0,31.0,31.0,37.477328,126.89375061,서울특별시 금천구 남부순환로112길 41,서울,금천구,가산동
삼정한우곱창,"{'lat': '37.5128309', 'lng': '126.93578788'}","['한식', '고기/구이', '포장']","{'average_rating': 5.0, 'count': 2, 'image_count': 2, 'reply_count': 2}",5.0,2.0,2.0,2.0,37.5128309,126.93578788,서울특별시 동작구 노량진로6길 6-3,서울,동작구,노량진동
종로김밥-대림3동점,"{'lat': '37.4987001', 'lng': '126.89851895'}","['한식', '분식', '일식/돈까스', '프랜차이즈']","{'average_rating': 5.0, 'count': 12, 'image_count': 12, 'reply_count': 0}",5.0,12.0,12.0,0.0,37.4987001,126.89851895,서울특별시 영등포구 대림로 202,서울,영등포구,대림동
온다샐러드카페-구디점,"{'lat': '37.4803939', 'lng': '126.88412114'}","['샐러드', '카페/디저트', '샌드위치', '포장']","{'average_rating': 5.0, 'count': 9, 'image_count': 8, 'reply_count': 0}",5.0,9.0,8.0,0.0,37.4803939,126.88412114,서울특별시 금천구 벚꽃로 286,서울,금천구,가산동
헬로크랩-개봉역점,"{'lat': '37.4929162', 'lng': '126.85993106'}","['찜/탕', '한식', '회/초밥', '포장', '프랜차이즈']","{'average_rating': 5.0, 'count': 8, 'image_count': 10, 'reply_count': 0}",5.0,8.0,10.0,0.0,37.4929162,126.85993106,서울특별시 구로구 개봉로20길 101,서울,구로구,개봉동
니드쿠키(kneadcookie),"{'lat': '37.5028137', 'lng': '126.89775928'}","['분식', '카페/디저트']","{'average_rating': 5.0, 'count': 3, 'image_count': 4, 'reply_count': 0}",5.0,3.0,4.0,0.0,37.5028137,126.89775928,서울특별시 영등포구 대림로44길 11,서울,영등포구,대림동
초장집-영등포점,"{'lat': '37.517175509084986', 'lng': '126.90756994309318'}","['찜/탕', '한식', '회/초밥', '야식', '포장', '프랜차이즈']","{'average_rating': 4.9, 'count': 57, 'image_count': 55, 'reply_count': 45}",4.9,57.0,55.0,45.0,37.517175509084986,126.90756994309318,서울특별시 영등포구 영중로4길 10-1,서울,영등포구,영등포동3가
깡우동-시흥사거리점,"{'lat': '37.4520775', 'lng': '126.90266415'}","['찜/탕', '한식', '분식', '야식', '포장', '프랜차이즈']","{'average_rating': 4.5, 'count': 2, 'image_count': 1, 'reply_count': 0}",4.5,2.0,1.0,0.0,37.4520775,126.90266415,서울특별시 금천구 시흥대로52길 16,서울,금천구,시흥동
요아빙수-사랑점,"{'lat': '37.5206363', 'lng': '126.8607197'}","['카페/디저트', '포장', '야식']","{'average_rating': 0.0, 'count': 0, 'image_count': 0, 'reply_count': 0}",0.0,0.0,0.0,0.0,37.5206363,126.8607197,서울특별시 양천구 은행정로2길 7,서울,양천구,신정동
