name,location,vendor_categories,review,average_rating,count,image_count,reply_count,lat,lng,full_address,sido,gu,dong,shared_location_count,store_type,review_rank
대치동엄마도시락-본점,"{'lat': '37.4839342', 'lng': '126.93936786'}","['찜/탕', '한식', '도시락/죽', '포장']","{'average_rating': 4.9, 'count': 195, 'image_count': 157, 'reply_count': 179}",4.9,195,157,179,37.4839342,126.9393679,서울특별시 관악구 봉천로 356,서울,관악구,봉천동,6,대규모 공유주방,462
앵그리포테이토치킨&버거-신림점,"{'lat': '37.4837321', 'lng': '126.92774951'}","['피자/양식', '버거', '분식', '포장', '1인분주문']","{'average_rating': 5.0, 'count': 203, 'image_count': 205, 'reply_count': 43}",5,203,205,43,37.4837321,126.9277495,서울특별시 관악구 남부순환로 1594,서울,관악구,신림동,1,독립 매장,455
호호솥밥-관악점,"{'lat': '37.4854819', 'lng': '126.93790844'}","['한식', '고기/구이', '일식/돈까스', '포장', '프랜차이즈', '신규맛집']","{'average_rating': 5.0, 'count': 20, 'image_count': 20, 'reply_count': 0}",5,20,20,0,37.4854819,126.9379084,서울특별시 관악구 봉천로25길 4,서울,관악구,봉천동,2,소규모 샵인샵,878
육회한날연어어때,"{'lat': '37.48203242479008', 'lng': '126.92966049495293'}","['포장', '일식/돈까스', '야식', '회/초밥']","{'average_rating': 5.0, 'count': 15593, 'image_count': 14295, 'reply_count': 13506}",5,15593,14295,13506,37.48203242,126.9296605,서울특별시 관악구 신림로 309,서울,관악구,신림동,4,대규모 공유주방,1
괴짜반점-본점,"{'lat': '37.4839734', 'lng': '126.93930939'}","['한식', '중국집', '야식', '찜/탕', '포장']","{'average_rating': 4.8, 'count': 3847, 'image_count': 3532, 'reply_count': 2868}",4.8,3847,3532,2868,37.4839734,126.9393094,서울특별시 관악구 봉천로 356,서울,관악구,봉천동,1,독립 매장,48
파스타요고-신림본점,"{'lat': '37.486791', 'lng': '126.93785704'}","['피자/양식', '샐러드', '포장', '야식', '1인분주문']","{'average_rating': 4.8, 'count': 1016, 'image_count': 882, 'reply_count': 365}",4.8,1016,882,365,37.486791,126.937857,서울특별시 관악구 봉천로23나길 46,서울,관악구,봉천동,1,독립 매장,167
귀한족발-신림점,"{'lat': '37.4851311', 'lng': '126.92838959'}","['족발/보쌈', '프랜차이즈']","{'average_rating': 5.0, 'count': 6771, 'image_count': 6654, 'reply_count': 6594}",5,6771,6654,6594,37.4851311,126.9283896,서울특별시 관악구 신림로65길 20,서울,관악구,신림동,1,독립 매장,17
동해물과아구찜-관악점,"{'lat': '37.4834106580518', 'lng': '126.937948599715'}","['한식', '야식', '프랜차이즈', '찜/탕', '포장']","{'average_rating': 4.9, 'count': 6051, 'image_count': 5665, 'reply_count': 6045}",4.9,6051,5665,6045,37.48341066,126.9379486,서울특별시 관악구 남부순환로200길 9,서울,관악구,봉천동,1,독립 매장,24
BHC-신림역점,"{'lat': '37.4830661', 'lng': '126.92859939'}","['프랜차이즈', '치킨']","{'average_rating': 4.9, 'count': 638, 'image_count': 551, 'reply_count': 415}",4.9,638,551,415,37.4830661,126.9285994,서울특별시 관악구 남부순환로176길 20,서울,관악구,신림동,1,독립 매장,239
뚜레쥬르-신림사거리점,"{'lat': '37.4847068532237', 'lng': '126.930663010992'}","['카페/디저트', '프랜차이즈', '포장', '샌드위치']","{'average_rating': 4.9, 'count': 8717, 'image_count': 7759, 'reply_count': 592}",4.9,8717,7759,592,37.48470685,126.930663,서울특별시 관악구 남부순환로 1619-1,서울,관악구,신림동,1,독립 매장,10
달떡볶이-관악직영점,"{'lat': '37.4802817', 'lng': '126.95471668'}","['포장', '한식', '분식', '야식', '프랜차이즈']","{'average_rating': 4.9, 'count': 5157, 'image_count': 4617, 'reply_count': 2632}",4.9,5157,4617,2632,37.4802817,126.9547167,서울특별시 관악구 남부순환로 1844,서울,관악구,봉천동,4,대규모 공유주방,26
프리미엄진이찬방-신림당곡역점,"{'lat': '37.4902401', 'lng': '126.92784099'}","['한식', '프랜차이즈', '포장', '도시락/죽', '반찬']","{'average_rating': 4.9, 'count': 3909, 'image_count': 4015, 'reply_count': 3910}",4.9,3909,4015,3910,37.4902401,126.927841,서울특별시 관악구 보라매로 8,서울,관악구,봉천동,2,소규모 샵인샵,46
짜글이미식회-신림점,"{'lat': '37.4783482641904', 'lng': '126.94115933268924'}","['한식', '포장', '찜/탕', '1인분주문', '고기/구이']","{'average_rating': 5.0, 'count': 4992, 'image_count': 3749, 'reply_count': 3256}",5,4992,3749,3256,37.47834826,126.9411593,서울특별시 관악구 참숯1길 19,서울,관악구,봉천동,1,독립 매장,30
연탄할미숯불삼겹-본점,"{'lat': '37.4839342', 'lng': '126.93936786'}","['한식', '고기/구이', '포장', '야식', '치킨']","{'average_rating': 4.9, 'count': 254, 'image_count': 240, 'reply_count': 214}",4.9,254,240,214,37.4839342,126.9393679,서울특별시 관악구 봉천로 356,서울,관악구,봉천동,6,대규모 공유주방,406
프레퍼스다이어트푸드-신림본점,"{'lat': '37.4825212', 'lng': '126.92969821'}","['카페/디저트', '샐러드', '포장', '야식', '프랜차이즈']","{'average_rating': 4.9, 'count': 1095, 'image_count': 958, 'reply_count': 897}",4.9,1095,958,897,37.4825212,126.9296982,서울특별시 관악구 신림로 315,서울,관악구,신림동,1,독립 매장,162
인디아더르바르,"{'lat': '37.4820287', 'lng': '126.92976376'}","['피자/양식', '아시안', '고기/구이', '포장']","{'average_rating': 4.8, 'count': 28, 'image_count': 17, 'reply_count': 4}",4.8,28,17,4,37.4820287,126.9297638,서울특별시 관악구 신림로 309,서울,관악구,신림동,1,독립 매장,810
써브웨이-신림점,"{'lat': '37.4825754463389', 'lng': '126.930252882828'}","['피자/양식', '프랜차이즈', '샌드위치', '샐러드']","{'average_rating': 4.8, 'count': 220, 'image_count': 148, 'reply_count': 0}",4.8,220,148,0,37.48257545,126.9302529,서울특별시 관악구 신림로 318,서울,관악구,신림동,4,대규모 공유주방,444
곱창의전설-서울대입구역점,"{'lat': '37.48281457125774', 'lng': '126.95309268230915'}","['한식', '고기/구이', '포장', '야식', '프랜차이즈', '찜/탕']","{'average_rating': 4.8, 'count': 6516, 'image_count': 5226, 'reply_count': 4001}",4.8,6516,5226,4001,37.48281457,126.9530927,서울특별시 관악구 관악로 195,서울,관악구,봉천동,1,독립 매장,20
한식예찬장수반찬,"{'lat': '37.4749518', 'lng': '126.96555057'}","['한식', '고기/구이', '반찬']","{'average_rating': 4.9, 'count': 1519, 'image_count': 1464, 'reply_count': 582}",4.9,1519,1464,582,37.4749518,126.9655506,서울특별시 관악구 남부순환로248길 24,서울,관악구,봉천동,1,독립 매장,127
닭도리어때-봉천점,"{'lat': '37.479139', 'lng': '126.94224078'}","['찜/탕', '한식', '포장', '다회용기']","{'average_rating': 4.9, 'count': 30, 'image_count': 29, 'reply_count': 12}",4.9,30,29,12,37.479139,126.9422408,서울특별시 관악구 참숯1길 2,서울,관악구,봉천동,1,독립 매장,796
냠냠숯불두마리치킨-봉천점,"{'lat': '37.4888384', 'lng': '126.94862936'}","['치킨', '포장', '프랜차이즈', '신규맛집']","{'average_rating': 0.0, 'count': 0, 'image_count': 0, 'reply_count': 0}",0,0,0,0,37.4888384,126.9486294,서울특별시 관악구 은천로25길 63,서울,관악구,봉천동,1,독립 매장,1178
한식세끼1인김치찜&부대찌개-관악점,"{'lat': '37.4857499', 'lng': '126.94071559'}","['찜/탕', '한식', '포장', '1인분주문', '프랜차이즈', '야식']","{'average_rating': 4.9, 'count': 6496, 'image_count': 5535, 'reply_count': 6469}",4.9,6496,5535,6469,37.4857499,126.9407156,서울특별시 관악구 봉천로27길 41,서울,관악구,봉천동,10,대규모 공유주방,21
BHC-신림신원점,"{'lat': '37.4811884', 'lng': '126.92724988'}","['프랜차이즈', '치킨', '야식', '포장']","{'average_rating': 4.8, 'count': 326, 'image_count': 251, 'reply_count': 0}",4.8,326,251,0,37.4811884,126.9272499,서울특별시 관악구 신원로3가길 14,서울,관악구,신림동,1,독립 매장,348
디저트문-본점,"{'lat': '37.4860376830782', 'lng': '126.928812086465'}","['분식', '카페/디저트', '야식', '샌드위치', '포장']","{'average_rating': 4.9, 'count': 2279, 'image_count': 2002, 'reply_count': 1947}",4.9,2279,2002,1947,37.48603768,126.9288121,서울특별시 관악구 신림로67길 9,서울,관악구,신림동,1,독립 매장,90
미친피자-관악점,"{'lat': '37.479169', 'lng': '126.94630031'}","['피자/양식', '포장', '야식', '치킨', '프랜차이즈']","{'average_rating': 4.9, 'count': 12558, 'image_count': 12226, 'reply_count': 3606}",4.9,12558,12226,3606,37.479169,126.9463003,서울특별시 관악구 쑥고개로 88,서울,관악구,봉천동,1,독립 매장,3
더밥상-신림점,"{'lat': '37.486915', 'lng': '126.92595687'}","['한식', '프랜차이즈', '도시락/죽', '고기/구이', '야식', '포장', '신규맛집']","{'average_rating': 4.9, 'count': 21, 'image_count': 18, 'reply_count': 4}",4.9,21,18,4,37.486915,126.9259569,서울특별시 관악구 신림동길 25,서울,관악구,신림동,4,대규모 공유주방,871
무식한감자탕&뼈구이-봉천점,"{'lat': '37.4871632', 'lng': '126.93368559'}","['찜/탕', '한식', '고기/구이', '야식', '포장']","{'average_rating': 4.8, 'count': 145, 'image_count': 127, 'reply_count': 0}",4.8,145,127,0,37.4871632,126.9336856,서울특별시 관악구 봉천로 293,서울,관악구,봉천동,3,소규모 샵인샵,510
아라치-신림점,"{'lat': '37.4828405', 'lng': '126.92462591'}","['프랜차이즈', '치킨', '포장', '야식']","{'average_rating': 4.9, 'count': 576, 'image_count': 469, 'reply_count': 27}",4.9,576,469,27,37.4828405,126.9246259,서울특별시 관악구 남부순환로170길 3,서울,관악구,신림동,1,독립 매장,258
고기듬뿍국물두루치기-신림점,"{'lat': '37.4841958', 'lng': '126.92511351'}","['찜/탕', '한식', '고기/구이', '포장', '야식', '프랜차이즈']","{'average_rating': 5.0, 'count': 171, 'image_count': 124, 'reply_count': 0}",5,171,124,0,37.4841958,126.9251135,서울특별시 관악구 관천로 59,서울,관악구,신림동,4,대규모 공유주방,483
"지금,과일-신림직영점","{'lat': '37.4853205', 'lng': '126.93399279'}","['분식', '카페/디저트', '야식', '프랜차이즈', '포장']","{'average_rating': 5.0, 'count': 91, 'image_count': 69, 'reply_count': 87}",5,91,69,87,37.4853205,126.9339928,서울특별시 관악구 남부순환로191길 5,서울,관악구,신림동,1,독립 매장,603
고기구워주는려자-신림점,"{'lat': '37.48002187615634', 'lng': '126.9330862880287'}","['한식', '고기/구이', '도시락/죽', '포장', '야식']","{'average_rating': 4.9, 'count': 237, 'image_count': 195, 'reply_count': 232}",4.9,237,195,232,37.48002188,126.9330863,서울특별시 관악구 신림로48길 17-20,서울,관악구,신림동,3,소규모 샵인샵,427
누누타코야끼&캔커피-신림점,"{'lat': '37.485065', 'lng': '126.92986437'}","['일식/돈까스', '포장', '야식', '한식', '분식']","{'average_rating': 4.9, 'count': 641, 'image_count': 558, 'reply_count': 348}",4.9,641,558,348,37.485065,126.9298644,서울특별시 관악구 신림로 344,서울,관악구,신림동,2,소규모 샵인샵,237
큰복통닭,"{'lat': '37.4860180281577', 'lng': '126.939843313115'}","['치킨', '1인분주문']","{'average_rating': 4.9, 'count': 2834, 'image_count': 2131, 'reply_count': 1846}",4.9,2834,2131,1846,37.48601803,126.9398433,서울특별시 관악구 은천로 40-1,서울,관악구,봉천동,3,소규모 샵인샵,71
옛날도시락볶음밥-신림점,"{'lat': '37.4847421', 'lng': '126.93998828'}","['한식', '고기/구이', '야식', '도시락/죽', '포장', '신규맛집']","{'average_rating': 5.0, 'count': 11, 'image_count': 11, 'reply_count': 11}",5,11,11,11,37.4847421,126.9399883,서울특별시 관악구 봉천로29길 9,서울,관악구,봉천동,4,대규모 공유주방,949
노모어피자-신림점,"{'lat': '37.4835328', 'lng': '126.92264675'}","['피자/양식', '분식', '야식', '치킨', '프랜차이즈', '포장']","{'average_rating': 5.0, 'count': 2016, 'image_count': 1863, 'reply_count': 1991}",5,2016,1863,1991,37.4835328,126.9226468,서울특별시 관악구 남부순환로 1549,서울,관악구,신림동,1,독립 매장,102
족발정점-본점,"{'lat': '37.480665', 'lng': '126.92698267'}","['족발/보쌈', '고기/구이', '한식', '야식', '포장']","{'average_rating': 4.9, 'count': 256, 'image_count': 269, 'reply_count': 256}",4.9,256,269,256,37.480665,126.9269827,서울특별시 관악구 신원로3가길 23,서울,관악구,신림동,2,소규모 샵인샵,404
싹싹김치찜-관악본점,"{'lat': '37.4868902', 'lng': '126.92445837'}","['찜/탕', '한식', '야식', '포장', '1인분주문']","{'average_rating': 4.9, 'count': 112, 'image_count': 88, 'reply_count': 109}",4.9,112,88,109,37.4868902,126.9244584,서울특별시 관악구 신림동길 38,서울,관악구,신림동,1,독립 매장,567
플러스82-신림점,"{'lat': '37.4865662', 'lng': '126.93155707'}","['분식', '카페/디저트', '샌드위치', '포장', '야식', '프랜차이즈']","{'average_rating': 4.9, 'count': 284, 'image_count': 241, 'reply_count': 272}",4.9,284,241,272,37.4865662,126.9315571,서울특별시 관악구 신림로68길 39,서울,관악구,신림동,1,독립 매장,375
김종용누룽지통닭-신림점,"{'lat': '37.4853293278141', 'lng': '126.933779549962'}","['포장', '야식', '치킨']","{'average_rating': 4.9, 'count': 397, 'image_count': 330, 'reply_count': 3}",4.9,397,330,3,37.48532933,126.9337795,서울특별시 관악구 신림로64길 72,서울,관악구,신림동,1,독립 매장,320
맹호수제돈까스-신림점,"{'lat': '37.4839065', 'lng': '126.94208333'}","['고기/구이', '일식/돈까스', '포장', '프랜차이즈', '1인분주문']","{'average_rating': 4.9, 'count': 721, 'image_count': 594, 'reply_count': 580}",4.9,721,594,580,37.4839065,126.9420833,서울특별시 관악구 봉천로 373-16,서울,관악구,봉천동,1,독립 매장,222
쭈꾸미협동조합-신림점,"{'lat': '37.4841958', 'lng': '126.92511351'}","['찜/탕', '한식', '고기/구이', '포장', '야식', '프랜차이즈']","{'average_rating': 5.0, 'count': 29, 'image_count': 27, 'reply_count': 0}",5,29,27,0,37.4841958,126.9251135,서울특별시 관악구 관천로 59,서울,관악구,신림동,4,대규모 공유주방,803
춘리마라탕-신림역점,"{'lat': '37.4821733', 'lng': '126.93008486'}","['중국집', '찜/탕', '프랜차이즈', '포장']","{'average_rating': 4.9, 'count': 2360, 'image_count': 2104, 'reply_count': 240}",4.9,2360,2104,240,37.4821733,126.9300849,서울특별시 관악구 신림로 312,서울,관악구,신림동,1,독립 매장,85
굽네치킨&피자-은천점,"{'lat': '37.4862903', 'lng': '126.94220021'}","['피자/양식', '프랜차이즈', '치킨', '포장']","{'average_rating': 4.9, 'count': 1193, 'image_count': 1002, 'reply_count': 83}",4.9,1193,1002,83,37.4862903,126.9422002,서울 관악구 봉천동 622-3,서울,관악구,봉천동,1,독립 매장,151
맘스터치-신림역점,"{'lat': '37.4843848', 'lng': '126.92829443'}","['버거', '프랜차이즈', '치킨', '포장']","{'average_rating': 4.8, 'count': 937, 'image_count': 797, 'reply_count': 293}",4.8,937,797,293,37.4843848,126.9282944,서울특별시 관악구 남부순환로 1599-3,서울,관악구,신림동,1,독립 매장,181
외계인피자-신림점,"{'lat': '37.4848897', 'lng': '126.93768233'}","['피자/양식', '포장', '프랜차이즈']","{'average_rating': 5.0, 'count': 3140, 'image_count': 3042, 'reply_count': 3138}",5,3140,3042,3138,37.4848897,126.9376823,서울특별시 관악구 봉천로 338,서울,관악구,봉천동,1,독립 매장,59
1kg덮밥-봉천점,"{'lat': '37.484532', 'lng': '126.93968267'}","['분식', '고기/구이', '한식', '야식', '포장', '프랜차이즈']","{'average_rating': 4.9, 'count': 929, 'image_count': 759, 'reply_count': 231}",4.9,929,759,231,37.484532,126.9396827,서울특별시 관악구 봉천로 353-1,서울,관악구,봉천동,6,대규모 공유주방,182
요아정-신림점,"{'lat': '37.488939', 'lng': '126.925509'}","['카페/디저트', '야식', '포장', '프랜차이즈']","{'average_rating': 4.9, 'count': 843, 'image_count': 724, 'reply_count': 507}",4.9,843,724,507,37.488939,126.925509,서울특별시 관악구 봉천로6길 17,서울,관악구,신림동,1,독립 매장,197
고기로-신림점,"{'lat': '37.4842234', 'lng': '126.92352676'}","['고기/구이', '포장', '야식', '프랜차이즈']","{'average_rating': 4.9, 'count': 1931, 'image_count': 1622, 'reply_count': 1927}",4.9,1931,1622,1927,37.4842234,126.9235268,서울특별시 관악구 남부순환로167길 14,서울,관악구,신림동,1,독립 매장,106
곱도리탕에미친곱미남-관악본점,"{'lat': '37.489193', 'lng': '126.93024395'}","['찜/탕', '한식', '고기/구이', '포장', '야식']","{'average_rating': 5.0, 'count': 71, 'image_count': 59, 'reply_count': 70}",5,71,59,70,37.489193,126.930244,서울특별시 관악구 봉천로13길 9,서울,관악구,봉천동,10,대규모 공유주방,646
장인떡볶이,"{'lat': '37.4717877558061', 'lng': '126.939194923473'}","['분식', '한식', '포장']","{'average_rating': 4.9, 'count': 4350, 'image_count': 4328, 'reply_count': 2157}",4.9,4350,4328,2157,37.47178776,126.9391949,서울특별시 관악구 신림로12길 34,서울,관악구,신림동,1,독립 매장,37
밥풀릭스-신림점,"{'lat': '37.4887849', 'lng': '126.92615021'}","['찜/탕', '한식', '도시락/죽', '포장', '프랜차이즈', '1인분주문']","{'average_rating': 4.9, 'count': 346, 'image_count': 253, 'reply_count': 36}",4.9,346,253,36,37.4887849,126.9261502,서울특별시 관악구 관천로22길 67,서울,관악구,신림동,3,소규모 샵인샵,336
구름계란덮밥-신림점,"{'lat': '37.47934152072143', 'lng': '126.92690954502972'}","['한식', '일식/돈까스', '도시락/죽', '포장', '프랜차이즈', '1인분주문']","{'average_rating': 5.0, 'count': 2744, 'image_count': 2453, 'reply_count': 2721}",5,2744,2453,2721,37.47934152,126.9269095,서울특별시 관악구 문성로 209,서울,관악구,신림동,1,독립 매장,75
지코바치킨-신림2호점,"{'lat': '37.4792357478163', 'lng': '126.928390927545'}","['프랜차이즈', '치킨', '포장']","{'average_rating': 4.9, 'count': 1705, 'image_count': 1404, 'reply_count': 1187}",4.9,1705,1404,1187,37.47923575,126.9283909,서울특별시 관악구 문성로 222,서울,관악구,신림동,1,독립 매장,118
초밥24-신림점,"{'lat': '37.4814745', 'lng': '126.92979386'}","['일식/돈까스', '회/초밥', '포장', '1인분주문']","{'average_rating': 4.9, 'count': 717, 'image_count': 640, 'reply_count': 717}",4.9,717,640,717,37.4814745,126.9297939,서울특별시 관악구 신림로 303,서울,관악구,신림동,1,독립 매장,223
간식주유소-본점,"{'lat': '37.4861307', 'lng': '126.93675981'}","['카페/디저트', '야식', '샌드위치', '포장']","{'average_rating': 4.8, 'count': 59, 'image_count': 50, 'reply_count': 59}",4.8,59,50,59,37.4861307,126.9367598,서울특별시 관악구 은천로 14,서울,관악구,봉천동,3,소규모 샵인샵,683
88제육-신림봉천점,"{'lat': '37.4832725032839', 'lng': '126.940266203156'}","['찜/탕', '프랜차이즈', '한식', '포장']","{'average_rating': 5.0, 'count': 3272, 'image_count': 2674, 'reply_count': 1457}",5,3272,2674,1457,37.4832725,126.9402662,서울특별시 관악구 남부순환로 1709,서울,관악구,봉천동,1,독립 매장,55
킹케밥-샤로수길점,"{'lat': '37.479009307193756', 'lng': '126.95426014017832'}","['피자/양식', '아시안', '고기/구이', '포장', '야식']","{'average_rating': 4.7, 'count': 203, 'image_count': 167, 'reply_count': 203}",4.7,203,167,203,37.47900931,126.9542601,서울특별시 관악구 관악로14길 31,서울,관악구,봉천동,1,독립 매장,455
쉐프의생안심탕수육-관악본점,"{'lat': '37.4867629', 'lng': '126.94082561'}","['중국집', '분식', '야식', '포장', '프랜차이즈', '1인분주문']","{'average_rating': 4.7, 'count': 58, 'image_count': 45, 'reply_count': 52}",4.7,58,45,52,37.4867629,126.9408256,서울특별시 관악구 은천로9길 14,서울,관악구,봉천동,5,대규모 공유주방,686
푸라닭-신림점,"{'lat': '37.4847535198519', 'lng': '126.927367337399'}","['야식', '프랜차이즈', '치킨', '포장']","{'average_rating': 4.9, 'count': 6283, 'image_count': 5650, 'reply_count': 6283}",4.9,6283,5650,6283,37.48475352,126.9273673,서울특별시 관악구 신림로65길 37,서울,관악구,신림동,1,독립 매장,23
족발부심-본점,"{'lat': '37.4809306', 'lng': '126.94609105'}","['아시안', '고기/구이', '족발/보쌈', '포장', '야식']","{'average_rating': 5.0, 'count': 484, 'image_count': 459, 'reply_count': 471}",5,484,459,471,37.4809306,126.9460911,서울특별시 관악구 청룡길 20,서울,관악구,봉천동,2,소규모 샵인샵,288
평안도순대국감자탕-신림점,"{'lat': '37.4832584', 'lng': '126.92110321'}","['포장', '한식', '1인분주문']","{'average_rating': 4.7, 'count': 4200, 'image_count': 2586, 'reply_count': 4171}",4.7,4200,2586,4171,37.4832584,126.9211032,서울특별시 관악구 남부순환로 1535,서울,관악구,신림동,1,독립 매장,40
너가찾던곱도리탕-본점,"{'lat': '37.4908773', 'lng': '126.93019749'}","['찜/탕', '한식', '포장', '야식']","{'average_rating': 5.0, 'count': 642, 'image_count': 530, 'reply_count': 571}",5,642,530,571,37.4908773,126.9301975,서울특별시 관악구 당곡2길 22,서울,관악구,봉천동,3,소규모 샵인샵,236
백억커피-봉천역점,"{'lat': '37.4817797', 'lng': '126.94140659'}","['카페/디저트', '포장', '프랜차이즈', '야식']","{'average_rating': 4.9, 'count': 1007, 'image_count': 720, 'reply_count': 626}",4.9,1007,720,626,37.4817797,126.9414066,서울특별시 관악구 장군봉1길 24,서울,관악구,봉천동,1,독립 매장,168
멕시카나-봉천점,"{'lat': '37.4823266', 'lng': '126.9448119'}","['프랜차이즈', '치킨', '포장']","{'average_rating': 4.8, 'count': 4961, 'image_count': 4062, 'reply_count': 2872}",4.8,4961,4062,2872,37.4823266,126.9448119,서울특별시 관악구 남부순환로 1751,서울,관악구,봉천동,3,소규모 샵인샵,31
야미닭발,"{'lat': '37.4834327', 'lng': '126.94723948'}","['고기/구이', '포장', '야식', '신규맛집']","{'average_rating': 4.9, 'count': 33, 'image_count': 39, 'reply_count': 31}",4.9,33,39,31,37.4834327,126.9472395,서울특별시 관악구 양녕로2길 9,서울,관악구,봉천동,1,독립 매장,781
샵볶음밥-신림점,"{'lat': '37.4874494', 'lng': '126.93312628'}","['샐러드', '한식', '분식', '포장', '야식']","{'average_rating': 5.0, 'count': 1241, 'image_count': 935, 'reply_count': 1237}",5,1241,935,1237,37.4874494,126.9331263,서울특별시 관악구 봉천로 287,서울,관악구,봉천동,4,대규모 공유주방,142
싸다김밥-신림역점,"{'lat': '37.484438', 'lng': '126.92880372'}","['한식', '분식', '일식/돈까스', '야식', '포장', '프랜차이즈']","{'average_rating': 4.7, 'count': 1623, 'image_count': 1407, 'reply_count': 0}",4.7,1623,1407,0,37.484438,126.9288037,서울특별시 관악구 남부순환로 1603,서울,관악구,신림동,1,독립 매장,122
파스타예요-신림점,"{'lat': '37.4873758', 'lng': '126.9331862'}","['피자/양식', '야식', '포장', '프랜차이즈', '1인분주문']","{'average_rating': 5.0, 'count': 2486, 'image_count': 2099, 'reply_count': 1121}",5,2486,2099,1121,37.4873758,126.9331862,서울특별시 관악구 봉천로 287-1,서울,관악구,봉천동,1,독립 매장,80
번쩍피자-관악점,"{'lat': '37.485710811816624', 'lng': '126.93785568686478'}","['피자/양식', '야식', '포장', '프랜차이즈']","{'average_rating': 5.0, 'count': 2598, 'image_count': 2430, 'reply_count': 2458}",5,2598,2430,2458,37.48571081,126.9378557,서울특별시 관악구 봉천로25길 9,서울,관악구,봉천동,1,독립 매장,78
무식한김치찜-관악점,"{'lat': '37.4871632', 'lng': '126.93368559'}","['찜/탕', '한식', '포장', '야식']","{'average_rating': 4.9, 'count': 2329, 'image_count': 1868, 'reply_count': 970}",4.9,2329,1868,970,37.4871632,126.9336856,서울특별시 관악구 봉천로 293,서울,관악구,봉천동,3,소규모 샵인샵,88
백돈-관악점,"{'lat': '37.48270167330091', 'lng': '126.91612264141901'}","['한식', '일식/돈까스', '도시락/죽', '프랜차이즈', '포장']","{'average_rating': 5.0, 'count': 1294, 'image_count': 1112, 'reply_count': 343}",5,1294,1112,343,37.48270167,126.9161226,서울특별시 관악구 남부순환로149길 10,서울,관악구,신림동,1,독립 매장,141
치포킹치킨과포테이토의킹왕짱콜라보-신림스타점,"{'lat': '37.485897', 'lng': '126.93839049'}","['분식', '고기/구이', '야식', '치킨', '포장', '1인분주문']","{'average_rating': 5.0, 'count': 3, 'image_count': 3, 'reply_count': 0}",5,3,3,0,37.485897,126.9383905,서울특별시 관악구 은천로 28,서울,관악구,봉천동,7,대규모 공유주방,1072
나는문어타코야끼-봉천점,"{'lat': '37.4857221', 'lng': '126.93696214'}","['분식', '카페/디저트', '일식/돈까스', '포장', '야식', '프랜차이즈']","{'average_rating': 4.8, 'count': 63, 'image_count': 70, 'reply_count': 0}",4.8,63,70,0,37.4857221,126.9369621,서울특별시 관악구 봉천로 327,서울,관악구,봉천동,5,대규모 공유주방,667
동네에중식맛집없어서내가차린중국집-신림점,"{'lat': '37.4844866', 'lng': '126.93582351'}","['중국집', '포장', '야식']","{'average_rating': 4.6, 'count': 69, 'image_count': 68, 'reply_count': 0}",4.6,69,68,0,37.4844866,126.9358235,서울특별시 관악구 남부순환로 1668,서울,관악구,신림동,10,대규모 공유주방,649
지랄닭발-봉천점,"{'lat': '37.4866591544311', 'lng': '126.937994248837'}","['한식', '야식', '프랜차이즈', '분식', '포장']","{'average_rating': 4.9, 'count': 502, 'image_count': 455, 'reply_count': 22}",4.9,502,455,22,37.48665915,126.9379942,서울특별시 관악구 은천로5길 7,서울,관악구,봉천동,1,독립 매장,281
무궁김치찜-관악본점,"{'lat': '37.4866001', 'lng': '126.92262967'}","['찜/탕', '한식', '포장', '고기/구이', '야식', '1인분주문']","{'average_rating': 4.9, 'count': 480, 'image_count': 406, 'reply_count': 460}",4.9,480,406,460,37.4866001,126.9226297,서울특별시 관악구 관천로 91,서울,관악구,신림동,1,독립 매장,289
인생아구찜-관악점,"{'lat': '37.4792465', 'lng': '126.94450299'}","['찜/탕', '한식', '포장', '프랜차이즈']","{'average_rating': 5.0, 'count': 319, 'image_count': 263, 'reply_count': 14}",5,319,263,14,37.4792465,126.944503,서울특별시 관악구 쑥고개로16길 3,서울,관악구,봉천동,1,독립 매장,354
탐나종합어시장-신림점,"{'lat': '37.4890276', 'lng': '126.92792392'}","['한식', '야식', '일식/돈까스', '회/초밥', '포장', '프랜차이즈']","{'average_rating': 4.9, 'count': 280, 'image_count': 256, 'reply_count': 162}",4.9,280,256,162,37.4890276,126.9279239,서울특별시 관악구 신림로 391,서울,관악구,신림동,1,독립 매장,382
그때 그 닭강정,"{'lat': '37.483562197687', 'lng': '126.921554020637'}","['야식', '치킨', '포장']","{'average_rating': 5.0, 'count': 1044, 'image_count': 839, 'reply_count': 688}",5,1044,839,688,37.4835622,126.921554,서울특별시 관악구 남부순환로161길 6,서울,관악구,신림동,1,독립 매장,165
김치찜을부탁해-신림본점,"{'lat': '37.4855486', 'lng': '126.93730386'}","['찜/탕', '한식', '야식', '포장', '1인분주문']","{'average_rating': 4.9, 'count': 2583, 'image_count': 2038, 'reply_count': 676}",4.9,2583,2038,676,37.4855486,126.9373039,서울특별시 관악구 봉천로 331,서울,관악구,봉천동,1,독립 매장,79
백억커피-서원역점,"{'lat': '37.4773987', 'lng': '126.9376734'}","['카페/디저트', '포장', '프랜차이즈', '야식']","{'average_rating': 4.8, 'count': 320, 'image_count': 216, 'reply_count': 0}",4.8,320,216,0,37.4773987,126.9376734,서울특별시 관악구 쑥고개로 3,서울,관악구,신림동,3,소규모 샵인샵,353
뉴요커피자-신림점,"{'lat': '37.4840248', 'lng': '126.92243307'}","['피자/양식', '치킨', '포장', '야식', '신규맛집']","{'average_rating': 5.0, 'count': 11, 'image_count': 13, 'reply_count': 8}",5,11,13,8,37.4840248,126.9224331,서울특별시 관악구 관천로11길 46,서울,관악구,신림동,1,독립 매장,949
삼겹당-관악직영점,"{'lat': '37.4789584', 'lng': '126.93241932'}","['한식', '고기/구이', '야식', '포장']","{'average_rating': 4.9, 'count': 216, 'image_count': 186, 'reply_count': 182}",4.9,216,186,182,37.4789584,126.9324193,서울특별시 관악구 신림로48길 6,서울,관악구,신림동,2,소규모 샵인샵,446
롯데리아-신림역점,"{'lat': '37.4838706463823', 'lng': '126.929300767457'}","['프랜차이즈', '치킨', '버거', '야식', '포장']","{'average_rating': 4.5, 'count': 6678, 'image_count': 3290, 'reply_count': 2170}",4.5,6678,3290,2170,37.48387065,126.9293008,서울특별시 관악구 남부순환로 1610,서울,관악구,신림동,1,독립 매장,18
명품김치보쌈&한식요리전문점개화식당,"{'lat': '37.4792774', 'lng': '126.92664336'}","['찜/탕', '족발/보쌈', '포장', '고기/구이']","{'average_rating': 5.0, 'count': 1472, 'image_count': 1390, 'reply_count': 274}",5,1472,1390,274,37.4792774,126.9266434,서울특별시 관악구 문성로 205,서울,관악구,신림동,1,독립 매장,131
국밥회관-봉천점,"{'lat': '37.490775892303546', 'lng': '126.9300021802972'}","['찜/탕', '한식', '포장', '1인분주문']","{'average_rating': 4.9, 'count': 247, 'image_count': 216, 'reply_count': 224}",4.9,247,216,224,37.49077589,126.9300022,서울특별시 관악구 당곡2길 20,서울,관악구,봉천동,1,독립 매장,414
돈돼후야시장돼지갈비후라이드-관악본점,"{'lat': '37.4867629', 'lng': '126.94082561'}","['분식', '야식', '치킨', '포장', '프랜차이즈', '1인분주문']","{'average_rating': 4.9, 'count': 25, 'image_count': 23, 'reply_count': 23}",4.9,25,23,23,37.4867629,126.9408256,서울특별시 관악구 은천로9길 14,서울,관악구,봉천동,5,대규모 공유주방,830
동대문엽기떡볶이-신림점,"{'lat': '37.4870043085342', 'lng': '126.927290644215'}","['분식', '프랜차이즈']","{'average_rating': 4.8, 'count': 173, 'image_count': 138, 'reply_count': 0}",4.8,173,138,0,37.48700431,126.9272906,서울특별시 관악구 신림동5길 5,서울,관악구,신림동,1,독립 매장,482
MZ파스타-신림점,"{'lat': '37.4839342', 'lng': '126.93936786'}","['피자/양식', '분식', '고기/구이', '포장', '야식', '1인분주문', '신규맛집']","{'average_rating': 5.0, 'count': 10, 'image_count': 9, 'reply_count': 10}",5,10,9,10,37.4839342,126.9393679,서울특별시 관악구 봉천로 356,서울,관악구,봉천동,6,대규모 공유주방,964
연정찜닭-신림봉천점,"{'lat': '37.4893328', 'lng': '126.92398241'}","['찜/탕', '한식', '포장', '고기/구이']","{'average_rating': 4.9, 'count': 165, 'image_count': 122, 'reply_count': 100}",4.9,165,122,100,37.4893328,126.9239824,서울특별시 관악구 봉천로4길 9,서울,관악구,신림동,2,소규모 샵인샵,486
송주불냉면-신림점,"{'lat': '37.488025070881', 'lng': '126.925565449409'}","['한식', '프랜차이즈']","{'average_rating': 4.8, 'count': 228, 'image_count': 176, 'reply_count': 0}",4.8,228,176,0,37.48802507,126.9255654,서울특별시 관악구 관천로18길 45,서울,관악구,신림동,1,독립 매장,436
왕세수대야빙수-신림점,"{'lat': '37.480665', 'lng': '126.92698267'}","['카페/디저트', '야식', '샌드위치', '포장']","{'average_rating': 4.9, 'count': 125, 'image_count': 122, 'reply_count': 25}",4.9,125,122,25,37.480665,126.9269827,서울특별시 관악구 신원로3가길 23,서울,관악구,신림동,2,소규모 샵인샵,547
짬뽕지존-봉천점,"{'lat': '37.481625397736686', 'lng': '126.94665226552254'}","['중국집', '프랜차이즈', '포장', '야식']","{'average_rating': 4.9, 'count': 1779, 'image_count': 1475, 'reply_count': 291}",4.9,1779,1475,291,37.4816254,126.9466523,서울특별시 관악구 남부순환로 1770,서울,관악구,봉천동,1,독립 매장,113
멕시카나-신림점,"{'lat': '37.4823266', 'lng': '126.9448119'}","['프랜차이즈', '치킨', '포장']","{'average_rating': 4.8, 'count': 4195, 'image_count': 3334, 'reply_count': 633}",4.8,4195,3334,633,37.4823266,126.9448119,서울특별시 관악구 남부순환로 1751,서울,관악구,봉천동,3,소규모 샵인샵,41
큭큭피자-본점,"{'lat': '37.4830067', 'lng': '126.93840812'}","['피자/양식', '야식', '포장', '프랜차이즈']","{'average_rating': 4.9, 'count': 911, 'image_count': 883, 'reply_count': 899}",4.9,911,883,899,37.4830067,126.9384081,서울특별시 관악구 장군봉2길 35,서울,관악구,봉천동,1,독립 매장,186
120겹파이-신림점,"{'lat': '37.4876853', 'lng': '126.93993903'}","['카페/디저트', '야식', '샌드위치']","{'average_rating': 5.0, 'count': 660, 'image_count': 569, 'reply_count': 33}",5,660,569,33,37.4876853,126.939939,서울특별시 관악구 국회단지길 35,서울,관악구,봉천동,2,소규모 샵인샵,234
BHC-봉천청룡점,"{'lat': '37.479516', 'lng': '126.94253419'}","['치킨', '포장', '프랜차이즈']","{'average_rating': 4.9, 'count': 379, 'image_count': 343, 'reply_count': 194}",4.9,379,343,194,37.479516,126.9425342,서울특별시 관악구 쑥고개로 54,서울,관악구,봉천동,1,독립 매장,325
돈맛탱삼겹살전문-신림점,"{'lat': '37.4811191', 'lng': '126.92752263'}","['한식', '고기/구이', '포장', '찜/탕', '야식']","{'average_rating': 4.9, 'count': 477, 'image_count': 402, 'reply_count': 327}",4.9,477,402,327,37.4811191,126.9275226,서울특별시 관악구 신원로3가길 9,서울,관악구,신림동,3,소규모 샵인샵,291
통통회-신림점,"{'lat': '37.4786365', 'lng': '126.93112815'}","['야식', '회/초밥', '포장', '한식', '프랜차이즈', '1인분주문']","{'average_rating': 4.9, 'count': 622, 'image_count': 492, 'reply_count': 521}",4.9,622,492,521,37.4786365,126.9311282,서울특별시 관악구 문성로 247-1,서울,관악구,신림동,1,독립 매장,243
곱하돌곱도리하는돌아이-관악본점,"{'lat': '37.489193', 'lng': '126.93024395'}","['찜/탕', '한식', '야식', '포장', '신규맛집']","{'average_rating': 5.0, 'count': 28, 'image_count': 24, 'reply_count': 26}",5,28,24,26,37.489193,126.930244,서울특별시 관악구 봉천로13길 9,서울,관악구,봉천동,10,대규모 공유주방,810
카츠와이찌-신림점,"{'lat': '37.4859944', 'lng': '126.92117477'}","['고기/구이', '일식/돈까스', '포장', '야식', '프랜차이즈', '신규맛집']","{'average_rating': 5.0, 'count': 14, 'image_count': 10, 'reply_count': 0}",5,14,10,0,37.4859944,126.9211748,서울특별시 관악구 조원로 170,서울,관악구,신림동,8,대규모 공유주방,922
백정밥상-봉천점,"{'lat': '37.484532', 'lng': '126.93968267'}","['한식', '고기/구이', '야식', '도시락/죽', '포장', '프랜차이즈']","{'average_rating': 4.9, 'count': 243, 'image_count': 213, 'reply_count': 104}",4.9,243,213,104,37.484532,126.9396827,서울특별시 관악구 봉천로 353-1,서울,관악구,봉천동,6,대규모 공유주방,418
후투타코(HOOTUTACO)-봉천점,"{'lat': '37.4814092', 'lng': '126.94310598'}","['피자/양식', '포장', '1인분주문']","{'average_rating': 4.7, 'count': 62, 'image_count': 41, 'reply_count': 28}",4.7,62,41,28,37.4814092,126.943106,서울특별시 관악구 장군봉1길 56,서울,관악구,봉천동,11,대규모 공유주방,671
아리랑숯불두마리치킨,"{'lat': '37.4832005', 'lng': '126.91451782'}","['한식', '고기/구이', '치킨', '포장']","{'average_rating': 4.6, 'count': 46, 'image_count': 38, 'reply_count': 0}",4.6,46,38,0,37.4832005,126.9145178,서울특별시 관악구 난곡로 326,서울,관악구,신림동,1,독립 매장,726
원래는치킨집을할려고했었다-관악점,"{'lat': '37.4794155', 'lng': '126.94194469'}","['포장', '분식', '치킨', '야식', '프랜차이즈']","{'average_rating': 4.9, 'count': 4723, 'image_count': 4469, 'reply_count': 3129}",4.9,4723,4469,3129,37.4794155,126.9419447,서울특별시 관악구 쑥고개로 48,서울,관악구,봉천동,9,대규모 공유주방,33
마약낙곱새-관악점,"{'lat': '37.486974', 'lng': '126.94909548'}","['한식', '프랜차이즈', '야식', '포장', '다회용기', '1인분주문']","{'average_rating': 4.9, 'count': 2161, 'image_count': 1959, 'reply_count': 650}",4.9,2161,1959,650,37.486974,126.9490955,서울특별시 관악구 은천로25길 4,서울,관악구,봉천동,1,독립 매장,97
수제찹쌀탕수육의신-본점,"{'lat': '37.489171446961606', 'lng': '126.93022018090883'}","['중국집', '분식', '프랜차이즈', '포장']","{'average_rating': 4.9, 'count': 266, 'image_count': 225, 'reply_count': 217}",4.9,266,225,217,37.48917145,126.9302202,서울특별시 관악구 봉천로13길 9,서울,관악구,봉천동,2,소규모 샵인샵,394
배스킨라빈스-신림점,"{'lat': '37.4821433655296', 'lng': '126.929667127465'}","['카페/디저트', '프랜차이즈', '포장']","{'average_rating': 4.8, 'count': 3279, 'image_count': 1943, 'reply_count': 1360}",4.8,3279,1943,1360,37.48214337,126.9296671,서울특별시 관악구 신림로 311,서울,관악구,신림동,2,소규모 샵인샵,54
참맛있는장왕족발-관악본점,"{'lat': '37.4836935', 'lng': '126.95313023'}","['고기/구이', '족발/보쌈', '포장']","{'average_rating': 5.0, 'count': 54, 'image_count': 58, 'reply_count': 54}",5,54,58,54,37.4836935,126.9531302,서울특별시 관악구 중앙1길 15,서울,관악구,봉천동,1,독립 매장,699
미스터낙곱새-신림점,"{'lat': '37.4802922839589', 'lng': '126.928366715493'}","['찜/탕', '한식', '분식', '포장']","{'average_rating': 4.9, 'count': 406, 'image_count': 382, 'reply_count': 113}",4.9,406,382,113,37.48029228,126.9283667,서울특별시 관악구 문성로31길 23,서울,관악구,신림동,1,독립 매장,318
자담치킨-신림역점,"{'lat': '37.48645996440502', 'lng': '126.92613637607973'}","['포장', '프랜차이즈', '치킨']","{'average_rating': 4.9, 'count': 2789, 'image_count': 2429, 'reply_count': 11}",4.9,2789,2429,11,37.48645996,126.9261364,서울특별시 관악구 신림동5가길 23,서울,관악구,신림동,1,독립 매장,72
동궁찜닭-서울신림점,"{'lat': '37.4840152', 'lng': '126.94132463'}","['찜/탕', '한식', '프랜차이즈', '포장']","{'average_rating': 4.9, 'count': 773, 'image_count': 651, 'reply_count': 427}",4.9,773,651,427,37.4840152,126.9413246,서울특별시 관악구 봉천로31길 7,서울,관악구,봉천동,1,독립 매장,216
꾸덕제과,"{'lat': '37.4817409', 'lng': '126.9397209'}","['카페/디저트', '포장', '야식']","{'average_rating': 4.9, 'count': 91, 'image_count': 85, 'reply_count': 7}",4.9,91,85,7,37.4817409,126.9397209,서울특별시 관악구 장군봉길 26,서울,관악구,봉천동,1,독립 매장,603
꿀때기곱창-보라매점,"{'lat': '37.4913183', 'lng': '126.92619578'}","['한식', '찜/탕', '고기/구이', '포장', '야식']","{'average_rating': 4.0, 'count': 11, 'image_count': 9, 'reply_count': 0}",4,11,9,0,37.4913183,126.9261958,서울특별시 관악구 보라매로3길 17,서울,관악구,봉천동,1,독립 매장,949
신림양면소,"{'lat': '37.4886561', 'lng': '126.92806425'}","['피자/양식', '포장', '야식', '신규맛집']","{'average_rating': 4.8, 'count': 11, 'image_count': 12, 'reply_count': 8}",4.8,11,12,8,37.4886561,126.9280643,서울특별시 관악구 신림로 387,서울,관악구,신림동,1,독립 매장,949
국밥생각-신림본점,"{'lat': '37.4804748', 'lng': '126.94597577'}","['한식', '프랜차이즈', '야식', '1인분주문', '찜/탕', '고기/구이']","{'average_rating': 4.7, 'count': 334, 'image_count': 246, 'reply_count': 160}",4.7,334,246,160,37.4804748,126.9459758,서울특별시 관악구 청룡길 30,서울,관악구,봉천동,1,독립 매장,343
기영이숯불두마리치킨-관악보라매점,"{'lat': '37.4869265', 'lng': '126.93810854'}","['고기/구이', '프랜차이즈', '치킨', '포장']","{'average_rating': 4.9, 'count': 299, 'image_count': 252, 'reply_count': 292}",4.9,299,252,292,37.4869265,126.9381085,서울특별시 관악구 봉천로23나길 47,서울,관악구,봉천동,1,독립 매장,365
맥도날드-신림점,"{'lat': '37.4819355', 'lng': '126.93018519'}","['버거', '프랜차이즈']","{'average_rating': 4.5, 'count': 11011, 'image_count': 6465, 'reply_count': 6}",4.5,11011,6465,6,37.4819355,126.9301852,서울특별시 관악구 신림로 310,서울,관악구,신림동,1,독립 매장,5
샐러리아샐러드&포케-신림점,"{'lat': '37.486222', 'lng': '126.9261829'}","['포장', '프랜차이즈', '샐러드']","{'average_rating': 4.8, 'count': 174, 'image_count': 172, 'reply_count': 126}",4.8,174,172,126,37.486222,126.9261829,서울특별시 관악구 관천로12길 27,서울,관악구,신림동,1,독립 매장,479
철통닭갈비-봉천점,"{'lat': '37.48145660510619', 'lng': '126.94310978729818'}","['찜/탕', '한식', '프랜차이즈', '고기/구이', '야식', '다회용기', '포장']","{'average_rating': 4.9, 'count': 447, 'image_count': 353, 'reply_count': 446}",4.9,447,353,446,37.48145661,126.9431098,서울특별시 관악구 장군봉1길 56,서울,관악구,봉천동,1,독립 매장,305
미래식부,"{'lat': '37.4833505', 'lng': '126.94286352'}","['중국집', '한식', '아시안']","{'average_rating': 4.9, 'count': 6941, 'image_count': 6400, 'reply_count': 17}",4.9,6941,6400,17,37.4833505,126.9428635,서울특별시 관악구 봉천로 385,서울,관악구,봉천동,2,소규모 샵인샵,15
또리커피-관악점,"{'lat': '37.48027895602974', 'lng': '126.90467784809681'}","['분식', '카페/디저트', '샌드위치', '포장', '야식', '프랜차이즈']","{'average_rating': 4.9, 'count': 1712, 'image_count': 1501, 'reply_count': 1578}",4.9,1712,1501,1578,37.48027896,126.9046778,서울특별시 관악구 남부순환로 1385,서울,관악구,신림동,1,독립 매장,117
153구포국수-봉천점,"{'lat': '37.482388', 'lng': '126.94374014'}","['한식', '분식', '포장', '야식', '프랜차이즈', '족발/보쌈']","{'average_rating': 4.8, 'count': 1408, 'image_count': 1190, 'reply_count': 1387}",4.8,1408,1190,1387,37.482388,126.9437401,서울특별시 관악구 남부순환로 1741,서울,관악구,봉천동,2,소규모 샵인샵,136
쿠모돈카츠-신림점,"{'lat': '37.4822089', 'lng': '126.92702428'}","['일식/돈까스', '포장', '1인분주문', '신규맛집']","{'average_rating': 5.0, 'count': 12, 'image_count': 14, 'reply_count': 12}",5,12,14,12,37.4822089,126.9270243,서울특별시 관악구 신원로3길 30,서울,관악구,신림동,1,독립 매장,943
지코바치킨-보라매점,"{'lat': '37.4896781', 'lng': '126.92878414'}","['포장', '프랜차이즈', '치킨', '신규맛집']","{'average_rating': 4.0, 'count': 2, 'image_count': 1, 'reply_count': 0}",4,2,1,0,37.4896781,126.9287841,서울특별시 관악구 당곡길 7,서울,관악구,봉천동,1,독립 매장,1095
갱상도야채고기찜-신림점,"{'lat': '37.4868663', 'lng': '126.93873133'}","['찜/탕', '한식', '고기/구이', '포장', '야식', '프랜차이즈']","{'average_rating': 5.0, 'count': 233, 'image_count': 200, 'reply_count': 0}",5,233,200,0,37.4868663,126.9387313,서울 관악구 봉천동 953-10,서울,관악구,봉천동,3,소규모 샵인샵,431
두부장인-봉천점,"{'lat': '37.484532', 'lng': '126.93968267'}","['찜/탕', '한식', '고기/구이', '야식', '포장', '프랜차이즈']","{'average_rating': 4.8, 'count': 263, 'image_count': 217, 'reply_count': 100}",4.8,263,217,100,37.484532,126.9396827,서울특별시 관악구 봉천로 353-1,서울,관악구,봉천동,6,대규모 공유주방,396
피자와썹-관악직영점,"{'lat': '37.4791573', 'lng': '126.94605154'}","['프랜차이즈', '치킨', '피자/양식', '분식', '야식', '포장']","{'average_rating': 5.0, 'count': 533, 'image_count': 559, 'reply_count': 213}",5,533,559,213,37.4791573,126.9460515,서울특별시 관악구 쑥고개로 86,서울,관악구,봉천동,4,대규모 공유주방,267
꿀튀돼지후라이드-서울봉천점,"{'lat': '37.4912331', 'lng': '126.92839166'}","['분식', '고기/구이', '치킨', '포장', '야식']","{'average_rating': 4.9, 'count': 143, 'image_count': 134, 'reply_count': 116}",4.9,143,134,116,37.4912331,126.9283917,서울특별시 관악구 당곡길 48,서울,관악구,봉천동,1,독립 매장,515
밥구정로데오-봉천점,"{'lat': '37.477889', 'lng': '126.94185505'}","['한식', '포장', '1인분주문', '찜/탕', '도시락/죽', '야식', '프랜차이즈']","{'average_rating': 4.9, 'count': 1212, 'image_count': 1115, 'reply_count': 0}",4.9,1212,1115,0,37.477889,126.9418551,서울특별시 관악구 참숯1길 19,서울,관악구,봉천동,5,대규모 공유주방,146
대한카츠-관악점,"{'lat': '37.4797687', 'lng': '126.95751774'}","['아시안', '분식', '일식/돈까스', '포장']","{'average_rating': 4.9, 'count': 296, 'image_count': 242, 'reply_count': 77}",4.9,296,242,77,37.4797687,126.9575177,서울특별시 관악구 남부순환로 1869,서울,관악구,봉천동,10,대규모 공유주방,366
술파는이층남자,"{'lat': '37.4873368', 'lng': '126.9281623'}","['피자/양식', '한식', '포장', '아시안', '야식']","{'average_rating': 5.0, 'count': 63, 'image_count': 53, 'reply_count': 50}",5,63,53,50,37.4873368,126.9281623,서울특별시 관악구 신림동길 5,서울,관악구,신림동,2,소규모 샵인샵,667
든든삼겹,"{'lat': '37.4775598', 'lng': '126.93664386'}","['한식', '고기/구이', '야식', '포장']","{'average_rating': 5.0, 'count': 502, 'image_count': 415, 'reply_count': 2}",5,502,415,2,37.4775598,126.9366439,서울특별시 관악구 신림로 224,서울,관악구,신림동,1,독립 매장,281
입천장안까지는닭강정집-신림스타점,"{'lat': '37.485897', 'lng': '126.93839049'}","['분식', '고기/구이', '야식', '치킨', '포장', '1인분주문']","{'average_rating': 5.0, 'count': 1, 'image_count': 1, 'reply_count': 0}",5,1,1,0,37.485897,126.9383905,서울특별시 관악구 은천로 28,서울,관악구,봉천동,7,대규모 공유주방,1131
용궁-관악점,"{'lat': '37.4867629', 'lng': '126.94082561'}","['중국집', '야식', '포장', '프랜차이즈', '1인분주문', '신규맛집']","{'average_rating': 4.7, 'count': 3, 'image_count': 2, 'reply_count': 2}",4.7,3,2,2,37.4867629,126.9408256,서울특별시 관악구 은천로9길 14,서울,관악구,봉천동,5,대규모 공유주방,1072
진곱도리탕전문점-신림점,"{'lat': '37.4851007', 'lng': '126.93830627'}","['찜/탕', '한식', '고기/구이', '야식', '포장', '1인분주문']","{'average_rating': 4.9, 'count': 227, 'image_count': 165, 'reply_count': 114}",4.9,227,165,114,37.4851007,126.9383063,서울특별시 관악구 봉천로 341,서울,관악구,봉천동,4,대규모 공유주방,437
TMTPIZZA티엠티피자-신림점,"{'lat': '37.4829827', 'lng': '126.93963353'}","['피자/양식', '야식', '프랜차이즈', '치킨', '포장']","{'average_rating': 4.9, 'count': 943, 'image_count': 947, 'reply_count': 931}",4.9,943,947,931,37.4829827,126.9396335,서울특별시 관악구 남부순환로 1706,서울,관악구,봉천동,1,독립 매장,180
요아정-봉천점,"{'lat': '37.481517', 'lng': '126.94652264'}","['카페/디저트', '포장', '야식', '프랜차이즈']","{'average_rating': 4.9, 'count': 696, 'image_count': 586, 'reply_count': 693}",4.9,696,586,693,37.481517,126.9465226,서울특별시 관악구 청룡길 9,서울,관악구,봉천동,2,소규모 샵인샵,228
미친짜글이-신림점,"{'lat': '37.4811265', 'lng': '126.91421284'}","['중국집', '한식', '고기/구이', '야식']","{'average_rating': 4.9, 'count': 304, 'image_count': 260, 'reply_count': 0}",4.9,304,260,0,37.4811265,126.9142128,서울특별시 관악구 난곡로63길 6,서울,관악구,신림동,7,대규모 공유주방,361
동대문엽기떡볶이-관악봉천점,"{'lat': '37.4803715', 'lng': '126.94613006'}","['분식', '프랜차이즈']","{'average_rating': 4.8, 'count': 359, 'image_count': 295, 'reply_count': 0}",4.8,359,295,0,37.4803715,126.9461301,서울특별시 관악구 청룡길 31,서울,관악구,봉천동,1,독립 매장,330
구백냥곱창-신림본점,"{'lat': '37.4693353', 'lng': '126.93633444'}","['한식', '고기/구이', '야식', '포장', '프랜차이즈', '1인분주문']","{'average_rating': 5.0, 'count': 106, 'image_count': 98, 'reply_count': 0}",5,106,98,0,37.4693353,126.9363344,서울특별시 관악구 신림로17길 32,서울,관악구,신림동,6,대규모 공유주방,574
이불속순살치킨,"{'lat': '37.484597', 'lng': '126.92759424'}","['한식', '분식', '치킨', '포장', '야식', '신규맛집']","{'average_rating': 5.0, 'count': 1, 'image_count': 1, 'reply_count': 0}",5,1,1,0,37.484597,126.9275942,서울특별시 관악구 남부순환로 1597-11,서울,관악구,신림동,7,대규모 공유주방,1131
육회바른연어-보라매점,"{'lat': '37.491369', 'lng': '126.92731534'}","['한식', '일식/돈까스', '포장', '야식', '회/초밥', '프랜차이즈']","{'average_rating': 5.0, 'count': 873, 'image_count': 774, 'reply_count': 780}",5,873,774,780,37.491369,126.9273153,서울특별시 관악구 보라매로 22,서울,관악구,봉천동,1,독립 매장,192
술지비,"{'lat': '37.4865653', 'lng': '126.93040383'}","['찜/탕', '한식', '고기/구이', '포장', '야식', '신규맛집']","{'average_rating': 0.0, 'count': 0, 'image_count': 0, 'reply_count': 0}",0,0,0,0,37.4865653,126.9304038,서울특별시 관악구 신림로68길 18,서울,관악구,신림동,1,독립 매장,1178
읍천리382-신림점,"{'lat': '37.4884828148913', 'lng': '126.92547079423'}","['카페/디저트', '프랜차이즈', '포장', '샐러드', '샌드위치']","{'average_rating': 5.0, 'count': 233, 'image_count': 234, 'reply_count': 63}",5,233,234,63,37.48848281,126.9254708,서울특별시 관악구 관천로20길 49,서울,관악구,신림동,1,독립 매장,431
최프로배달삼겹-관악1호점,"{'lat': '37.4768704', 'lng': '126.93758038'}","['포장', '한식', '야식', '고기/구이']","{'average_rating': 4.9, 'count': 1393, 'image_count': 1247, 'reply_count': 1162}",4.9,1393,1247,1162,37.4768704,126.9375804,서울특별시 관악구 신림로 216-1,서울,관악구,신림동,1,독립 매장,138
옥수동묵은지김치찜-관악점,"{'lat': '37.4881203', 'lng': '126.9255175'}","['한식', '야식', '찜/탕', '프랜차이즈', '도시락/죽']","{'average_rating': 4.9, 'count': 3535, 'image_count': 3028, 'reply_count': 3058}",4.9,3535,3028,3058,37.4881203,126.9255175,서울특별시 관악구 봉천로6길 36,서울,관악구,신림동,6,대규모 공유주방,51
피나치공-신림본점,"{'lat': '37.4840884', 'lng': '126.92157603'}","['피자/양식', '치킨', '포장', '프랜차이즈']","{'average_rating': 4.8, 'count': 210, 'image_count': 233, 'reply_count': 206}",4.8,210,233,206,37.4840884,126.921576,서울특별시 관악구 남부순환로163길 6,서울,관악구,신림동,2,소규모 샵인샵,448
퍼그피자하우스-신림점,"{'lat': '37.4865564', 'lng': '126.92894994'}","['피자/양식', '포장', '신규맛집']","{'average_rating': 5.0, 'count': 22, 'image_count': 23, 'reply_count': 22}",5,22,23,22,37.4865564,126.9289499,서울특별시 관악구 신림로 363,서울,관악구,신림동,1,독립 매장,862
최곱도리탕-전문점,"{'lat': '37.4867575', 'lng': '126.94058449'}","['찜/탕', '한식', '고기/구이', '포장', '야식', '신규맛집']","{'average_rating': 4.0, 'count': 8, 'image_count': 6, 'reply_count': 8}",4,8,6,8,37.4867575,126.9405845,서울특별시 관악구 국회단지2길 19,서울,관악구,봉천동,3,소규모 샵인샵,979
이비가짬뽕-신림점,"{'lat': '37.4849927', 'lng': '126.93376846'}","['중국집', '포장', '프랜차이즈']","{'average_rating': 4.3, 'count': 11, 'image_count': 7, 'reply_count': 3}",4.3,11,7,3,37.4849927,126.9337685,서울특별시 관악구 남부순환로 1647,서울,관악구,신림동,1,독립 매장,949
고깃집얼큰된장찌개-봉천점,"{'lat': '37.484532', 'lng': '126.93968267'}","['찜/탕', '한식', '고기/구이', '야식', '포장', '프랜차이즈']","{'average_rating': 4.9, 'count': 369, 'image_count': 284, 'reply_count': 138}",4.9,369,284,138,37.484532,126.9396827,서울특별시 관악구 봉천로 353-1,서울,관악구,봉천동,6,대규모 공유주방,327
완미족발-서울신림점,"{'lat': '37.4849706', 'lng': '126.9286231'}","['족발/보쌈', '프랜차이즈', '야식', '포장']","{'average_rating': 4.9, 'count': 304, 'image_count': 315, 'reply_count': 59}",4.9,304,315,59,37.4849706,126.9286231,서울특별시 관악구 신림로65길 15-2,서울,관악구,신림동,1,독립 매장,361
특별한호두와플-신림점,"{'lat': '37.4854459', 'lng': '126.9331032'}","['카페/디저트', '포장']","{'average_rating': 4.9, 'count': 61, 'image_count': 65, 'reply_count': 0}",4.9,61,65,0,37.4854459,126.9331032,서울특별시 관악구 신림로64길 59,서울,관악구,신림동,4,대규모 공유주방,673
왓더버거-신림점,"{'lat': '37.4826729', 'lng': '126.92964711'}","['버거', '프랜차이즈', '포장', '신규맛집']","{'average_rating': 4.9, 'count': 40, 'image_count': 39, 'reply_count': 28}",4.9,40,39,28,37.4826729,126.9296471,서울특별시 관악구 신림로 317,서울,관악구,신림동,1,독립 매장,749
퍽퍽살이싫어내가만든치킨집-신림점,"{'lat': '37.4844866', 'lng': '126.93582351'}","['분식', '야식', '치킨', '포장', '프랜차이즈']","{'average_rating': 4.9, 'count': 346, 'image_count': 300, 'reply_count': 0}",4.9,346,300,0,37.4844866,126.9358235,서울특별시 관악구 남부순환로 1668,서울,관악구,신림동,10,대규모 공유주방,336
유쾌한꼬막&한끼끝판왕-관악본점,"{'lat': '37.4853197', 'lng': '126.93787201'}","['찜/탕', '한식', '회/초밥', '포장', '프랜차이즈', '1인분주문']","{'average_rating': 5.0, 'count': 26, 'image_count': 25, 'reply_count': 0}",5,26,25,0,37.4853197,126.937872,서울특별시 관악구 봉천로 335,서울,관악구,봉천동,1,독립 매장,826
봉구가래떡볶이-신림점,"{'lat': '37.4849153', 'lng': '126.92669157'}","['한식', '분식', '치킨', '포장', '프랜차이즈', '야식']","{'average_rating': 4.8, 'count': 167, 'image_count': 168, 'reply_count': 73}",4.8,167,168,73,37.4849153,126.9266916,서울특별시 관악구 신림동7길 48,서울,관악구,신림동,1,독립 매장,484
삿포로카레-관악점,"{'lat': '37.4857499', 'lng': '126.94071559'}","['일식/돈까스', '포장', '1인분주문', '피자/양식', '아시안', '야식', '프랜차이즈']","{'average_rating': 5.0, 'count': 118, 'image_count': 107, 'reply_count': 105}",5,118,107,105,37.4857499,126.9407156,서울특별시 관악구 봉천로27길 41,서울,관악구,봉천동,10,대규모 공유주방,559
곰도리옛날카레-본점,"{'lat': '37.4847421', 'lng': '126.93998828'}","['분식', '고기/구이', '일식/돈까스', '포장', '야식', '신규맛집']","{'average_rating': 5.0, 'count': 2, 'image_count': 1, 'reply_count': 2}",5,2,1,2,37.4847421,126.9399883,서울특별시 관악구 봉천로29길 9,서울,관악구,봉천동,4,대규모 공유주방,1095
피자헛-신림점,"{'lat': '37.4716684', 'lng': '126.93465528'}","['피자/양식', '프랜차이즈']","{'average_rating': 4.9, 'count': 525, 'image_count': 454, 'reply_count': 524}",4.9,525,454,524,37.4716684,126.9346553,서울특별시 관악구 신림로 136,서울,관악구,신림동,1,독립 매장,269
꾸브라꼬숯불치킨-봉천점,"{'lat': '37.4827704', 'lng': '126.93884841'}","['프랜차이즈', '치킨', '포장', '신규맛집']","{'average_rating': 5.0, 'count': 11, 'image_count': 8, 'reply_count': 0}",5,11,8,0,37.4827704,126.9388484,서울특별시 관악구 장군봉2길 25,서울,관악구,봉천동,1,독립 매장,949
코뿔소곱창,"{'lat': '37.4813536', 'lng': '126.94589649'}","['한식', '고기/구이', '야식', '포장']","{'average_rating': 5.0, 'count': 678, 'image_count': 568, 'reply_count': 677}",5,678,568,677,37.4813536,126.9458965,서울특별시 관악구 청룡2길 6,서울,관악구,봉천동,1,독립 매장,230
디저트39-신림역점,"{'lat': '37.4824501', 'lng': '126.92940687'}","['카페/디저트', '포장', '야식', '프랜차이즈']","{'average_rating': 5.0, 'count': 20, 'image_count': 12, 'reply_count': 1}",5,20,12,1,37.4824501,126.9294069,서울특별시 관악구 신원로 39,서울,관악구,신림동,1,독립 매장,878
삼겹살은 원래 보약이다-관악직영점,"{'lat': '37.483194516786824', 'lng': '126.94515672134224'}","['한식', '고기/구이', '야식', '도시락/죽', '포장']","{'average_rating': 4.9, 'count': 113, 'image_count': 85, 'reply_count': 101}",4.9,113,85,101,37.48319452,126.9451567,서울특별시 관악구 봉천로 407,서울,관악구,봉천동,8,대규모 공유주방,562
초밥만-신림점,"{'lat': '37.4766569789258', 'lng': '126.937583203244'}","['일식/돈까스', '회/초밥', '야식', '프랜차이즈', '포장']","{'average_rating': 4.9, 'count': 806, 'image_count': 679, 'reply_count': 740}",4.9,806,679,740,37.47665698,126.9375832,서울특별시 관악구 신림로38길 1,서울,관악구,신림동,2,소규모 샵인샵,209
국보급냉면-신림직영점,"{'lat': '37.4902636', 'lng': '126.92915955'}","['아시안', '한식', '포장']","{'average_rating': 5.0, 'count': 200, 'image_count': 207, 'reply_count': 0}",5,200,207,0,37.4902636,126.9291596,서울특별시 관악구 당곡길 22,서울,관악구,봉천동,2,소규모 샵인샵,460
짬뽕 하나만 제대로 하는 집-신림점,"{'lat': '37.4844866', 'lng': '126.93582351'}","['중국집', '포장']","{'average_rating': 4.8, 'count': 163, 'image_count': 129, 'reply_count': 0}",4.8,163,129,0,37.4844866,126.9358235,서울특별시 관악구 남부순환로 1668,서울,관악구,신림동,10,대규모 공유주방,488
닭다리순살하나만제대로하는집-신림점,"{'lat': '37.4844866', 'lng': '126.93582351'}","['분식', '야식', '치킨', '포장', '프랜차이즈']","{'average_rating': 5.0, 'count': 128, 'image_count': 108, 'reply_count': 0}",5,128,108,0,37.4844866,126.9358235,서울특별시 관악구 남부순환로 1668,서울,관악구,신림동,10,대규모 공유주방,542
뽁냥덮냥볶음밥&덮밥-신림점,"{'lat': '37.484597', 'lng': '126.92759424'}","['야식', '포장', '고기/구이', '도시락/죽', '프랜차이즈', '1인분주문']","{'average_rating': 5.0, 'count': 143, 'image_count': 121, 'reply_count': 141}",5,143,121,141,37.484597,126.9275942,서울특별시 관악구 남부순환로 1597-11,서울,관악구,신림동,7,대규모 공유주방,515
전통국밥-본점,"{'lat': '37.4859944', 'lng': '126.92117477'}","['찜/탕', '한식', '포장', '야식', '고기/구이']","{'average_rating': 4.8, 'count': 65, 'image_count': 56, 'reply_count': 58}",4.8,65,56,58,37.4859944,126.9211748,서울특별시 관악구 조원로 170,서울,관악구,신림동,8,대규모 공유주방,663
빙수도사,"{'lat': '37.4864143', 'lng': '126.95055895'}","['카페/디저트', '야식', '피자/양식', '샐러드', '포장']","{'average_rating': 4.9, 'count': 956, 'image_count': 821, 'reply_count': 0}",4.9,956,821,0,37.4864143,126.950559,서울특별시 관악구 은천로 138,서울,관악구,봉천동,4,대규모 공유주방,178
두찜-관악신림역점,"{'lat': '37.4791565', 'lng': '126.92756133'}","['찜/탕', '한식', '프랜차이즈', '포장']","{'average_rating': 5.0, 'count': 269, 'image_count': 244, 'reply_count': 248}",5,269,244,248,37.4791565,126.9275613,서울특별시 관악구 문성로 214,서울,관악구,신림동,1,독립 매장,392
정량초과치킨-신림점,"{'lat': '37.4844866', 'lng': '126.93582351'}","['분식', '야식', '치킨', '포장', '프랜차이즈']","{'average_rating': 4.9, 'count': 191, 'image_count': 156, 'reply_count': 0}",4.9,191,156,0,37.4844866,126.9358235,서울특별시 관악구 남부순환로 1668,서울,관악구,신림동,10,대규모 공유주방,463
찌개회관-신림점,"{'lat': '37.486915', 'lng': '126.92595687'}","['찜/탕', '한식', '프랜차이즈', '도시락/죽', '야식', '포장', '신규맛집']","{'average_rating': 5.0, 'count': 5, 'image_count': 1, 'reply_count': 1}",5,5,1,1,37.486915,126.9259569,서울특별시 관악구 신림동길 25,서울,관악구,신림동,4,대규모 공유주방,1025
배떡-신림점,"{'lat': '37.4686624', 'lng': '126.93886341'}","['분식', '프랜차이즈', '야식']","{'average_rating': 4.9, 'count': 126, 'image_count': 101, 'reply_count': 1}",4.9,126,101,1,37.4686624,126.9388634,서울특별시 관악구 신림로11길 41,서울,관악구,신림동,5,대규모 공유주방,545
와이스테이크&와인,"{'lat': '37.4839342', 'lng': '126.93936786'}","['피자/양식', '분식', '고기/구이', '포장', '야식', '1인분주문', '신규맛집']","{'average_rating': 5.0, 'count': 4, 'image_count': 5, 'reply_count': 4}",5,4,5,4,37.4839342,126.9393679,서울특별시 관악구 봉천로 356,서울,관악구,봉천동,6,대규모 공유주방,1046
도깨비족발-신림점,"{'lat': '37.4816434', 'lng': '126.94488505'}","['족발/보쌈', '고기/구이', '한식', '야식', '포장', '프랜차이즈']","{'average_rating': 4.9, 'count': 469, 'image_count': 468, 'reply_count': 0}",4.9,469,468,0,37.4816434,126.9448851,서울특별시 관악구 남부순환로210길 5,서울,관악구,봉천동,2,소규모 샵인샵,296
포타임쌀국수-서울대입구역점,"{'lat': '37.4826851', 'lng': '126.95631086'}","['아시안', '한식', '분식', '야식', '포장']","{'average_rating': 4.9, 'count': 57, 'image_count': 48, 'reply_count': 41}",4.9,57,48,41,37.4826851,126.9563109,서울특별시 관악구 행운1길 94,서울,관악구,봉천동,3,소규모 샵인샵,688
밀크컨셉아이스크림-봉천점,"{'lat': '37.4908566', 'lng': '126.9277931'}","['샐러드', '카페/디저트', '야식', '프랜차이즈', '포장']","{'average_rating': 5.0, 'count': 232, 'image_count': 197, 'reply_count': 210}",5,232,197,210,37.4908566,126.9277931,서울특별시 관악구 보라매로 14-3,서울,관악구,봉천동,1,독립 매장,433
냉사부냉면전문점-신림점,"{'lat': '37.4811191', 'lng': '126.92752263'}","['한식', '분식', '포장', '야식']","{'average_rating': 4.7, 'count': 45, 'image_count': 34, 'reply_count': 29}",4.7,45,34,29,37.4811191,126.9275226,서울특별시 관악구 신원로3가길 9,서울,관악구,신림동,3,소규모 샵인샵,730
덕금도원바베큐치킨-서울본점,"{'lat': '37.4859112', 'lng': '126.93665272'}","['고기/구이', '치킨', '야식']","{'average_rating': 5.0, 'count': 208, 'image_count': 174, 'reply_count': 207}",5,208,174,207,37.4859112,126.9366527,서울특별시 관악구 봉천로 323,서울,관악구,봉천동,1,독립 매장,449
불맛나곱창막창,"{'lat': '37.4897297', 'lng': '126.92827779'}","['한식', '야식', '고기/구이', '포장']","{'average_rating': 4.9, 'count': 3733, 'image_count': 3551, 'reply_count': 1666}",4.9,3733,3551,1666,37.4897297,126.9282778,서울특별시 관악구 봉천로 237-6,서울,관악구,봉천동,1,독립 매장,49
해장왕짬뽕국물에인생거는집-신림점,"{'lat': '37.4844866', 'lng': '126.93582351'}","['중국집', '포장', '야식']","{'average_rating': 4.5, 'count': 80, 'image_count': 66, 'reply_count': 0}",4.5,80,66,0,37.4844866,126.9358235,서울특별시 관악구 남부순환로 1668,서울,관악구,신림동,10,대규모 공유주방,626
온육집-신림봉천점,"{'lat': '37.4863965', 'lng': '126.93919208'}","['한식', '고기/구이', '포장', '프랜차이즈', '도시락/죽']","{'average_rating': 5.0, 'count': 603, 'image_count': 593, 'reply_count': 462}",5,603,593,462,37.4863965,126.9391921,서울 관악구 봉천동 952-11,서울,관악구,봉천동,1,독립 매장,248
우수갈비찜-관악점,"{'lat': '37.4814092', 'lng': '126.94310598'}","['찜/탕', '한식', '고기/구이', '포장']","{'average_rating': 5.0, 'count': 7, 'image_count': 4, 'reply_count': 6}",5,7,4,6,37.4814092,126.943106,서울특별시 관악구 장군봉1길 56,서울,관악구,봉천동,11,대규모 공유주방,991
씽씽닭꼬치-신대방역점,"{'lat': '37.4850889', 'lng': '126.91486257'}","['아시안', '고기/구이', '일식/돈까스', '야식', '포장', '프랜차이즈']","{'average_rating': 4.8, 'count': 80, 'image_count': 63, 'reply_count': 27}",4.8,80,63,27,37.4850889,126.9148626,서울특별시 관악구 조원로 113,서울,관악구,신림동,1,독립 매장,626
유캔스시,"{'lat': '37.483488', 'lng': '126.94499525'}","['일식/돈까스', '회/초밥', '포장', '신규맛집']","{'average_rating': 5.0, 'count': 10, 'image_count': 7, 'reply_count': 10}",5,10,7,10,37.483488,126.9449953,서울특별시 관악구 봉천로35길 9,서울,관악구,봉천동,1,독립 매장,964
후라이드의신-본점,"{'lat': '37.4791757', 'lng': '126.92581883'}","['치킨', '포장', '야식', '신규맛집']","{'average_rating': 5.0, 'count': 30, 'image_count': 33, 'reply_count': 21}",5,30,33,21,37.4791757,126.9258188,서울특별시 관악구 문성로 199,서울,관악구,신림동,3,소규모 샵인샵,796
히어로카츠&소바,"{'lat': '37.489193', 'lng': '126.93024395'}","['한식', '분식', '일식/돈까스', '포장']","{'average_rating': 4.7, 'count': 66, 'image_count': 63, 'reply_count': 19}",4.7,66,63,19,37.489193,126.930244,서울특별시 관악구 봉천로13길 9,서울,관악구,봉천동,10,대규모 공유주방,659
김치찜에진심,"{'lat': '37.486522', 'lng': '126.93512609'}","['찜/탕', '한식', '야식', '포장']","{'average_rating': 5.0, 'count': 3201, 'image_count': 2639, 'reply_count': 2699}",5,3201,2639,2699,37.486522,126.9351261,서울특별시 관악구 봉천로 309,서울,관악구,봉천동,1,독립 매장,56
리프버거서울1호-신림역점,"{'lat': '37.4869763', 'lng': '126.92933423'}","['샐러드', '버거', '치킨', '포장', '야식']","{'average_rating': 5.0, 'count': 14, 'image_count': 15, 'reply_count': 14}",5,14,15,14,37.4869763,126.9293342,서울특별시 관악구 신림로 366,서울,관악구,신림동,1,독립 매장,922
노랑통닭-신림점,"{'lat': '37.4791586', 'lng': '126.93263536'}","['프랜차이즈', '치킨', '포장']","{'average_rating': 4.8, 'count': 282, 'image_count': 233, 'reply_count': 34}",4.8,282,233,34,37.4791586,126.9326354,서울특별시 관악구 신림로48길 11,서울,관악구,신림동,1,독립 매장,378
강제로시작한떡볶이-신림점,"{'lat': '37.4856107', 'lng': '126.93201682'}","['분식', '프랜차이즈', '야식', '포장', '한식', '치킨']","{'average_rating': 4.9, 'count': 327, 'image_count': 291, 'reply_count': 289}",4.9,327,291,289,37.4856107,126.9320168,서울특별시 관악구 신림로66길 42,서울,관악구,신림동,1,독립 매장,347
컵밥왔숑-관악본점,"{'lat': '37.4862893', 'lng': '126.94041528'}","['한식', '고기/구이', '도시락/죽', '포장', '1인분주문']","{'average_rating': 4.7, 'count': 78, 'image_count': 70, 'reply_count': 40}",4.7,78,70,40,37.4862893,126.9404153,서울특별시 관악구 은천로 45-1,서울,관악구,봉천동,4,대규모 공유주방,630
오늘은오므라이스-신림봉천점,"{'lat': '37.4864412', 'lng': '126.93635188'}","['한식', '분식', '도시락/죽', '포장', '야식', '프랜차이즈', '1인분주문']","{'average_rating': 4.9, 'count': 412, 'image_count': 304, 'reply_count': 282}",4.9,412,304,282,37.4864412,126.9363519,서울 관악구 봉천동 955-8,서울,관악구,봉천동,3,소규모 샵인샵,316
피나치공-관악구청점,"{'lat': '37.48314178157474', 'lng': '126.94785258631251'}","['피자/양식', '프랜차이즈', '치킨', '포장']","{'average_rating': 4.9, 'count': 2732, 'image_count': 2735, 'reply_count': 2724}",4.9,2732,2735,2724,37.48314178,126.9478526,서울특별시 관악구 봉천로41길 7,서울,관악구,봉천동,1,독립 매장,76
디저트39-보라매점,"{'lat': '37.491154455477', 'lng': '126.926025392351'}","['카페/디저트', '프랜차이즈', '포장']","{'average_rating': 5.0, 'count': 185, 'image_count': 150, 'reply_count': 179}",5,185,150,179,37.49115446,126.9260254,서울특별시 관악구 봉천로7길 41,서울,관악구,봉천동,1,독립 매장,466
상상오리&삼겹-봉천점,"{'lat': '37.4837229', 'lng': '126.9439876'}","['고기/구이', '족발/보쌈', '야식', '포장', '한식', '프랜차이즈']","{'average_rating': 5.0, 'count': 1212, 'image_count': 1002, 'reply_count': 274}",5,1212,1002,274,37.4837229,126.9439876,서울특별시 관악구 양녕로1길 46,서울,관악구,봉천동,1,독립 매장,146
배고픈덮밥이-본점,"{'lat': '37.4812235', 'lng': '126.92988087'}","['한식', '일식/돈까스', '도시락/죽', '포장', '야식', '프랜차이즈', '1인분주문']","{'average_rating': 5.0, 'count': 224, 'image_count': 168, 'reply_count': 0}",5,224,168,0,37.4812235,126.9298809,서울특별시 관악구 신림로 299,서울,관악구,신림동,1,독립 매장,440
유백천마라탕,"{'lat': '37.4817763', 'lng': '126.91093695'}","['중국집', '야식', '찜/탕', '아시안', '포장']","{'average_rating': 4.9, 'count': 1087, 'image_count': 986, 'reply_count': 910}",4.9,1087,986,910,37.4817763,126.910937,서울특별시 관악구 남부순환로143길 10,서울,관악구,신림동,1,독립 매장,163
청년아구찜家-관악점,"{'lat': '37.4833306', 'lng': '126.94670085'}","['찜/탕', '한식', '프랜차이즈', '포장', '1인분주문']","{'average_rating': 5.0, 'count': 448, 'image_count': 438, 'reply_count': 28}",5,448,438,28,37.4833306,126.9467009,서울특별시 관악구 양녕로 16,서울,관악구,봉천동,1,독립 매장,304
호식이두마리치킨-신림점,"{'lat': '37.484654', 'lng': '126.91542767'}","['야식', '프랜차이즈', '치킨', '포장']","{'average_rating': 4.9, 'count': 1879, 'image_count': 1777, 'reply_count': 1876}",4.9,1879,1777,1876,37.484654,126.9154277,서울특별시 관악구 남부순환로153길 53,서울,관악구,신림동,1,독립 매장,109
김치찜에미치다-신림점,"{'lat': '37.48002187615634', 'lng': '126.9330862880287'}","['찜/탕', '한식', '고기/구이', '포장', '야식']","{'average_rating': 4.9, 'count': 49, 'image_count': 48, 'reply_count': 45}",4.9,49,48,45,37.48002188,126.9330863,서울특별시 관악구 신림로48길 17-20,서울,관악구,신림동,3,소규모 샵인샵,715
식어도바삭한동서재닭강정-신림점,"{'lat': '37.4844866', 'lng': '126.93582351'}","['분식', '야식', '치킨', '포장', '프랜차이즈']","{'average_rating': 4.9, 'count': 470, 'image_count': 399, 'reply_count': 0}",4.9,470,399,0,37.4844866,126.9358235,서울특별시 관악구 남부순환로 1668,서울,관악구,신림동,10,대규모 공유주방,294
피자와일드-관악점,"{'lat': '37.4789463', 'lng': '126.94764875'}","['피자/양식', '야식', '포장', '프랜차이즈']","{'average_rating': 5.0, 'count': 2464, 'image_count': 2364, 'reply_count': 2426}",5,2464,2364,2426,37.4789463,126.9476488,서울특별시 관악구 쑥고개로 100,서울,관악구,봉천동,2,소규모 샵인샵,82
스시화-관악점,"{'lat': '37.4881129', 'lng': '126.93170661'}","['일식/돈까스', '회/초밥', '도시락/죽', '포장', '프랜차이즈']","{'average_rating': 4.9, 'count': 32, 'image_count': 22, 'reply_count': 31}",4.9,32,22,31,37.4881129,126.9317066,서울특별시 관악구 봉천로 273,서울,관악구,봉천동,1,독립 매장,786
윤반장원조한우곱도리탕-봉천점,"{'lat': '37.484597', 'lng': '126.92759424'}","['찜/탕', '한식', '야식', '포장']","{'average_rating': 4.9, 'count': 443, 'image_count': 373, 'reply_count': 103}",4.9,443,373,103,37.484597,126.9275942,서울특별시 관악구 남부순환로 1597-11,서울,관악구,신림동,7,대규모 공유주방,306
남자식당-본점,"{'lat': '37.478645', 'lng': '126.94737596'}","['한식', '고기/구이', '일식/돈까스', '포장', '야식']","{'average_rating': 4.8, 'count': 176, 'image_count': 133, 'reply_count': 176}",4.8,176,133,176,37.478645,126.947376,서울특별시 관악구 청룡중앙길 11,서울,관악구,봉천동,1,독립 매장,476
컾-신림점,"{'lat': '37.4871432', 'lng': '126.93187548'}","['분식', '카페/디저트', '야식']","{'average_rating': 4.8, 'count': 15, 'image_count': 10, 'reply_count': 10}",4.8,15,10,10,37.4871432,126.9318755,서울특별시 관악구 봉천로18길 5,서울,관악구,신림동,1,독립 매장,915
을지로 닭강정-관악직영점,"{'lat': '37.483194516786824', 'lng': '126.94515672134224'}","['분식', '야식', '도시락/죽', '치킨', '포장']","{'average_rating': 4.9, 'count': 131, 'image_count': 114, 'reply_count': 103}",4.9,131,114,103,37.48319452,126.9451567,서울특별시 관악구 봉천로 407,서울,관악구,봉천동,8,대규모 공유주방,535
정자삼겹-관악직영점,"{'lat': '37.4870703', 'lng': '126.93521776'}","['한식', '고기/구이', '도시락/죽', '포장', '야식', '1인분주문']","{'average_rating': 5.0, 'count': 7, 'image_count': 3, 'reply_count': 7}",5,7,3,7,37.4870703,126.9352178,서울특별시 관악구 봉천로23가길 1,서울,관악구,봉천동,1,독립 매장,991
불은면이 싫어 내가 만든 중국집-신림점,"{'lat': '37.4844866', 'lng': '126.93582351'}","['중국집', '포장', '야식']","{'average_rating': 4.6, 'count': 135, 'image_count': 130, 'reply_count': 0}",4.6,135,130,0,37.4844866,126.9358235,서울특별시 관악구 남부순환로 1668,서울,관악구,신림동,10,대규모 공유주방,526
막걸리전당,"{'lat': '37.4825628180193', 'lng': '126.951378673722'}","['포장', '한식', '야식', '고기/구이', '찜/탕']","{'average_rating': 4.8, 'count': 855, 'image_count': 712, 'reply_count': 721}",4.8,855,712,721,37.48256282,126.9513787,서울특별시 관악구 봉천로 461-1,서울,관악구,봉천동,1,독립 매장,196
나는카레&오믈렛매운숙성카레전문점-봉천점,"{'lat': '37.4857221', 'lng': '126.93696214'}","['분식', '카페/디저트', '일식/돈까스', '포장', '야식']","{'average_rating': 5.0, 'count': 36, 'image_count': 26, 'reply_count': 0}",5,36,26,0,37.4857221,126.9369621,서울특별시 관악구 봉천로 327,서울,관악구,봉천동,5,대규모 공유주방,767
노모어피자-서울대입구점,"{'lat': '37.4808347', 'lng': '126.95459147'}","['피자/양식', '버거', '치킨', '포장', '프랜차이즈']","{'average_rating': 4.9, 'count': 389, 'image_count': 317, 'reply_count': 46}",4.9,389,317,46,37.4808347,126.9545915,서울특별시 관악구 남부순환로 1839,서울,관악구,봉천동,1,독립 매장,321
이프유캔Coffee&Dessert-신림점,"{'lat': '37.4883011', 'lng': '126.92709586'}","['분식', '카페/디저트', '일식/돈까스', '야식', '포장']","{'average_rating': 5.0, 'count': 244, 'image_count': 189, 'reply_count': 0}",5,244,189,0,37.4883011,126.9270959,서울특별시 관악구 봉천로8길 25,서울,관악구,신림동,2,소규모 샵인샵,417
배달쭈꾸미매콤쭈선생-신림점,"{'lat': '37.4816434', 'lng': '126.94488505'}","['찜/탕', '한식', '고기/구이', '야식', '프랜차이즈', '포장']","{'average_rating': 5.0, 'count': 139, 'image_count': 122, 'reply_count': 0}",5,139,122,0,37.4816434,126.9448851,서울특별시 관악구 남부순환로210길 5,서울,관악구,봉천동,2,소규모 샵인샵,520
잇라이트포케&샐러드-봉천신림점,"{'lat': '37.4835884', 'lng': '126.92797932'}","['샐러드', '카페/디저트', '샌드위치', '포장', '야식', '1인분주문']","{'average_rating': 4.9, 'count': 75, 'image_count': 66, 'reply_count': 0}",4.9,75,66,0,37.4835884,126.9279793,서울특별시 관악구 남부순환로 1594-6,서울,관악구,신림동,2,소규모 샵인샵,637
장충동참왕족발보쌈-본점,"{'lat': '37.4816259900613', 'lng': '126.941924142104'}","['포장', '족발/보쌈', '야식']","{'average_rating': 4.8, 'count': 1501, 'image_count': 1180, 'reply_count': 1023}",4.8,1501,1180,1023,37.48162599,126.9419241,서울특별시 관악구 장군봉1길 34,서울,관악구,봉천동,1,독립 매장,128
바다가내손아귀찜&해물찜,"{'lat': '37.4829258', 'lng': '126.9422617'}","['포장', '한식', '야식', '찜/탕']","{'average_rating': 4.9, 'count': 1579, 'image_count': 1397, 'reply_count': 1504}",4.9,1579,1397,1504,37.4829258,126.9422617,서울특별시 관악구 남부순환로 1727-10,서울,관악구,봉천동,1,독립 매장,125
1인피자+1인치킨피앤치-신림점,"{'lat': '37.4859247', 'lng': '126.93086761'}","['피자/양식', '치킨', '포장']","{'average_rating': 4.0, 'count': 2, 'image_count': 1, 'reply_count': 1}",4,2,1,1,37.4859247,126.9308676,서울특별시 관악구 남부순환로181길 30,서울,관악구,신림동,1,독립 매장,1095
계란듬뿍덮밥-본점,"{'lat': '37.479664', 'lng': '126.94729518'}","['한식', '도시락/죽', '포장', '1인분주문']","{'average_rating': 4.8, 'count': 56, 'image_count': 40, 'reply_count': 48}",4.8,56,40,48,37.479664,126.9472952,서울특별시 관악구 남부순환로214길 46,서울,관악구,봉천동,4,대규모 공유주방,693
스타SGT커피-신림점,"{'lat': '37.4854538', 'lng': '126.92651876'}","['한식', '분식', '카페/디저트', '포장']","{'average_rating': 4.6, 'count': 28, 'image_count': 27, 'reply_count': 2}",4.6,28,27,2,37.4854538,126.9265188,서울특별시 관악구 신림동7길 36,서울,관악구,신림동,1,독립 매장,810
치떡순튀,"{'lat': '37.4794155', 'lng': '126.94194469'}","['분식', '치킨', '포장', '야식', '한식', '프랜차이즈']","{'average_rating': 4.9, 'count': 227, 'image_count': 216, 'reply_count': 104}",4.9,227,216,104,37.4794155,126.9419447,서울특별시 관악구 쑥고개로 48,서울,관악구,봉천동,9,대규모 공유주방,437
Top1인안심찹쌀탕수육,"{'lat': '37.489171446961606', 'lng': '126.93022018090883'}","['중국집', '분식', '치킨', '포장']","{'average_rating': 4.8, 'count': 124, 'image_count': 108, 'reply_count': 107}",4.8,124,108,107,37.48917145,126.9302202,서울특별시 관악구 봉천로13길 9,서울,관악구,봉천동,2,소규모 샵인샵,550
비스트로오스틴,"{'lat': '37.4774365', 'lng': '126.96040218'}","['피자/양식', '버거', '포장', '카페/디저트']","{'average_rating': 4.9, 'count': 588, 'image_count': 552, 'reply_count': 45}",4.9,588,552,45,37.4774365,126.9604022,서울특별시 관악구 봉천로 566-1,서울,관악구,봉천동,1,독립 매장,250
곱도리탕전문점-신림본점,"{'lat': '37.4851007', 'lng': '126.93830627'}","['찜/탕', '한식', '고기/구이', '야식', '포장', '프랜차이즈', '1인분주문']","{'average_rating': 4.9, 'count': 325, 'image_count': 278, 'reply_count': 176}",4.9,325,278,176,37.4851007,126.9383063,서울특별시 관악구 봉천로 341,서울,관악구,봉천동,4,대규모 공유주방,349
육식주의고깃집-신림점,"{'lat': '37.4847421', 'lng': '126.93998828'}","['한식', '분식', '고기/구이', '포장', '야식']","{'average_rating': 5.0, 'count': 4, 'image_count': 4, 'reply_count': 4}",5,4,4,4,37.4847421,126.9399883,서울특별시 관악구 봉천로29길 9,서울,관악구,봉천동,4,대규모 공유주방,1046
밥보이즈-신림점,"{'lat': '37.484597', 'lng': '126.92759424'}","['찜/탕', '한식', '야식', '도시락/죽', '포장', '1인분주문']","{'average_rating': 5.0, 'count': 20, 'image_count': 15, 'reply_count': 20}",5,20,15,20,37.484597,126.9275942,서울특별시 관악구 남부순환로 1597-11,서울,관악구,신림동,7,대규모 공유주방,878
육연담다,"{'lat': '37.4866554', 'lng': '126.91316474'}","['한식', '야식', '일식/돈까스', '회/초밥', '포장']","{'average_rating': 4.9, 'count': 385, 'image_count': 353, 'reply_count': 379}",4.9,385,353,379,37.4866554,126.9131647,서울특별시 관악구 신사로 94,서울,관악구,신림동,2,소규모 샵인샵,322
스낵팩멜번-신림점,"{'lat': '37.484901', 'lng': '126.94007535'}","['한식', '고기/구이', '치킨', '포장', '야식']","{'average_rating': 4.9, 'count': 36, 'image_count': 32, 'reply_count': 10}",4.9,36,32,10,37.484901,126.9400754,서울특별시 관악구 은천로8길 28,서울,관악구,봉천동,1,독립 매장,767
폭식당-신림본점,"{'lat': '37.4792089', 'lng': '126.92799463'}","['한식', '포장', '야식']","{'average_rating': 5.0, 'count': 35, 'image_count': 52, 'reply_count': 35}",5,35,52,35,37.4792089,126.9279946,서울특별시 관악구 문성로 218,서울,관악구,신림동,1,독립 매장,775
제주도야지갈비찜,"{'lat': '37.4791602', 'lng': '126.92958616'}","['찜/탕', '한식', '고기/구이', '야식', '1인분주문']","{'average_rating': 4.8, 'count': 204, 'image_count': 154, 'reply_count': 180}",4.8,204,154,180,37.4791602,126.9295862,서울특별시 관악구 문성로 233,서울,관악구,신림동,3,소규모 샵인샵,454
과일청년-본점,"{'lat': '37.4866916792836', 'lng': '126.928169123727'}","['샐러드', '야식', '포장', '카페/디저트']","{'average_rating': 4.9, 'count': 838, 'image_count': 627, 'reply_count': 630}",4.9,838,627,630,37.48669168,126.9281691,서울특별시 관악구 신림동1길 16,서울,관악구,신림동,1,독립 매장,200
화락바베큐치킨-신림스타점,"{'lat': '37.485897', 'lng': '126.93839049'}","['치킨', '포장', '고기/구이', '야식', '프랜차이즈']","{'average_rating': 5.0, 'count': 3, 'image_count': 2, 'reply_count': 0}",5,3,2,0,37.485897,126.9383905,서울특별시 관악구 은천로 28,서울,관악구,봉천동,7,대규모 공유주방,1072
밥시그널-신림점,"{'lat': '37.486915', 'lng': '126.92595687'}","['찜/탕', '한식', '프랜차이즈', '도시락/죽', '야식', '포장', '신규맛집']","{'average_rating': 5.0, 'count': 3, 'image_count': 2, 'reply_count': 1}",5,3,2,1,37.486915,126.9259569,서울특별시 관악구 신림동길 25,서울,관악구,신림동,4,대규모 공유주방,1072
도우라이크피자-신림봉천점,"{'lat': '37.478710661557386', 'lng': '126.94186041361303'}","['피자/양식', '야식', '프랜차이즈', '포장']","{'average_rating': 4.9, 'count': 8285, 'image_count': 7549, 'reply_count': 6918}",4.9,8285,7549,6918,37.47871066,126.9418604,서울특별시 관악구 참숯1길 19,서울,관악구,봉천동,1,독립 매장,11
육회2990-관악점,"{'lat': '37.4794481', 'lng': '126.94236749'}","['한식', '야식', '포장', '고기/구이', '회/초밥']","{'average_rating': 4.9, 'count': 242, 'image_count': 206, 'reply_count': 212}",4.9,242,206,212,37.4794481,126.9423675,서울특별시 관악구 쑥고개로 52,서울,관악구,봉천동,1,독립 매장,423
모두의죽-신림점,"{'lat': '37.4859944', 'lng': '126.92117477'}","['한식', '포장', '프랜차이즈']","{'average_rating': 4.9, 'count': 316, 'image_count': 271, 'reply_count': 315}",4.9,316,271,315,37.4859944,126.9211748,서울특별시 관악구 조원로 170,서울,관악구,신림동,8,대규모 공유주방,357
튀김명인 최영일 닭강정&새우강정-관악직영점,"{'lat': '37.483194516786824', 'lng': '126.94515672134224'}","['분식', '야식', '도시락/죽', '치킨', '포장']","{'average_rating': 4.8, 'count': 208, 'image_count': 168, 'reply_count': 142}",4.8,208,168,142,37.48319452,126.9451567,서울특별시 관악구 봉천로 407,서울,관악구,봉천동,8,대규모 공유주방,449
안심탕수육,"{'lat': '37.4686624', 'lng': '126.93886341'}","['중국집', '분식', '야식', '포장']","{'average_rating': 4.7, 'count': 2936, 'image_count': 1836, 'reply_count': 8}",4.7,2936,1836,8,37.4686624,126.9388634,서울특별시 관악구 신림로11길 41,서울,관악구,신림동,5,대규모 공유주방,68
구슬구슬-신림점,"{'lat': '37.485065', 'lng': '126.92986437'}","['카페/디저트', '포장', '프랜차이즈']","{'average_rating': 4.3, 'count': 4, 'image_count': 6, 'reply_count': 0}",4.3,4,6,0,37.485065,126.9298644,서울특별시 관악구 신림로 344,서울,관악구,신림동,2,소규모 샵인샵,1046
금동이네보쌈의명가,"{'lat': '37.4845236', 'lng': '126.91274575'}","['한식', '고기/구이', '족발/보쌈', '포장']","{'average_rating': 5.0, 'count': 520, 'image_count': 529, 'reply_count': 164}",5,520,529,164,37.4845236,126.9127458,서울특별시 관악구 조원로 94,서울,관악구,신림동,1,독립 매장,273
갱상도파절이대패삼겹-신림점,"{'lat': '37.4868663', 'lng': '126.93873133'}","['한식', '고기/구이', '도시락/죽', '포장', '야식', '프랜차이즈']","{'average_rating': 5.0, 'count': 473, 'image_count': 403, 'reply_count': 0}",5,473,403,0,37.4868663,126.9387313,서울 관악구 봉천동 953-10,서울,관악구,봉천동,3,소규모 샵인샵,292
순수타코야끼&닭강정-신림점,"{'lat': '37.4873878', 'lng': '126.92826255'}","['분식', '카페/디저트', '일식/돈까스', '야식', '포장', '프랜차이즈']","{'average_rating': 4.8, 'count': 130, 'image_count': 117, 'reply_count': 121}",4.8,130,117,121,37.4873878,126.9282626,서울특별시 관악구 신림동길 3-1,서울,관악구,신림동,2,소규모 샵인샵,539
임효성Top모밀&돈까스,"{'lat': '37.489193', 'lng': '126.93024395'}","['한식', '분식', '일식/돈까스', '포장', '1인분주문']","{'average_rating': 4.8, 'count': 250, 'image_count': 199, 'reply_count': 121}",4.8,250,199,121,37.489193,126.930244,서울특별시 관악구 봉천로13길 9,서울,관악구,봉천동,10,대규모 공유주방,411
남촌김치찜&김치찌개,"{'lat': '37.4814757', 'lng': '126.90581434'}","['찜/탕', '한식', '포장']","{'average_rating': 4.9, 'count': 151, 'image_count': 119, 'reply_count': 132}",4.9,151,119,132,37.4814757,126.9058143,서울특별시 관악구 조원중앙로 22,서울,관악구,신림동,1,독립 매장,500
굽네치킨&피자-서림점,"{'lat': '37.4748324', 'lng': '126.93782432'}","['피자/양식', '프랜차이즈', '치킨', '포장', '야식']","{'average_rating': 4.7, 'count': 10773, 'image_count': 7345, 'reply_count': 5305}",4.7,10773,7345,5305,37.4748324,126.9378243,서울특별시 관악구 서림길 28,서울,관악구,신림동,1,독립 매장,7
엄마밥-신림점,"{'lat': '37.4823105', 'lng': '126.92042228'}","['한식', '포장', '야식', '신규맛집']","{'average_rating': 5.0, 'count': 4, 'image_count': 5, 'reply_count': 0}",5,4,5,0,37.4823105,126.9204223,서울특별시 관악구 남부순환로172길 98,서울,관악구,신림동,1,독립 매장,1046
국민우유집&카페숍-신림직영점,"{'lat': '37.4838245', 'lng': '126.92805967'}","['카페/디저트', '야식', '포장']","{'average_rating': 4.9, 'count': 99, 'image_count': 71, 'reply_count': 0}",4.9,99,71,0,37.4838245,126.9280597,서울특별시 관악구 남부순환로 1596,서울,관악구,신림동,1,독립 매장,586
튀긴치킨싫어서구운치킨만파는집-신림스타점,"{'lat': '37.485897', 'lng': '126.93839049'}","['고기/구이', '치킨', '분식', '야식', '포장', '1인분주문']","{'average_rating': 4.4, 'count': 18, 'image_count': 13, 'reply_count': 1}",4.4,18,13,1,37.485897,126.9383905,서울특별시 관악구 은천로 28,서울,관악구,봉천동,7,대규모 공유주방,894
감성낙곱새-관악신림점,"{'lat': '37.4871239', 'lng': '126.92836606'}","['한식', '포장', '프랜차이즈', '1인분주문', '신규맛집']","{'average_rating': 5.0, 'count': 4, 'image_count': 2, 'reply_count': 4}",5,4,2,4,37.4871239,126.9283661,서울특별시 관악구 신림동1길 7,서울,관악구,신림동,8,대규모 공유주방,1046
하이마라마라탕&마라샹궈-신림직영점,"{'lat': '37.4804059', 'lng': '126.91282657'}","['중국집', '야식', '찜/탕', '아시안', '포장']","{'average_rating': 4.8, 'count': 97, 'image_count': 90, 'reply_count': 79}",4.8,97,90,79,37.4804059,126.9128266,서울특별시 관악구 남부순환로144길 19,서울,관악구,신림동,1,독립 매장,592
진교동찜닭-관악점,"{'lat': '37.4865123', 'lng': '126.9416755'}","['찜/탕', '한식', '포장', '프랜차이즈']","{'average_rating': 4.9, 'count': 661, 'image_count': 583, 'reply_count': 642}",4.9,661,583,642,37.4865123,126.9416755,서울특별시 관악구 국회단지2길 40,서울,관악구,봉천동,5,대규모 공유주방,232
샤르르우유빙수신림점,"{'lat': '37.4806601', 'lng': '126.94641253'}","['카페/디저트', '포장', '야식']","{'average_rating': 4.8, 'count': 60, 'image_count': 59, 'reply_count': 0}",4.8,60,59,0,37.4806601,126.9464125,서울특별시 관악구 청룡5길 3,서울,관악구,봉천동,1,독립 매장,678
김하돌 김치찜하는돌아이-관악본점,"{'lat': '37.489193', 'lng': '126.93024395'}","['찜/탕', '한식', '포장', '야식']","{'average_rating': 5.0, 'count': 367, 'image_count': 283, 'reply_count': 366}",5,367,283,366,37.489193,126.930244,서울특별시 관악구 봉천로13길 9,서울,관악구,봉천동,10,대규모 공유주방,328
곱창119-신림점,"{'lat': '37.4859563', 'lng': '126.92626755'}","['찜/탕', '한식', '고기/구이', '포장']","{'average_rating': 5.0, 'count': 21, 'image_count': 13, 'reply_count': 5}",5,21,13,5,37.4859563,126.9262676,서울특별시 관악구 신림동7길 24,서울,관악구,신림동,1,독립 매장,871
프랭크버거-서원역점,"{'lat': '37.4778349', 'lng': '126.93255474'}","['버거', '포장', '프랜차이즈']","{'average_rating': 4.2, 'count': 120, 'image_count': 94, 'reply_count': 5}",4.2,120,94,5,37.4778349,126.9325547,서울특별시 관악구 신림로 257,서울,관악구,신림동,1,독립 매장,555
찜고집파스타,"{'lat': '37.4683082', 'lng': '126.93206377'}","['피자/양식', '고기/구이', '야식', '포장', '1인분주문']","{'average_rating': 4.9, 'count': 2768, 'image_count': 2450, 'reply_count': 2761}",4.9,2768,2450,2761,37.4683082,126.9320638,서울특별시 관악구 호암로 567-1,서울,관악구,신림동,3,소규모 샵인샵,73
꾸이꾸이숯불두마리치킨,"{'lat': '37.4872083', 'lng': '126.94799688'}","['한식', '도시락/죽', '치킨', '포장', '야식']","{'average_rating': 5.0, 'count': 2716, 'image_count': 2307, 'reply_count': 2710}",5,2716,2307,2710,37.4872083,126.9479969,서울특별시 관악구 은천로23길 10,서울,관악구,봉천동,1,독립 매장,77
오사카타코야키&오코노미야끼-봉천본점,"{'lat': '37.485594', 'lng': '126.95558745'}","['분식', '치킨', '포장', '야식', '신규맛집']","{'average_rating': 5.0, 'count': 3, 'image_count': 6, 'reply_count': 3}",5,3,6,3,37.485594,126.9555875,서울특별시 관악구 은천로 184,서울,관악구,봉천동,2,소규모 샵인샵,1072
이집닭강정잘하네-신림점,"{'lat': '37.4858919', 'lng': '126.92763607'}","['치킨', '포장', '1인분주문', '야식', '프랜차이즈']","{'average_rating': 5.0, 'count': 147, 'image_count': 106, 'reply_count': 6}",5,147,106,6,37.4858919,126.9276361,서울특별시 관악구 신림동5길 31,서울,관악구,신림동,1,독립 매장,506
짜글이용사성공담-관악점,"{'lat': '37.4881203', 'lng': '126.9255175'}","['찜/탕', '한식', '도시락/죽', '포장', '야식', '프랜차이즈']","{'average_rating': 4.9, 'count': 47, 'image_count': 31, 'reply_count': 47}",4.9,47,31,47,37.4881203,126.9255175,서울특별시 관악구 봉천로6길 36,서울,관악구,신림동,6,대규모 공유주방,720
모쿠816cafe-신림점,"{'lat': '37.4806889474198', 'lng': '126.946451608055'}","['포장', '카페/디저트', '야식', '샌드위치', '프랜차이즈']","{'average_rating': 4.8, 'count': 218, 'image_count': 188, 'reply_count': 98}",4.8,218,188,98,37.48068895,126.9464516,서울특별시 관악구 청룡5길 3,서울,관악구,봉천동,1,독립 매장,445
호식이두마리치킨-청룡점,"{'lat': '37.4800031', 'lng': '126.94590971'}","['프랜차이즈', '치킨', '포장', '야식']","{'average_rating': 4.9, 'count': 10993, 'image_count': 9725, 'reply_count': 10616}",4.9,10993,9725,10616,37.4800031,126.9459097,서울특별시 관악구 청룡길 40,서울,관악구,봉천동,2,소규모 샵인샵,6
양지순천집백순대&오볶,"{'lat': '37.4824902603777', 'lng': '126.926623273953'}","['한식', '야식', '고기/구이', '포장']","{'average_rating': 4.8, 'count': 2073, 'image_count': 1551, 'reply_count': 102}",4.8,2073,1551,102,37.48249026,126.9266233,서울특별시 관악구 신원로3길 40,서울,관악구,신림동,1,독립 매장,99
불맛나는낙지세상,"{'lat': '37.4797711537112', 'lng': '126.911739259336'}","['한식', '야식', '고기/구이', '찜/탕']","{'average_rating': 4.7, 'count': 379, 'image_count': 343, 'reply_count': 143}",4.7,379,343,143,37.47977115,126.9117393,서울특별시 관악구 남부순환로142길 31,서울,관악구,신림동,4,대규모 공유주방,325
탐나종합어시장-난곡사거리점,"{'lat': '37.4822315318372', 'lng': '126.915112705623'}","['포장', '일식/돈까스', '회/초밥']","{'average_rating': 4.9, 'count': 2374, 'image_count': 2174, 'reply_count': 2232}",4.9,2374,2174,2232,37.48223153,126.9151127,서울특별시 관악구 남부순환로 1481,서울,관악구,신림동,1,독립 매장,84
파스텔라-신림점,"{'lat': '37.4839342', 'lng': '126.93936786'}","['피자/양식', '분식', '고기/구이', '포장', '야식', '1인분주문', '신규맛집']","{'average_rating': 4.7, 'count': 15, 'image_count': 15, 'reply_count': 15}",4.7,15,15,15,37.4839342,126.9393679,서울특별시 관악구 봉천로 356,서울,관악구,봉천동,6,대규모 공유주방,915
푸줏간 숙성돼지 김치찜-관악직영점,"{'lat': '37.483194516786824', 'lng': '126.94515672134224'}","['찜/탕', '한식', '야식', '포장']","{'average_rating': 4.9, 'count': 65, 'image_count': 46, 'reply_count': 56}",4.9,65,46,56,37.48319452,126.9451567,서울특별시 관악구 봉천로 407,서울,관악구,봉천동,8,대규모 공유주방,663
마라영웅마라탕&마라샹궈-봉천점,"{'lat': '37.478144466165276', 'lng': '126.94139102703542'}","['중국집', '아시안', '찜/탕', '프랜차이즈', '포장']","{'average_rating': 4.9, 'count': 2941, 'image_count': 2594, 'reply_count': 1301}",4.9,2941,2594,1301,37.47814447,126.941391,서울특별시 관악구 참숯1길 19,서울,관악구,봉천동,1,독립 매장,66
돈까스브로스-관악점,"{'lat': '37.4767357', 'lng': '126.95418767'}","['한식', '일식/돈까스', '야식', '포장', '프랜차이즈']","{'average_rating': 4.8, 'count': 584, 'image_count': 477, 'reply_count': 296}",4.8,584,477,296,37.4767357,126.9541877,서울특별시 관악구 남부순환로228길 69,서울,관악구,봉천동,3,소규모 샵인샵,253
교촌치킨-봉천4호점,"{'lat': '37.483313', 'lng': '126.9412329'}","['프랜차이즈', '치킨']","{'average_rating': 4.7, 'count': 3174, 'image_count': 2119, 'reply_count': 1942}",4.7,3174,2119,1942,37.483313,126.9412329,서울특별시 관악구 봉천로 374,서울,관악구,봉천동,1,독립 매장,57
캔플러스Coffee&Dessert-신림점,"{'lat': '37.4883011', 'lng': '126.92709586'}","['샐러드', '분식', '카페/디저트', '야식', '포장']","{'average_rating': 4.9, 'count': 151, 'image_count': 101, 'reply_count': 0}",4.9,151,101,0,37.4883011,126.9270959,서울특별시 관악구 봉천로8길 25,서울,관악구,신림동,2,소규모 샵인샵,500
감쪽같이-조원본점,"{'lat': '37.4827014445571', 'lng': '126.911379182179'}","['한식', '고기/구이', '찜/탕', '야식', '포장']","{'average_rating': 4.8, 'count': 1941, 'image_count': 1269, 'reply_count': 1672}",4.8,1941,1269,1672,37.48270144,126.9113792,서울특별시 관악구 조원로16길 33,서울,관악구,신림동,1,독립 매장,105
대한냉면-관악점,"{'lat': '37.4798287', 'lng': '126.95756445'}","['한식', '분식', '일식/돈까스', '프랜차이즈', '포장']","{'average_rating': 4.9, 'count': 2887, 'image_count': 2509, 'reply_count': 1385}",4.9,2887,2509,1385,37.4798287,126.9575645,서울특별시 관악구 남부순환로 1869,서울,관악구,봉천동,1,독립 매장,70
동대문엽기떡볶이-신대방역점,"{'lat': '37.4859135', 'lng': '126.9134476'}","['분식', '프랜차이즈']","{'average_rating': 4.8, 'count': 583, 'image_count': 455, 'reply_count': 41}",4.8,583,455,41,37.4859135,126.9134476,서울특별시 관악구 난곡로 357,서울,관악구,신림동,2,소규모 샵인샵,255
호식이두마리치킨-보라매점,"{'lat': '37.4895595', 'lng': '126.92877103'}","['프랜차이즈', '치킨', '포장']","{'average_rating': 4.9, 'count': 245, 'image_count': 227, 'reply_count': 243}",4.9,245,227,243,37.4895595,126.928771,서울특별시 관악구 당곡길 5,서울,관악구,봉천동,1,독립 매장,416
정성비빔밥-신림점,"{'lat': '37.486915', 'lng': '126.92595687'}","['찜/탕', '한식', '프랜차이즈', '도시락/죽', '야식', '포장', '신규맛집']","{'average_rating': 4.8, 'count': 6, 'image_count': 4, 'reply_count': 4}",4.8,6,4,4,37.486915,126.9259569,서울특별시 관악구 신림동길 25,서울,관악구,신림동,4,대규모 공유주방,1009
고깃집철판볶음밥-신림점,"{'lat': '37.4847421', 'lng': '126.93998828'}","['한식', '분식', '고기/구이', '포장', '야식']","{'average_rating': 5.0, 'count': 105, 'image_count': 74, 'reply_count': 105}",5,105,74,105,37.4847421,126.9399883,서울특별시 관악구 봉천로29길 9,서울,관악구,봉천동,4,대규모 공유주방,577
이불속닭도리탕,"{'lat': '37.484597', 'lng': '126.92759424'}","['찜/탕', '한식', '치킨', '포장', '야식', '신규맛집']","{'average_rating': 5.0, 'count': 1, 'image_count': 1, 'reply_count': 0}",5,1,1,0,37.484597,126.9275942,서울특별시 관악구 남부순환로 1597-11,서울,관악구,신림동,7,대규모 공유주방,1131
삼과일-본점,"{'lat': '37.4854486', 'lng': '126.92872326'}","['카페/디저트', '포장', '샐러드', '야식', '샌드위치']","{'average_rating': 4.9, 'count': 19, 'image_count': 12, 'reply_count': 18}",4.9,19,12,18,37.4854486,126.9287233,서울특별시 관악구 신림로65길 10-9,서울,관악구,신림동,19,대규모 공유주방,886
고추장찌개자신있는집-신림점,"{'lat': '37.4851285', 'lng': '126.93824039'}","['찜/탕', '한식', '야식', '도시락/죽', '포장']","{'average_rating': 5.0, 'count': 1194, 'image_count': 837, 'reply_count': 454}",5,1194,837,454,37.4851285,126.9382404,서울특별시 관악구 봉천로 339,서울,관악구,봉천동,1,독립 매장,150
삼합1인도시락,"{'lat': '37.4837611', 'lng': '126.95382872'}","['한식', '족발/보쌈', '도시락/죽', '포장']","{'average_rating': 4.9, 'count': 71, 'image_count': 57, 'reply_count': 71}",4.9,71,57,71,37.4837611,126.9538287,서울특별시 관악구 중앙길 7,서울,관악구,봉천동,2,소규모 샵인샵,646
오늘덮밥-신림점,"{'lat': '37.4874494', 'lng': '126.93312628'}","['샐러드', '한식', '야식', '도시락/죽']","{'average_rating': 5.0, 'count': 13, 'image_count': 11, 'reply_count': 13}",5,13,11,13,37.4874494,126.9331263,서울특별시 관악구 봉천로 287,서울,관악구,봉천동,4,대규모 공유주방,933
숙성고기육칠이-봉천점,"{'lat': '37.4866282781371', 'lng': '126.94448980015'}","['한식', '고기/구이', '포장', '야식', '프랜차이즈']","{'average_rating': 5.0, 'count': 205, 'image_count': 172, 'reply_count': 111}",5,205,172,111,37.48662828,126.9444898,서울특별시 관악구 은천로 84,서울,관악구,봉천동,1,독립 매장,452
육회바른연어-봉천점,"{'lat': '37.4865536', 'lng': '126.94893011'}","['포장', '한식', '일식/돈까스', '야식', '회/초밥', '프랜차이즈']","{'average_rating': 4.9, 'count': 5549, 'image_count': 5135, 'reply_count': 177}",4.9,5549,5135,177,37.4865536,126.9489301,서울특별시 관악구 은천로 124,서울,관악구,봉천동,1,독립 매장,25
두찜-관악신림점,"{'lat': '37.4664244', 'lng': '126.93679148'}","['찜/탕', '한식', '프랜차이즈', '야식']","{'average_rating': 4.9, 'count': 523, 'image_count': 464, 'reply_count': 145}",4.9,523,464,145,37.4664244,126.9367915,서울특별시 관악구 대학14길 18,서울,관악구,신림동,1,독립 매장,270
전통숙성황실김치찜&찌개-봉천점,"{'lat': '37.4797687', 'lng': '126.95751774'}","['찜/탕', '한식', '고기/구이', '포장', '야식', '프랜차이즈', '신규맛집']","{'average_rating': 4.7, 'count': 11, 'image_count': 10, 'reply_count': 1}",4.7,11,10,1,37.4797687,126.9575177,서울특별시 관악구 남부순환로 1869,서울,관악구,봉천동,10,대규모 공유주방,949
꽉찬소곱창-본점,"{'lat': '37.4805773', 'lng': '126.94742874'}","['포장', '한식', '야식', '고기/구이', '프랜차이즈']","{'average_rating': 4.9, 'count': 986, 'image_count': 985, 'reply_count': 33}",4.9,986,985,33,37.4805773,126.9474287,서울특별시 관악구 청룡3길 22,서울,관악구,봉천동,9,대규모 공유주방,172
버거스올마이티-봉천점,"{'lat': '37.482488', 'lng': '126.94082365'}","['피자/양식', '버거', '포장', '프랜차이즈']","{'average_rating': 4.9, 'count': 154, 'image_count': 117, 'reply_count': 21}",4.9,154,117,21,37.482488,126.9408237,서울특별시 관악구 남부순환로 1718,서울,관악구,봉천동,1,독립 매장,495
김치찜참잘하는집-관악점,"{'lat': '37.4842091', 'lng': '126.94031621'}","['찜/탕', '한식', '고기/구이', '포장', '프랜차이즈', '1인분주문']","{'average_rating': 4.9, 'count': 714, 'image_count': 641, 'reply_count': 713}",4.9,714,641,713,37.4842091,126.9403162,서울특별시 관악구 봉천로 361,서울,관악구,봉천동,3,소규모 샵인샵,224
국제통닭-신림점,"{'lat': '37.4853218', 'lng': '126.93356031'}","['야식', '치킨', '포장', '1인분주문', '프랜차이즈']","{'average_rating': 4.5, 'count': 10, 'image_count': 8, 'reply_count': 0}",4.5,10,8,0,37.4853218,126.9335603,서울특별시 관악구 남부순환로187길 10,서울,관악구,신림동,2,소규모 샵인샵,964
뚜레쥬르-신대방역점,"{'lat': '37.4857411028096', 'lng': '126.913546177466'}","['카페/디저트', '프랜차이즈', '포장', '샌드위치']","{'average_rating': 4.8, 'count': 584, 'image_count': 518, 'reply_count': 0}",4.8,584,518,0,37.4857411,126.9135462,서울특별시 관악구 난곡로 355-1,서울,관악구,신림동,1,독립 매장,253
난바우동-신림점,"{'lat': '37.4864785', 'lng': '126.92226258'}","['한식', '분식', '일식/돈까스', '야식', '프랜차이즈']","{'average_rating': 4.9, 'count': 19, 'image_count': 16, 'reply_count': 18}",4.9,19,16,18,37.4864785,126.9222626,서울특별시 관악구 조원로 181,서울,관악구,신림동,2,소규모 샵인샵,886
마라섬마라탕&딤섬-신림점,"{'lat': '37.4861106', 'lng': '126.92968339'}","['중국집', '아시안', '포장', '프랜차이즈', '신규맛집']","{'average_rating': 5.0, 'count': 12, 'image_count': 11, 'reply_count': 11}",5,12,11,11,37.4861106,126.9296834,서울특별시 관악구 신림로 356,서울,관악구,신림동,1,독립 매장,943
전주밥상한식전문점,"{'lat': '37.4811059', 'lng': '126.94706859'}","['한식', '고기/구이', '도시락/죽', '야식', '1인분주문', '포장']","{'average_rating': 5.0, 'count': 561, 'image_count': 459, 'reply_count': 341}",5,561,459,341,37.4811059,126.9470686,서울특별시 관악구 청룡1길 16,서울,관악구,봉천동,2,소규모 샵인샵,261
보드람치킨-난곡점,"{'lat': '37.483969', 'lng': '126.91396465'}","['분식', '치킨', '야식', '프랜차이즈']","{'average_rating': 4.8, 'count': 109, 'image_count': 87, 'reply_count': 0}",4.8,109,87,0,37.483969,126.9139647,서울특별시 관악구 난곡로 335,서울,관악구,신림동,1,독립 매장,569
원데이피자,"{'lat': '37.4841496', 'lng': '126.94135821'}","['피자/양식', '포장', '야식']","{'average_rating': 5.0, 'count': 24, 'image_count': 27, 'reply_count': 24}",5,24,27,24,37.4841496,126.9413582,서울특별시 관악구 봉천로31길 9,서울,관악구,봉천동,1,독립 매장,841
양평해장국&왕뼈감자탕,"{'lat': '37.4835471', 'lng': '126.94638764'}","['찜/탕', '한식', '고기/구이', '포장']","{'average_rating': 4.9, 'count': 301, 'image_count': 224, 'reply_count': 299}",4.9,301,224,299,37.4835471,126.9463876,서울특별시 관악구 양녕로 15,서울,관악구,봉천동,1,독립 매장,364
디저트프룻,"{'lat': '37.4857542', 'lng': '126.9274897'}","['카페/디저트', '야식', '샌드위치', '포장']","{'average_rating': 4.9, 'count': 132, 'image_count': 86, 'reply_count': 67}",4.9,132,86,67,37.4857542,126.9274897,서울특별시 관악구 신림동5길 34,서울,관악구,신림동,1,독립 매장,531
오리에올인-본점,"{'lat': '37.484532', 'lng': '126.93968267'}","['찜/탕', '고기/구이', '족발/보쌈', '야식', '포장']","{'average_rating': 4.9, 'count': 71, 'image_count': 61, 'reply_count': 57}",4.9,71,61,57,37.484532,126.9396827,서울특별시 관악구 봉천로 353-1,서울,관악구,봉천동,6,대규모 공유주방,646
원조고기무침집-본점,"{'lat': '37.484532', 'lng': '126.93968267'}","['족발/보쌈', '고기/구이', '한식', '야식', '포장']","{'average_rating': 4.8, 'count': 167, 'image_count': 171, 'reply_count': 107}",4.8,167,171,107,37.484532,126.9396827,서울특별시 관악구 봉천로 353-1,서울,관악구,봉천동,6,대규모 공유주방,484
피나치공뿌리공스-신림점,"{'lat': '37.4840884', 'lng': '126.92157603'}","['피자/양식', '치킨', '포장', '야식', '프랜차이즈', '신규맛집']","{'average_rating': 5.0, 'count': 1, 'image_count': 1, 'reply_count': 0}",5,1,1,0,37.4840884,126.921576,서울특별시 관악구 남부순환로163길 6,서울,관악구,신림동,2,소규모 샵인샵,1131
족발김사부,"{'lat': '37.4829284', 'lng': '126.91416895'}","['족발/보쌈', '야식', '포장']","{'average_rating': 5.0, 'count': 765, 'image_count': 834, 'reply_count': 727}",5,765,834,727,37.4829284,126.914169,서울특별시 관악구 난곡로 323,서울,관악구,신림동,1,독립 매장,218
전설낙곱새-관악점,"{'lat': '37.4881054', 'lng': '126.95980073'}","['찜/탕', '한식', '분식', '야식', '프랜차이즈', '포장']","{'average_rating': 5.0, 'count': 1539, 'image_count': 1374, 'reply_count': 1087}",5,1539,1374,1087,37.4881054,126.9598007,서울특별시 관악구 청림길 16-3,서울,관악구,봉천동,1,독립 매장,126
죠스떡볶이-신대방역점,"{'lat': '37.4869569', 'lng': '126.9137097'}","['분식', '프랜차이즈']","{'average_rating': 4.8, 'count': 2039, 'image_count': 1101, 'reply_count': 50}",4.8,2039,1101,50,37.4869569,126.9137097,서울특별시 관악구 난곡로 370,서울,관악구,신림동,1,독립 매장,100
육연家-신림점,"{'lat': '37.48203242479008', 'lng': '126.92966049495293'}","['야식', '일식/돈까스', '회/초밥', '포장', '도시락/죽']","{'average_rating': 5.0, 'count': 380, 'image_count': 375, 'reply_count': 380}",5,380,375,380,37.48203242,126.9296605,서울특별시 관악구 신림로 309,서울,관악구,신림동,4,대규모 공유주방,324
순수덮밥-신림점,"{'lat': '37.4873878', 'lng': '126.92826255'}","['한식', '프랜차이즈', '도시락/죽', '포장', '1인분주문']","{'average_rating': 4.9, 'count': 222, 'image_count': 171, 'reply_count': 219}",4.9,222,171,219,37.4873878,126.9282626,서울특별시 관악구 신림동길 3-1,서울,관악구,신림동,2,소규모 샵인샵,441
배스킨라빈스-신림역사거리점,"{'lat': '37.4843023', 'lng': '126.92844247'}","['카페/디저트', '프랜차이즈', '포장']","{'average_rating': 4.7, 'count': 22, 'image_count': 19, 'reply_count': 0}",4.7,22,19,0,37.4843023,126.9284425,서울특별시 관악구 남부순환로 1601,서울,관악구,신림동,2,소규모 샵인샵,862
피제이피자-관악점,"{'lat': '37.4803932878002', 'lng': '126.933137251878'}","['피자/양식', '프랜차이즈', '야식', '포장']","{'average_rating': 5.0, 'count': 1890, 'image_count': 1701, 'reply_count': 1889}",5,1890,1701,1889,37.48039329,126.9331373,서울특별시 관악구 신림로48길 17-20,서울,관악구,신림동,1,독립 매장,107
삼봉통닭-봉천점,"{'lat': '37.4816911', 'lng': '126.941801'}","['고기/구이', '치킨', '포장', '야식']","{'average_rating': 4.9, 'count': 252, 'image_count': 208, 'reply_count': 0}",4.9,252,208,0,37.4816911,126.941801,서울특별시 관악구 장군봉1길 32,서울,관악구,봉천동,1,독립 매장,408
을지김치찜-신림점,"{'lat': '37.4847415', 'lng': '126.93712327'}","['찜/탕', '한식', '포장', '1인분주문', '신규맛집']","{'average_rating': 5.0, 'count': 2, 'image_count': 2, 'reply_count': 0}",5,2,2,0,37.4847415,126.9371233,서울특별시 관악구 남부순환로 1677,서울,관악구,봉천동,1,독립 매장,1095
초신당한우곱도리탕-신림점,"{'lat': '37.477889', 'lng': '126.94185505'}","['찜/탕', '한식', '야식', '포장', '프랜차이즈', '1인분주문', '고기/구이']","{'average_rating': 5.0, 'count': 129, 'image_count': 104, 'reply_count': 127}",5,129,104,127,37.477889,126.9418551,서울특별시 관악구 참숯1길 19,서울,관악구,봉천동,5,대규모 공유주방,540
압도반점-관악점,"{'lat': '37.4867629', 'lng': '126.94082561'}","['중국집', '야식', '포장', '1인분주문', '신규맛집']","{'average_rating': 4.8, 'count': 4, 'image_count': 3, 'reply_count': 3}",4.8,4,3,3,37.4867629,126.9408256,서울특별시 관악구 은천로9길 14,서울,관악구,봉천동,5,대규모 공유주방,1046
찹찹프레쉬,"{'lat': '37.4859617', 'lng': '126.93119511'}","['카페/디저트', '샌드위치', '샐러드', '포장']","{'average_rating': 4.9, 'count': 979, 'image_count': 859, 'reply_count': 956}",4.9,979,859,956,37.4859617,126.9311951,서울특별시 관악구 봉천로20길 47,서울,관악구,신림동,1,독립 매장,174
열무가득정성냉면,"{'lat': '37.4857499', 'lng': '126.94071559'}","['분식', '고기/구이', '한식', '야식', '포장', '신규맛집']","{'average_rating': 5.0, 'count': 1, 'image_count': 1, 'reply_count': 1}",5,1,1,1,37.4857499,126.9407156,서울특별시 관악구 봉천로27길 41,서울,관악구,봉천동,10,대규모 공유주방,1131
갈팡즙팡과일디저트카페-신림점,"{'lat': '37.4859539484452', 'lng': '126.915221000282'}","['카페/디저트', '포장', '야식', '도시락/죽', '샐러드']","{'average_rating': 4.9, 'count': 1466, 'image_count': 1300, 'reply_count': 21}",4.9,1466,1300,21,37.48595395,126.915221,서울특별시 관악구 난곡로74길 26,서울,관악구,신림동,1,독립 매장,133
지코바치킨-봉천역점,"{'lat': '37.4831415', 'lng': '126.94561119'}","['야식', '프랜차이즈', '치킨', '포장']","{'average_rating': 4.9, 'count': 31, 'image_count': 28, 'reply_count': 0}",4.9,31,28,0,37.4831415,126.9456112,서울특별시 관악구 봉천로 411,서울,관악구,봉천동,1,독립 매장,791
통큰고기집&냉면,"{'lat': '37.4792756', 'lng': '126.95081181'}","['한식', '분식', '고기/구이', '포장', '다회용기']","{'average_rating': 4.9, 'count': 1446, 'image_count': 1132, 'reply_count': 1244}",4.9,1446,1132,1244,37.4792756,126.9508118,서울특별시 관악구 관악로13길 25,서울,관악구,봉천동,1,독립 매장,134
비빔밥브라더-신림직영점,"{'lat': '37.4902636', 'lng': '126.92915955'}","['아시안', '한식', '포장']","{'average_rating': 5.0, 'count': 108, 'image_count': 76, 'reply_count': 0}",5,108,76,0,37.4902636,126.9291596,서울특별시 관악구 당곡길 22,서울,관악구,봉천동,2,소규모 샵인샵,571
국민핵교옛날도시락-봉천점,"{'lat': '37.4839059', 'lng': '126.9399404'}","['한식', '도시락/죽', '1인분주문']","{'average_rating': 4.8, 'count': 104, 'image_count': 66, 'reply_count': 0}",4.8,104,66,0,37.4839059,126.9399404,서울특별시 관악구 봉천로 360-1,서울,관악구,봉천동,3,소규모 샵인샵,578
갱스터피자-신림점,"{'lat': '37.4775796', 'lng': '126.93656687'}","['피자/양식', '야식', '포장', '프랜차이즈']","{'average_rating': 4.9, 'count': 176, 'image_count': 169, 'reply_count': 156}",4.9,176,169,156,37.4775796,126.9365669,서울특별시 관악구 신림로 224-1,서울,관악구,신림동,1,독립 매장,476
푸라닭-서림점,"{'lat': '37.4709053', 'lng': '126.93992087'}","['프랜차이즈', '치킨', '포장']","{'average_rating': 5.0, 'count': 4281, 'image_count': 4075, 'reply_count': 4089}",5,4281,4075,4089,37.4709053,126.9399209,서울특별시 관악구 신림로 86,서울,관악구,신림동,1,독립 매장,38
한끼든든수제돈까스&소바,"{'lat': '37.489193', 'lng': '126.93024395'}","['아시안', '분식', '일식/돈까스', '포장']","{'average_rating': 4.8, 'count': 82, 'image_count': 77, 'reply_count': 4}",4.8,82,77,4,37.489193,126.930244,서울특별시 관악구 봉천로13길 9,서울,관악구,봉천동,10,대규모 공유주방,620
찜맛탱김치찜전문-신림점,"{'lat': '37.4811191', 'lng': '126.92752263'}","['찜/탕', '한식', '포장', '야식']","{'average_rating': 4.7, 'count': 39, 'image_count': 28, 'reply_count': 13}",4.7,39,28,13,37.4811191,126.9275226,서울특별시 관악구 신원로3가길 9,서울,관악구,신림동,3,소규모 샵인샵,756
버거킹-신림역점,"{'lat': '37.4825754463389', 'lng': '126.930252882828'}","['버거', '프랜차이즈']","{'average_rating': 4.6, 'count': 14021, 'image_count': 7688, 'reply_count': 2124}",4.6,14021,7688,2124,37.48257545,126.9302529,서울특별시 관악구 신림로 318,서울,관악구,신림동,4,대규모 공유주방,2
맛집청송,"{'lat': '37.4834765', 'lng': '126.90762105'}","['한식', '야식', '포장']","{'average_rating': 4.8, 'count': 639, 'image_count': 545, 'reply_count': 555}",4.8,639,545,555,37.4834765,126.9076211,서울특별시 관악구 조원중앙로 50,서울,관악구,신림동,4,대규모 공유주방,238
파리바게뜨-신림양지점,"{'lat': '37.4842974', 'lng': '126.93172805'}","['카페/디저트', '프랜차이즈', '샌드위치']","{'average_rating': 4.9, 'count': 2012, 'image_count': 1635, 'reply_count': 995}",4.9,2012,1635,995,37.4842974,126.9317281,서울특별시 관악구 남부순환로 1630,서울,관악구,신림동,1,독립 매장,103
곱창의전설-신림점,"{'lat': '37.4693353', 'lng': '126.93633444'}","['한식', '고기/구이', '야식', '포장', '프랜차이즈', '1인분주문']","{'average_rating': 4.8, 'count': 123, 'image_count': 118, 'reply_count': 0}",4.8,123,118,0,37.4693353,126.9363344,서울특별시 관악구 신림로17길 32,서울,관악구,신림동,6,대규모 공유주방,551
배터지는1인찹쌀탕수육,"{'lat': '37.489193', 'lng': '126.93024395'}","['중국집', '고기/구이', '아시안', '포장']","{'average_rating': 4.9, 'count': 47, 'image_count': 44, 'reply_count': 8}",4.9,47,44,8,37.489193,126.930244,서울특별시 관악구 봉천로13길 9,서울,관악구,봉천동,10,대규모 공유주방,720
나래족발,"{'lat': '37.4824957', 'lng': '126.95156076'}","['한식', '고기/구이', '족발/보쌈', '포장', '야식']","{'average_rating': 4.9, 'count': 163, 'image_count': 152, 'reply_count': 96}",4.9,163,152,96,37.4824957,126.9515608,서울특별시 관악구 봉천로 465,서울,관악구,봉천동,1,독립 매장,488
THE더가득담은김치찜-관악점,"{'lat': '37.4881203', 'lng': '126.9255175'}","['찜/탕', '한식', '야식', '도시락/죽', '프랜차이즈']","{'average_rating': 4.9, 'count': 4088, 'image_count': 3615, 'reply_count': 3450}",4.9,4088,3615,3450,37.4881203,126.9255175,서울특별시 관악구 봉천로6길 36,서울,관악구,신림동,6,대규모 공유주방,43
심초밥,"{'lat': '37.4806350361901', 'lng': '126.903958011865'}","['일식/돈까스', '회/초밥', '야식']","{'average_rating': 4.9, 'count': 1184, 'image_count': 1031, 'reply_count': 431}",4.9,1184,1031,431,37.48063504,126.903958,서울특별시 관악구 조원중앙로1길 10,서울,관악구,신림동,1,독립 매장,153
미쳐버린파닭-서울대1호점,"{'lat': '37.4687232655933', 'lng': '126.9406655012'}",['치킨'],"{'average_rating': 4.8, 'count': 8220, 'image_count': 5634, 'reply_count': 2663}",4.8,8220,5634,2663,37.46872327,126.9406655,서울특별시 관악구 대학7길 53,서울,관악구,신림동,1,독립 매장,12
토핑몬스터피자TMPPIZZA-관악점,"{'lat': '37.4835787', 'lng': '126.94354311'}","['피자/양식', '치킨', '포장', '프랜차이즈', '신규맛집']","{'average_rating': 4.9, 'count': 139, 'image_count': 146, 'reply_count': 136}",4.9,139,146,136,37.4835787,126.9435431,서울특별시 관악구 봉천로33길 7,서울,관악구,봉천동,6,대규모 공유주방,520
세모디 세상의모든디저트 본점,"{'lat': '37.4821621', 'lng': '126.90504424'}","['분식', '카페/디저트', '포장', '한식', '야식']","{'average_rating': 4.9, 'count': 407, 'image_count': 353, 'reply_count': 112}",4.9,407,353,112,37.4821621,126.9050442,서울특별시 관악구 조원로4길 30,서울,관악구,신림동,1,독립 매장,317
숯고기-본점,"{'lat': '37.4795928', 'lng': '126.92964988'}","['찜/탕', '한식', '고기/구이', '포장']","{'average_rating': 4.9, 'count': 42, 'image_count': 44, 'reply_count': 42}",4.9,42,44,42,37.4795928,126.9296499,서울특별시 관악구 신원로4길 46,서울,관악구,신림동,1,독립 매장,740
두찜-관악보라매점,"{'lat': '37.4915305311542', 'lng': '126.927903109456'}","['찜/탕', '한식', '프랜차이즈', '포장']","{'average_rating': 4.8, 'count': 560, 'image_count': 476, 'reply_count': 228}",4.8,560,476,228,37.49153053,126.9279031,서울특별시 관악구 당곡길 60,서울,관악구,봉천동,1,독립 매장,262
발칙한언니의순살치킨-본점,"{'lat': '37.4791757', 'lng': '126.92581883'}","['치킨', '포장', '야식', '신규맛집']","{'average_rating': 5.0, 'count': 1, 'image_count': 1, 'reply_count': 1}",5,1,1,1,37.4791757,126.9258188,서울특별시 관악구 문성로 199,서울,관악구,신림동,3,소규모 샵인샵,1131
볶음밥도사-구로금천점,"{'lat': '37.4811265', 'lng': '126.91421284'}","['한식', '도시락/죽', '야식', '프랜차이즈']","{'average_rating': 4.9, 'count': 243, 'image_count': 186, 'reply_count': 0}",4.9,243,186,0,37.4811265,126.9142128,서울특별시 관악구 난곡로63길 6,서울,관악구,신림동,7,대규모 공유주방,418
이디야커피-신림패션문화점,"{'lat': '37.4886542', 'lng': '126.92544396'}","['카페/디저트', '프랜차이즈', '포장']","{'average_rating': 4.9, 'count': 133, 'image_count': 104, 'reply_count': 37}",4.9,133,104,37,37.4886542,126.925444,서울특별시 관악구 봉천로6길 24,서울,관악구,신림동,1,독립 매장,529
가화양꼬치&마라샹궈-신림점,"{'lat': '37.481681', 'lng': '126.92961063'}","['포장', '중국집', '야식', '아시안']","{'average_rating': 4.8, 'count': 239, 'image_count': 239, 'reply_count': 32}",4.8,239,239,32,37.481681,126.9296106,서울특별시 관악구 신원로 40-11,서울,관악구,신림동,1,독립 매장,426
오늘부터우리는떡볶이토핑에집중한다-관악점,"{'lat': '37.4794155', 'lng': '126.94194469'}","['분식', '야식', '포장', '치킨', '프랜차이즈']","{'average_rating': 4.9, 'count': 338, 'image_count': 334, 'reply_count': 309}",4.9,338,334,309,37.4794155,126.9419447,서울특별시 관악구 쑥고개로 48,서울,관악구,봉천동,9,대규모 공유주방,341
극락갈비찜-관악점,"{'lat': '37.4843452', 'lng': '126.94929645'}","['찜/탕', '한식', '고기/구이', '포장', '1인분주문']","{'average_rating': 4.9, 'count': 420, 'image_count': 379, 'reply_count': 0}",4.9,420,379,0,37.4843452,126.9492965,서울특별시 관악구 양녕로6길 43,서울,관악구,봉천동,1,독립 매장,311
피자선생-봉천점,"{'lat': '37.4889643', 'lng': '126.93007852'}","['피자/양식', '포장', '야식', '프랜차이즈']","{'average_rating': 5.0, 'count': 914, 'image_count': 846, 'reply_count': 100}",5,914,846,100,37.4889643,126.9300785,서울특별시 관악구 봉천로13길 5,서울,관악구,봉천동,1,독립 매장,185
밥부르기니-관악신림점,"{'lat': '37.4871239', 'lng': '126.92836606'}","['한식', '포장', '야식', '프랜차이즈', '1인분주문', '신규맛집']","{'average_rating': 0.0, 'count': 0, 'image_count': 0, 'reply_count': 0}",0,0,0,0,37.4871239,126.9283661,서울특별시 관악구 신림동1길 7,서울,관악구,신림동,8,대규모 공유주방,1178
곱창듬뿍국물곱도리탕-신림점,"{'lat': '37.4841958', 'lng': '126.92511351'}","['찜/탕', '한식', '고기/구이', '포장', '야식', '프랜차이즈']","{'average_rating': 5.0, 'count': 2, 'image_count': 2, 'reply_count': 0}",5,2,2,0,37.4841958,126.9251135,서울특별시 관악구 관천로 59,서울,관악구,신림동,4,대규모 공유주방,1095
일인반닭,"{'lat': '37.48203242479008', 'lng': '126.92966049495293'}","['포장', '야식', '치킨']","{'average_rating': 4.9, 'count': 278, 'image_count': 195, 'reply_count': 30}",4.9,278,195,30,37.48203242,126.9296605,서울특별시 관악구 신림로 309,서울,관악구,신림동,4,대규모 공유주방,384
마니달오프리미엄과일전문-신림점,"{'lat': '37.4828515', 'lng': '126.91714117'}","['분식', '카페/디저트', '포장', '야식', '신규맛집']","{'average_rating': 3.0, 'count': 1, 'image_count': 2, 'reply_count': 1}",3,1,2,1,37.4828515,126.9171412,서울특별시 관악구 남부순환로151길 13,서울,관악구,신림동,1,독립 매장,1131
도래곱창-구디역점,"{'lat': '37.48201842224', 'lng': '126.905387238092'}","['한식', '고기/구이', '야식']","{'average_rating': 4.9, 'count': 1612, 'image_count': 1481, 'reply_count': 773}",4.9,1612,1481,773,37.48201842,126.9053872,서울특별시 관악구 조원로4길 37,서울,관악구,신림동,1,독립 매장,124
숙성회136,"{'lat': '37.4789597', 'lng': '126.95447827'}","['포장', '일식/돈까스', '한식', '회/초밥']","{'average_rating': 4.9, 'count': 488, 'image_count': 425, 'reply_count': 122}",4.9,488,425,122,37.4789597,126.9544783,서울특별시 관악구 관악로14길 35,서울,관악구,봉천동,1,독립 매장,286
K비빔밥-본점,"{'lat': '37.479664', 'lng': '126.94729518'}","['찜/탕', '한식', '포장', '1인분주문']","{'average_rating': 4.9, 'count': 268, 'image_count': 217, 'reply_count': 265}",4.9,268,217,265,37.479664,126.9472952,서울특별시 관악구 남부순환로214길 46,서울,관악구,봉천동,4,대규모 공유주방,393
족의한수-신림점,"{'lat': '37.4730425', 'lng': '126.93437478'}","['한식', '고기/구이', '족발/보쌈', '포장']","{'average_rating': 5.0, 'count': 514, 'image_count': 530, 'reply_count': 513}",5,514,530,513,37.4730425,126.9343748,서울특별시 관악구 신림로26길 13,서울,관악구,신림동,1,독립 매장,277
오이시야-신림점,"{'lat': '37.4841352', 'lng': '126.91734554'}","['일식/돈까스', '포장', '야식', '1인분주문']","{'average_rating': 5.0, 'count': 18, 'image_count': 17, 'reply_count': 14}",5,18,17,14,37.4841352,126.9173455,서울특별시 관악구 남부순환로155길 31,서울,관악구,신림동,1,독립 매장,894
올데이파스타-봉천신림점,"{'lat': '37.4835884', 'lng': '126.92797932'}","['피자/양식', '고기/구이', '야식', '포장', '프랜차이즈', '1인분주문']","{'average_rating': 4.8, 'count': 25, 'image_count': 15, 'reply_count': 7}",4.8,25,15,7,37.4835884,126.9279793,서울특별시 관악구 남부순환로 1594-6,서울,관악구,신림동,2,소규모 샵인샵,830
뽁순이볶음밥-신림본점,"{'lat': '37.4795271', 'lng': '126.94161931'}","['피자/양식', '한식', '도시락/죽', '포장', '야식', '프랜차이즈', '1인분주문']","{'average_rating': 4.8, 'count': 95, 'image_count': 58, 'reply_count': 63}",4.8,95,58,63,37.4795271,126.9416193,서울특별시 관악구 쑥고개로 45,서울,관악구,봉천동,4,대규모 공유주방,596
화채꽃-관악점,"{'lat': '37.4881203', 'lng': '126.9255175'}","['한식', '카페/디저트', '도시락/죽', '포장', '야식', '프랜차이즈']","{'average_rating': 4.8, 'count': 101, 'image_count': 98, 'reply_count': 99}",4.8,101,98,99,37.4881203,126.9255175,서울특별시 관악구 봉천로6길 36,서울,관악구,신림동,6,대규모 공유주방,584
피지컬찜닭-신림점,"{'lat': '37.4851007', 'lng': '126.93830627'}","['찜/탕', '한식', '고기/구이', '야식', '포장', '1인분주문']","{'average_rating': 4.9, 'count': 151, 'image_count': 136, 'reply_count': 78}",4.9,151,136,78,37.4851007,126.9383063,서울특별시 관악구 봉천로 341,서울,관악구,봉천동,4,대규모 공유주방,500
인기급상승떡볶이-관악본점,"{'lat': '37.4795271', 'lng': '126.94161931'}","['한식', '분식', '포장', '야식']","{'average_rating': 4.7, 'count': 39, 'image_count': 28, 'reply_count': 18}",4.7,39,28,18,37.4795271,126.9416193,서울특별시 관악구 쑥고개로 45,서울,관악구,봉천동,4,대규모 공유주방,756
땅스부대찌개-봉천역점,"{'lat': '37.4819733', 'lng': '126.94378647'}","['한식', '프랜차이즈', '포장', '찜/탕', '분식']","{'average_rating': 5.0, 'count': 113, 'image_count': 92, 'reply_count': 113}",5,113,92,113,37.4819733,126.9437865,서울특별시 관악구 남부순환로 1744-1,서울,관악구,봉천동,2,소규모 샵인샵,562
굿찜 명품찜닭 본점,"{'lat': '37.488415', 'lng': '126.9582851'}","['찜/탕', '한식', '고기/구이', '야식', '포장', '1인분주문']","{'average_rating': 4.9, 'count': 630, 'image_count': 543, 'reply_count': 627}",4.9,630,543,627,37.488415,126.9582851,서울특별시 관악구 관악로 274,서울,관악구,봉천동,2,소규모 샵인샵,241
치킨렉-신림본점,"{'lat': '37.4875056', 'lng': '126.92778638'}","['피자/양식', '분식', '치킨', '포장']","{'average_rating': 4.9, 'count': 113, 'image_count': 83, 'reply_count': 3}",4.9,113,83,3,37.4875056,126.9277864,서울특별시 관악구 신림동길 8,서울,관악구,신림동,1,독립 매장,562
순진한두부든든한제육이-봉천점,"{'lat': '37.4814092', 'lng': '126.94310598'}","['찜/탕', '한식', '고기/구이', '포장']","{'average_rating': 4.7, 'count': 26, 'image_count': 27, 'reply_count': 0}",4.7,26,27,0,37.4814092,126.943106,서울특별시 관악구 장군봉1길 56,서울,관악구,봉천동,11,대규모 공유주방,826
내사랑을먹어주세요,"{'lat': '37.4795946162772', 'lng': '126.950712433378'}","['카페/디저트', '야식', '샐러드', '포장']","{'average_rating': 4.8, 'count': 334, 'image_count': 259, 'reply_count': 38}",4.8,334,259,38,37.47959462,126.9507124,서울특별시 관악구 관악로15길 23-16,서울,관악구,봉천동,2,소규모 샵인샵,343
매드피자-신림점,"{'lat': '37.4845999', 'lng': '126.9468547'}","['피자/양식', '분식', '야식', '치킨']","{'average_rating': 4.9, 'count': 1415, 'image_count': 1319, 'reply_count': 1090}",4.9,1415,1319,1090,37.4845999,126.9468547,서울특별시 관악구 양녕로 30,서울,관악구,봉천동,1,독립 매장,135
삼겹 찍먹의 정석-관악직영점,"{'lat': '37.483194516786824', 'lng': '126.94515672134224'}","['한식', '고기/구이', '야식', '도시락/죽', '포장']","{'average_rating': 4.8, 'count': 31, 'image_count': 26, 'reply_count': 28}",4.8,31,26,28,37.48319452,126.9451567,서울특별시 관악구 봉천로 407,서울,관악구,봉천동,8,대규모 공유주방,791
청담강정-관악점,"{'lat': '37.4819738', 'lng': '126.94352232'}","['포장', '프랜차이즈', '치킨']","{'average_rating': 4.7, 'count': 20, 'image_count': 19, 'reply_count': 2}",4.7,20,19,2,37.4819738,126.9435223,서울특별시 관악구 남부순환로 1742,서울,관악구,봉천동,1,독립 매장,878
지영이네생선조림,"{'lat': '37.4735906', 'lng': '126.93930193'}","['찜/탕', '한식', '고기/구이', '포장']","{'average_rating': 5.0, 'count': 5, 'image_count': 1, 'reply_count': 0}",5,5,1,0,37.4735906,126.9393019,서울특별시 관악구 서림3길 9,서울,관악구,신림동,2,소규모 샵인샵,1025
순자닭발,"{'lat': '37.4859944', 'lng': '126.92117477'}","['중국집', '고기/구이', '찜/탕', '포장', '야식', '1인분주문']","{'average_rating': 5.0, 'count': 4, 'image_count': 5, 'reply_count': 4}",5,4,5,4,37.4859944,126.9211748,서울특별시 관악구 조원로 170,서울,관악구,신림동,8,대규모 공유주방,1046
김영태스시&사시미마을-구로점,"{'lat': '37.4811265', 'lng': '126.91421284'}","['일식/돈까스', '프랜차이즈', '회/초밥']","{'average_rating': 4.8, 'count': 7681, 'image_count': 7250, 'reply_count': 179}",4.8,7681,7250,179,37.4811265,126.9142128,서울특별시 관악구 난곡로63길 6,서울,관악구,신림동,7,대규모 공유주방,13
사천마라탕-본점,"{'lat': '37.4792349165327', 'lng': '126.950692450541'}","['중국집', '한식', '프랜차이즈', '야식', '아시안', '다회용기', '포장']","{'average_rating': 4.9, 'count': 7669, 'image_count': 6523, 'reply_count': 5271}",4.9,7669,6523,5271,37.47923492,126.9506925,서울특별시 관악구 관악로13길 25,서울,관악구,봉천동,2,소규모 샵인샵,14
데일리프룻-관악점,"{'lat': '37.4807394', 'lng': '126.94598053'}","['분식', '카페/디저트', '포장', '프랜차이즈']","{'average_rating': 4.9, 'count': 19, 'image_count': 17, 'reply_count': 0}",4.9,19,17,0,37.4807394,126.9459805,서울특별시 관악구 청룡길 24,서울,관악구,봉천동,1,독립 매장,886
치킨플러스-신대방점,"{'lat': '37.48253579812506', 'lng': '126.91005734534423'}","['프랜차이즈', '치킨', '포장']","{'average_rating': 4.9, 'count': 832, 'image_count': 773, 'reply_count': 725}",4.9,832,773,725,37.4825358,126.9100573,서울특별시 관악구 조원로14길 27,서울,관악구,신림동,2,소규모 샵인샵,203
열정국밥-관악구신림점,"{'lat': '37.484672', 'lng': '126.93705965'}","['한식', '프랜차이즈']","{'average_rating': 4.9, 'count': 254, 'image_count': 173, 'reply_count': 96}",4.9,254,173,96,37.484672,126.9370597,서울특별시 관악구 남부순환로 1677,서울,관악구,봉천동,1,독립 매장,406
원할머니보쌈-봉천현대시장배달점,"{'lat': '37.4888384070027', 'lng': '126.948629359127'}","['포장', '족발/보쌈', '프랜차이즈', '한식']","{'average_rating': 4.7, 'count': 824, 'image_count': 467, 'reply_count': 157}",4.7,824,467,157,37.48883841,126.9486294,서울특별시 관악구 은천로25길 63,서울,관악구,봉천동,1,독립 매장,204
동대문엽기떡볶이-서울대입구점,"{'lat': '37.4782694', 'lng': '126.95665894'}","['한식', '분식', '프랜차이즈', '포장']","{'average_rating': 4.8, 'count': 990, 'image_count': 727, 'reply_count': 0}",4.8,990,727,0,37.4782694,126.9566589,서울특별시 관악구 관악로14길 76,서울,관악구,봉천동,1,독립 매장,171
국밥백서-봉천점,"{'lat': '37.4866283', 'lng': '126.9444898'}","['찜/탕', '한식', '포장', '야식', '프랜차이즈', '1인분주문']","{'average_rating': 4.9, 'count': 92, 'image_count': 72, 'reply_count': 92}",4.9,92,72,92,37.4866283,126.9444898,서울특별시 관악구 은천로 84,서울,관악구,봉천동,1,독립 매장,600
봉이네짜글이,"{'lat': '37.4882179', 'lng': '126.95768571'}","['찜/탕', '한식', '분식', '포장', '1인분주문', '신규맛집']","{'average_rating': 5.0, 'count': 52, 'image_count': 44, 'reply_count': 51}",5,52,44,51,37.4882179,126.9576857,서울특별시 관악구 관악로 271,서울,관악구,봉천동,1,독립 매장,705
아이캔커피-봉천점,"{'lat': '37.4861307', 'lng': '126.93675981'}","['치킨', '포장', '야식', '신규맛집']","{'average_rating': 5.0, 'count': 2, 'image_count': 1, 'reply_count': 2}",5,2,1,2,37.4861307,126.9367598,서울특별시 관악구 은천로 14,서울,관악구,봉천동,3,소규모 샵인샵,1095
코란라멘-본점,"{'lat': '37.4690339', 'lng': '126.93690141'}",['일식/돈까스'],"{'average_rating': 4.9, 'count': 471, 'image_count': 412, 'reply_count': 200}",4.9,471,412,200,37.4690339,126.9369014,서울특별시 관악구 대학6길 14,서울,관악구,신림동,1,독립 매장,293
햅삐햅삐,"{'lat': '37.4862893', 'lng': '126.94041528'}","['카페/디저트', '포장', '야식', '신규맛집']","{'average_rating': 5.0, 'count': 2, 'image_count': 2, 'reply_count': 0}",5,2,2,0,37.4862893,126.9404153,서울특별시 관악구 은천로 45-1,서울,관악구,봉천동,4,대규모 공유주방,1095
애우축산,"{'lat': '37.4791216', 'lng': '126.93231263'}","['고기/구이', '포장', '신규맛집']","{'average_rating': 0.0, 'count': 0, 'image_count': 0, 'reply_count': 0}",0,0,0,0,37.4791216,126.9323126,서울특별시 관악구 신림로48가길 1,서울,관악구,신림동,1,독립 매장,1178
돌섬미역국-신림점,"{'lat': '37.4827067', 'lng': '126.90994659'}","['찜/탕', '한식', '도시락/죽', '포장', '야식', '프랜차이즈']","{'average_rating': 4.9, 'count': 87, 'image_count': 78, 'reply_count': 84}",4.9,87,78,84,37.4827067,126.9099466,서울특별시 관악구 조원로14길 23,서울,관악구,신림동,2,소규모 샵인샵,610
백년아구찜-관악점,"{'lat': '37.4794155', 'lng': '126.94194469'}","['찜/탕', '한식', '프랜차이즈', '야식', '포장']","{'average_rating': 4.6, 'count': 18, 'image_count': 13, 'reply_count': 7}",4.6,18,13,7,37.4794155,126.9419447,서울특별시 관악구 쑥고개로 48,서울,관악구,봉천동,9,대규모 공유주방,894
교촌치킨-신림3호점,"{'lat': '37.4698807', 'lng': '126.93894617'}","['프랜차이즈', '치킨', '포장']","{'average_rating': 4.9, 'count': 768, 'image_count': 679, 'reply_count': 757}",4.9,768,679,757,37.4698807,126.9389462,서울특별시 관악구 신림로11길 13,서울,관악구,신림동,1,독립 매장,217
에그폭죽-봉천점,"{'lat': '37.477889', 'lng': '126.94185505'}","['한식', '포장', '1인분주문', '야식', '프랜차이즈']","{'average_rating': 5.0, 'count': 38, 'image_count': 35, 'reply_count': 0}",5,38,35,0,37.477889,126.9418551,서울특별시 관악구 참숯1길 19,서울,관악구,봉천동,5,대규모 공유주방,761
인생짜장-신림점,"{'lat': '37.4833509', 'lng': '126.91869313'}","['중국집', '찜/탕', '아시안', '야식', '신규맛집']","{'average_rating': 5.0, 'count': 1, 'image_count': 1, 'reply_count': 0}",5,1,1,0,37.4833509,126.9186931,서울특별시 관악구 관천로11길 112,서울,관악구,신림동,3,소규모 샵인샵,1131
시골남자파스타-신림점,"{'lat': '37.4814092', 'lng': '126.94310598'}","['피자/양식', '프랜차이즈', '포장', '1인분주문']","{'average_rating': 4.8, 'count': 38, 'image_count': 36, 'reply_count': 0}",4.8,38,36,0,37.4814092,126.943106,서울특별시 관악구 장군봉1길 56,서울,관악구,봉천동,11,대규모 공유주방,761
빙파이-신림점,"{'lat': '37.4876853', 'lng': '126.93993903'}","['분식', '카페/디저트', '야식']","{'average_rating': 5.0, 'count': 36, 'image_count': 34, 'reply_count': 3}",5,36,34,3,37.4876853,126.939939,서울특별시 관악구 국회단지길 35,서울,관악구,봉천동,2,소규모 샵인샵,767
제일제육,"{'lat': '37.4857499', 'lng': '126.94071559'}","['찜/탕', '한식', '고기/구이', '야식', '포장', '신규맛집']","{'average_rating': 0.0, 'count': 0, 'image_count': 0, 'reply_count': 0}",0,0,0,0,37.4857499,126.9407156,서울특별시 관악구 봉천로27길 41,서울,관악구,봉천동,10,대규모 공유주방,1178
스시&롤그리고,"{'lat': '37.4856779', 'lng': '126.94676357'}","['일식/돈까스', '회/초밥', '야식', '포장']","{'average_rating': 4.8, 'count': 1170, 'image_count': 969, 'reply_count': 263}",4.8,1170,969,263,37.4856779,126.9467636,서울특별시 관악구 양녕로 39-1,서울,관악구,봉천동,1,독립 매장,154
신전떡볶이-봉천점,"{'lat': '37.4837091888476', 'lng': '126.953574318234'}","['분식', '프랜차이즈', '포장']","{'average_rating': 4.7, 'count': 969, 'image_count': 724, 'reply_count': 52}",4.7,969,724,52,37.48370919,126.9535743,서울특별시 관악구 중앙1길 10,서울,관악구,봉천동,1,독립 매장,176
움버거앤윙스-신림역점,"{'lat': '37.4814773', 'lng': '126.92974204'}","['피자/양식', '버거', '프랜차이즈', '포장', '1인분주문']","{'average_rating': 4.9, 'count': 285, 'image_count': 229, 'reply_count': 231}",4.9,285,229,231,37.4814773,126.929742,서울특별시 관악구 신림로 303,서울,관악구,신림동,1,독립 매장,373
전남친파스타,"{'lat': '37.4834714', 'lng': '126.94325036'}","['피자/양식', '포장', '1인분주문']","{'average_rating': 0.0, 'count': 0, 'image_count': 0, 'reply_count': 0}",0,0,0,0,37.4834714,126.9432504,서울특별시 관악구 봉천로 391,서울,관악구,봉천동,3,소규모 샵인샵,1178
육수당-신림녹두점,"{'lat': '37.4697981', 'lng': '126.93401658'}","['한식', '프랜차이즈', '야식', '포장']","{'average_rating': 4.8, 'count': 104, 'image_count': 84, 'reply_count': 102}",4.8,104,84,102,37.4697981,126.9340166,서울특별시 관악구 호암로24길 16,서울,관악구,신림동,1,독립 매장,578
마왕족발-샤로수길점,"{'lat': '37.4797194', 'lng': '126.95473657'}","['족발/보쌈', '야식', '프랜차이즈', '포장', '도시락/죽', '한식']","{'average_rating': 4.7, 'count': 4420, 'image_count': 4019, 'reply_count': 4134}",4.7,4420,4019,4134,37.4797194,126.9547366,서울특별시 관악구 관악로16길 38,서울,관악구,봉천동,2,소규모 샵인샵,36
한입과일-신림점,"{'lat': '37.4782576', 'lng': '126.91319363'}","['분식', '카페/디저트', '포장', '야식', '프랜차이즈', '신규맛집']","{'average_rating': 5.0, 'count': 1, 'image_count': 0, 'reply_count': 1}",5,1,0,1,37.4782576,126.9131936,서울특별시 관악구 남부순환로144길 70,서울,관악구,신림동,1,독립 매장,1131
60계치킨-서울구로조원점,"{'lat': '37.4835426', 'lng': '126.90834792'}","['프랜차이즈', '치킨', '포장', '신규맛집']","{'average_rating': 4.8, 'count': 5, 'image_count': 3, 'reply_count': 0}",4.8,5,3,0,37.4835426,126.9083479,서울특별시 관악구 조원로 54,서울,관악구,신림동,2,소규모 샵인샵,1025
쫄면주는삼겹본능by놀부-신림점,"{'lat': '37.4766535', 'lng': '126.9375515'}","['한식', '프랜차이즈', '고기/구이', '야식']","{'average_rating': 4.9, 'count': 4768, 'image_count': 4385, 'reply_count': 3582}",4.9,4768,4385,3582,37.4766535,126.9375515,서울특별시 관악구 신림로38길 1,서울,관악구,신림동,3,소규모 샵인샵,32
"연탄할매곱창,막창&닭발-신림점","{'lat': '37.4693353', 'lng': '126.93633444'}","['한식', '고기/구이', '야식', '포장', '프랜차이즈']","{'average_rating': 4.5, 'count': 21, 'image_count': 13, 'reply_count': 0}",4.5,21,13,0,37.4693353,126.9363344,서울특별시 관악구 신림로17길 32,서울,관악구,신림동,6,대규모 공유주방,871
예술피자-관악점,"{'lat': '37.4863624', 'lng': '126.93831178'}","['피자/양식', '야식', '포장']","{'average_rating': 5.0, 'count': 1193, 'image_count': 1183, 'reply_count': 1189}",5,1193,1183,1189,37.4863624,126.9383118,서울특별시 관악구 은천로 25,서울,관악구,봉천동,1,독립 매장,151
인생냉면-봉천점,"{'lat': '37.477889', 'lng': '126.94185505'}","['한식', '프랜차이즈', '1인분주문', '포장', '야식']","{'average_rating': 4.8, 'count': 61, 'image_count': 61, 'reply_count': 0}",4.8,61,61,0,37.477889,126.9418551,서울특별시 관악구 참숯1길 19,서울,관악구,봉천동,5,대규모 공유주방,673
마라탕입구,"{'lat': '37.4837673891966', 'lng': '126.927858421184'}","['중국집', '아시안']","{'average_rating': 4.9, 'count': 486, 'image_count': 428, 'reply_count': 41}",4.9,486,428,41,37.48376739,126.9278584,서울특별시 관악구 남부순환로 1594-1,서울,관악구,신림동,1,독립 매장,287
1키로공룡닭강정-봉천점,"{'lat': '37.4857221', 'lng': '126.93696214'}","['분식', '카페/디저트', '치킨', '포장', '야식', '프랜차이즈']","{'average_rating': 4.8, 'count': 78, 'image_count': 63, 'reply_count': 0}",4.8,78,63,0,37.4857221,126.9369621,서울특별시 관악구 봉천로 327,서울,관악구,봉천동,5,대규모 공유주방,630
이불속낙곱새,"{'lat': '37.484597', 'lng': '126.92759424'}","['찜/탕', '한식', '포장', '야식', '신규맛집']","{'average_rating': 0.0, 'count': 0, 'image_count': 0, 'reply_count': 0}",0,0,0,0,37.484597,126.9275942,서울특별시 관악구 남부순환로 1597-11,서울,관악구,신림동,7,대규모 공유주방,1178
베트남쌀국수미스사이공-신림대학동점,"{'lat': '37.4861338', 'lng': '126.94710912'}","['한식', '분식', '프랜차이즈', '아시안', '포장']","{'average_rating': 4.7, 'count': 903, 'image_count': 458, 'reply_count': 1}",4.7,903,458,1,37.4861338,126.9471091,서울특별시 관악구 양녕로 46,서울,관악구,봉천동,2,소규모 샵인샵,189
아라치찜닭-신림점,"{'lat': '37.4828928', 'lng': '126.9246786'}","['포장', '찜/탕', '프랜차이즈', '신규맛집']","{'average_rating': 4.8, 'count': 5, 'image_count': 5, 'reply_count': 4}",4.8,5,5,4,37.4828928,126.9246786,서울특별시 관악구 남부순환로170길 3,서울,관악구,신림동,1,독립 매장,1025
돈씨김씨-관악점,"{'lat': '37.489193', 'lng': '126.93024395'}","['분식', '일식/돈까스', '중국집', '포장']","{'average_rating': 4.6, 'count': 968, 'image_count': 576, 'reply_count': 370}",4.6,968,576,370,37.489193,126.930244,서울특별시 관악구 봉천로13길 9,서울,관악구,봉천동,10,대규모 공유주방,177
제비파스타&리조또-신림점,"{'lat': '37.4839342', 'lng': '126.93936786'}","['피자/양식', '포장', '야식', '프랜차이즈', '1인분주문', '신규맛집']","{'average_rating': 3.6, 'count': 8, 'image_count': 6, 'reply_count': 8}",3.6,8,6,8,37.4839342,126.9393679,서울특별시 관악구 봉천로 356,서울,관악구,봉천동,6,대규모 공유주방,979
KFC-신림역점,"{'lat': '37.4825754463389', 'lng': '126.930252882828'}","['버거', '프랜차이즈', '치킨', '포장']","{'average_rating': 4.7, 'count': 907, 'image_count': 469, 'reply_count': 0}",4.7,907,469,0,37.48257545,126.9302529,서울특별시 관악구 신림로 318,서울,관악구,신림동,4,대규모 공유주방,187
파스타에반하다-구로금천점,"{'lat': '37.4811265', 'lng': '126.91421284'}","['피자/양식', '샐러드', '고기/구이', '프랜차이즈', '1인분주문']","{'average_rating': 4.9, 'count': 535, 'image_count': 447, 'reply_count': 0}",4.9,535,447,0,37.4811265,126.9142128,서울특별시 관악구 난곡로63길 6,서울,관악구,신림동,7,대규모 공유주방,266
크리스피크림도넛-구로디지털역점,"{'lat': '37.484309', 'lng': '126.90324729'}","['카페/디저트', '프랜차이즈']","{'average_rating': 4.8, 'count': 88, 'image_count': 69, 'reply_count': 14}",4.8,88,69,14,37.484309,126.9032473,서울특별시 관악구 시흥대로 578,서울,관악구,신림동,1,독립 매장,608
현대식당찌개전문점-봉천점,"{'lat': '37.4839059', 'lng': '126.9399404'}","['찜/탕', '한식', '도시락/죽']","{'average_rating': 4.8, 'count': 84, 'image_count': 71, 'reply_count': 0}",4.8,84,71,0,37.4839059,126.9399404,서울특별시 관악구 봉천로 360-1,서울,관악구,봉천동,3,소규모 샵인샵,616
꽉찬소곱창-관악점,"{'lat': '37.4805773', 'lng': '126.94742874'}","['찜/탕', '한식', '고기/구이', '야식', '포장', '프랜차이즈']","{'average_rating': 5.0, 'count': 9, 'image_count': 8, 'reply_count': 0}",5,9,8,0,37.4805773,126.9474287,서울특별시 관악구 청룡3길 22,서울,관악구,봉천동,9,대규모 공유주방,975
푸라닭-미성점,"{'lat': '37.4772705', 'lng': '126.91264051'}","['포장', '야식', '프랜차이즈', '치킨']","{'average_rating': 4.9, 'count': 5001, 'image_count': 4561, 'reply_count': 4970}",4.9,5001,4561,4970,37.4772705,126.9126405,서울특별시 관악구 문성로 82,서울,관악구,신림동,1,독립 매장,29
놀부부대찌개-신림점,"{'lat': '37.4766535', 'lng': '126.9375515'}","['한식', '프랜차이즈', '야식']","{'average_rating': 5.0, 'count': 99, 'image_count': 71, 'reply_count': 0}",5,99,71,0,37.4766535,126.9375515,서울특별시 관악구 신림로38길 1,서울,관악구,신림동,3,소규모 샵인샵,586
남라고항,"{'lat': '37.4839695', 'lng': '126.95558387'}","['중국집', '찜/탕', '아시안', '포장']","{'average_rating': 4.9, 'count': 93, 'image_count': 81, 'reply_count': 20}",4.9,93,81,20,37.4839695,126.9555839,서울특별시 관악구 관악로24길 14,서울,관악구,봉천동,4,대규모 공유주방,599
족발본부,"{'lat': '37.4817007', 'lng': '126.94154185'}","['한식', '족발/보쌈', '야식', '포장']","{'average_rating': 4.9, 'count': 24, 'image_count': 26, 'reply_count': 24}",4.9,24,26,24,37.4817007,126.9415419,서울특별시 관악구 장군봉1길 26,서울,관악구,봉천동,1,독립 매장,841
내맘대로갈비찜,"{'lat': '37.484048', 'lng': '126.92533287'}","['찜/탕', '한식', '고기/구이', '포장', '야식']","{'average_rating': 5.0, 'count': 7, 'image_count': 6, 'reply_count': 1}",5,7,6,1,37.484048,126.9253329,서울특별시 관악구 관천로 55,서울,관악구,신림동,2,소규모 샵인샵,991
크리스피크림도넛-서울대입구역점,"{'lat': '37.4828217355589', 'lng': '126.954227887262'}","['카페/디저트', '프랜차이즈', '포장']","{'average_rating': 4.8, 'count': 1688, 'image_count': 1323, 'reply_count': 922}",4.8,1688,1323,922,37.48282174,126.9542279,서울특별시 관악구 관악로 202,서울,관악구,봉천동,1,독립 매장,120
피자스쿨-당곡역점,"{'lat': '37.4891698', 'lng': '126.92754607'}","['피자/양식', '프랜차이즈', '포장']","{'average_rating': 4.8, 'count': 43, 'image_count': 33, 'reply_count': 1}",4.8,43,33,1,37.4891698,126.9275461,서울특별시 관악구 봉천로 236,서울,관악구,신림동,1,독립 매장,737
국밥보스제육대장-관악신림점,"{'lat': '37.4712007', 'lng': '126.93780805'}","['찜/탕', '한식', '고기/구이', '포장', '프랜차이즈', '신규맛집']","{'average_rating': 5.0, 'count': 13, 'image_count': 14, 'reply_count': 13}",5,13,14,13,37.4712007,126.9378081,서울특별시 관악구 신림로14길 3,서울,관악구,신림동,1,독립 매장,933
동근이숯불두마리치킨-봉천점,"{'lat': '37.4842451', 'lng': '126.9465295'}","['한식', '야식', '치킨', '포장', '프랜차이즈']","{'average_rating': 5.0, 'count': 270, 'image_count': 237, 'reply_count': 194}",5,270,237,194,37.4842451,126.9465295,서울특별시 관악구 양녕로 23,서울,관악구,봉천동,1,독립 매장,390
냉면&숯불고기전문점줄벼락-낙성대점,"{'lat': '37.4814092', 'lng': '126.94310598'}","['포장', '한식', '프랜차이즈', '고기/구이']","{'average_rating': 4.9, 'count': 1469, 'image_count': 1244, 'reply_count': 118}",4.9,1469,1244,118,37.4814092,126.943106,서울특별시 관악구 장군봉1길 56,서울,관악구,봉천동,11,대규모 공유주방,132
할리스-신림점,"{'lat': '37.4859535465506', 'lng': '126.929241506075'}","['카페/디저트', '프랜차이즈']","{'average_rating': 4.7, 'count': 106, 'image_count': 64, 'reply_count': 33}",4.7,106,64,33,37.48595355,126.9292415,서울특별시 관악구 신림로 353-1,서울,관악구,신림동,1,독립 매장,574
자담치킨-문성로점,"{'lat': '37.4785606', 'lng': '126.93139815'}","['프랜차이즈', '치킨', '포장']","{'average_rating': 5.0, 'count': 54, 'image_count': 49, 'reply_count': 22}",5,54,49,22,37.4785606,126.9313982,서울특별시 관악구 문성로 251,서울,관악구,신림동,1,독립 매장,699
보반불떡&두마리치킨,"{'lat': '37.4683082', 'lng': '126.93206377'}","['분식', '치킨', '포장', '야식', '도시락/죽', '1인분주문']","{'average_rating': 4.9, 'count': 521, 'image_count': 477, 'reply_count': 521}",4.9,521,477,521,37.4683082,126.9320638,서울특별시 관악구 호암로 567-1,서울,관악구,신림동,3,소규모 샵인샵,272
나는냉면너는모밀-관악점,"{'lat': '37.4857499', 'lng': '126.94071559'}","['한식', '포장', '1인분주문', '일식/돈까스', '야식', '프랜차이즈']","{'average_rating': 4.4, 'count': 17, 'image_count': 15, 'reply_count': 17}",4.4,17,15,17,37.4857499,126.9407156,서울특별시 관악구 봉천로27길 41,서울,관악구,봉천동,10,대규모 공유주방,900
8출돈도그-본점,"{'lat': '37.4854486', 'lng': '126.92872326'}","['분식', '버거', '일식/돈까스', '야식', '포장']","{'average_rating': 4.0, 'count': 4, 'image_count': 6, 'reply_count': 3}",4,4,6,3,37.4854486,126.9287233,서울특별시 관악구 신림로65길 10-9,서울,관악구,신림동,19,대규모 공유주방,1046
육식사관학교-관악본점,"{'lat': '37.4797854', 'lng': '126.94748447'}","['한식', '고기/구이', '도시락/죽', '포장']","{'average_rating': 5.0, 'count': 251, 'image_count': 220, 'reply_count': 0}",5,251,220,0,37.4797854,126.9474845,서울특별시 관악구 남부순환로214길 41,서울,관악구,봉천동,1,독립 매장,409
봉추찜닭-신림점,"{'lat': '37.4835203', 'lng': '126.92775152'}","['찜/탕', '한식', '프랜차이즈', '치킨', '포장']","{'average_rating': 4.8, 'count': 30, 'image_count': 21, 'reply_count': 0}",4.8,30,21,0,37.4835203,126.9277515,서울특별시 관악구 남부순환로 1592-6,서울,관악구,신림동,1,독립 매장,796
옴므파스타-본점,"{'lat': '37.4822513', 'lng': '126.94000404'}","['피자/양식', '한식', '야식', '도시락/죽', '포장']","{'average_rating': 4.9, 'count': 235, 'image_count': 199, 'reply_count': 105}",4.9,235,199,105,37.4822513,126.940004,서울특별시 관악구 장군봉2길 1,서울,관악구,봉천동,2,소규모 샵인샵,430
알라딘마라탕-신림점,"{'lat': '37.483795177806016', 'lng': '126.92957427116394'}","['중국집', '한식', '아시안', '포장']","{'average_rating': 5.0, 'count': 24, 'image_count': 17, 'reply_count': 24}",5,24,17,24,37.48379518,126.9295743,서울특별시 관악구 신림로 331,서울,관악구,신림동,1,독립 매장,841
맛닭꼬-은천점,"{'lat': '37.4864969', 'lng': '126.93539325'}","['치킨', '야식', '프랜차이즈']","{'average_rating': 4.8, 'count': 25, 'image_count': 21, 'reply_count': 0}",4.8,25,21,0,37.4864969,126.9353933,서울특별시 관악구 은천로 1,서울,관악구,봉천동,1,독립 매장,830
짜글이에진심-관악점,"{'lat': '37.4842091', 'lng': '126.94031621'}","['찜/탕', '한식', '포장', '신규맛집']","{'average_rating': 5.0, 'count': 2, 'image_count': 2, 'reply_count': 1}",5,2,2,1,37.4842091,126.9403162,서울특별시 관악구 봉천로 361,서울,관악구,봉천동,3,소규모 샵인샵,1095
흰고래연어육회-신림점,"{'lat': '37.4827067', 'lng': '126.90994659'}","['한식', '야식', '일식/돈까스', '회/초밥', '포장', '프랜차이즈']","{'average_rating': 5.0, 'count': 132, 'image_count': 120, 'reply_count': 115}",5,132,120,115,37.4827067,126.9099466,서울특별시 관악구 조원로14길 23,서울,관악구,신림동,2,소규모 샵인샵,531
백년카츠-관악점,"{'lat': '37.4834714', 'lng': '126.94325036'}","['한식', '일식/돈까스', '도시락/죽', '포장', '프랜차이즈']","{'average_rating': 4.8, 'count': 142, 'image_count': 104, 'reply_count': 52}",4.8,142,104,52,37.4834714,126.9432504,서울특별시 관악구 봉천로 391,서울,관악구,봉천동,3,소규모 샵인샵,517
독수리집육회,"{'lat': '37.4861757378333', 'lng': '126.913902746279'}","['포장', '한식', '야식', '고기/구이', '찜/탕']","{'average_rating': 4.4, 'count': 612, 'image_count': 298, 'reply_count': 57}",4.4,612,298,57,37.48617574,126.9139027,서울특별시 관악구 난곡로 360,서울,관악구,신림동,1,독립 매장,244
닭다리순살치킨만팬다-신림스타점,"{'lat': '37.485897', 'lng': '126.93839049'}","['고기/구이', '치킨', '분식', '야식', '포장', '프랜차이즈', '1인분주문']","{'average_rating': 5.0, 'count': 7, 'image_count': 4, 'reply_count': 0}",5,7,4,0,37.485897,126.9383905,서울특별시 관악구 은천로 28,서울,관악구,봉천동,7,대규모 공유주방,991
오븐치즈필라프&파스타-관악본점,"{'lat': '37.4889407', 'lng': '126.92675922'}","['피자/양식', '포장', '분식', '야식', '신규맛집']","{'average_rating': 5.0, 'count': 2, 'image_count': 1, 'reply_count': 0}",5,2,1,0,37.4889407,126.9267592,서울특별시 관악구 봉천로8길 12,서울,관악구,신림동,3,소규모 샵인샵,1095
더바른정국밥-서울대입구역점,"{'lat': '37.483663', 'lng': '126.95327959'}","['찜/탕', '한식', '프랜차이즈', '포장', '고기/구이', '1인분주문']","{'average_rating': 5.0, 'count': 843, 'image_count': 693, 'reply_count': 838}",5,843,693,838,37.483663,126.9532796,서울특별시 관악구 중앙1길 11,서울,관악구,봉천동,2,소규모 샵인샵,197
꼬치마을-봉천점,"{'lat': '37.485594', 'lng': '126.95558745'}","['고기/구이', '포장', '야식', '신규맛집']","{'average_rating': 5.0, 'count': 7, 'image_count': 7, 'reply_count': 7}",5,7,7,7,37.485594,126.9555875,서울특별시 관악구 은천로 184,서울,관악구,봉천동,2,소규모 샵인샵,991
미친김치찜-관악점,"{'lat': '37.4857499', 'lng': '126.94071559'}","['찜/탕', '한식', '포장', '야식', '프랜차이즈', '1인분주문']","{'average_rating': 5.0, 'count': 6, 'image_count': 7, 'reply_count': 5}",5,6,7,5,37.4857499,126.9407156,서울특별시 관악구 봉천로27길 41,서울,관악구,봉천동,10,대규모 공유주방,1009
드디어 찾은 인생 최고의 중국집-신림점,"{'lat': '37.4844866', 'lng': '126.93582351'}","['중국집', '포장', '야식']","{'average_rating': 3.8, 'count': 14, 'image_count': 9, 'reply_count': 0}",3.8,14,9,0,37.4844866,126.9358235,서울특별시 관악구 남부순환로 1668,서울,관악구,신림동,10,대규모 공유주방,922
제육고집,"{'lat': '37.4806395', 'lng': '126.91156526'}","['한식', '고기/구이', '야식', '도시락/죽', '포장']","{'average_rating': 5.0, 'count': 496, 'image_count': 441, 'reply_count': 460}",5,496,441,460,37.4806395,126.9115653,서울특별시 관악구 난곡로63길 54,서울,관악구,신림동,2,소규모 샵인샵,284
빙달-관악점,"{'lat': '37.4868229', 'lng': '126.93992557'}","['카페/디저트', '프랜차이즈', '야식', '포장']","{'average_rating': 4.9, 'count': 203, 'image_count': 155, 'reply_count': 0}",4.9,203,155,0,37.4868229,126.9399256,서울특별시 관악구 국회단지2길 7,서울,관악구,봉천동,1,독립 매장,455
불타는꼬꼬발-신림점,"{'lat': '37.4878630713513', 'lng': '126.930369436522'}","['한식', '찜/탕', '도시락/죽', '야식', '포장']","{'average_rating': 4.9, 'count': 420, 'image_count': 391, 'reply_count': 322}",4.9,420,391,322,37.48786307,126.9303694,서울특별시 관악구 봉천로14길 5,서울,관악구,신림동,1,독립 매장,311
오늘은게장&순살덮밥-신림점,"{'lat': '37.4856792', 'lng': '126.91791037'}","['한식', '야식', '도시락/죽', '포장']","{'average_rating': 5.0, 'count': 42, 'image_count': 52, 'reply_count': 15}",5,42,52,15,37.4856792,126.9179104,서울특별시 관악구 조원로 141,서울,관악구,신림동,2,소규모 샵인샵,740
치킨부라더스-봉천점,"{'lat': '37.4788721', 'lng': '126.94899123'}","['치킨', '포장']","{'average_rating': 5.0, 'count': 83, 'image_count': 74, 'reply_count': 81}",5,83,74,81,37.4788721,126.9489912,서울특별시 관악구 쑥고개로 114,서울,관악구,봉천동,1,독립 매장,618
옐로우피자-관악점,"{'lat': '37.4864204', 'lng': '126.93769622'}","['피자/양식', '분식', '야식', '프랜차이즈', '포장']","{'average_rating': 5.0, 'count': 1619, 'image_count': 1600, 'reply_count': 510}",5,1619,1600,510,37.4864204,126.9376962,서울특별시 관악구 은천로 21,서울,관악구,봉천동,1,독립 매장,123
찜하다-봉천점,"{'lat': '37.4795271', 'lng': '126.94161931'}","['찜/탕', '한식', '고기/구이', '포장', '1인분주문']","{'average_rating': 4.9, 'count': 2189, 'image_count': 2108, 'reply_count': 1772}",4.9,2189,2108,1772,37.4795271,126.9416193,서울특별시 관악구 쑥고개로 45,서울,관악구,봉천동,4,대규모 공유주방,94
최고집 김치삼겹구이&김치찜-관악직영점,"{'lat': '37.483194516786824', 'lng': '126.94515672134224'}","['찜/탕', '한식', '고기/구이', '야식', '포장']","{'average_rating': 4.9, 'count': 41, 'image_count': 36, 'reply_count': 35}",4.9,41,36,35,37.48319452,126.9451567,서울특별시 관악구 봉천로 407,서울,관악구,봉천동,8,대규모 공유주방,746
사이드가500원인닭다리살치킨집-신림스타점,"{'lat': '37.485897', 'lng': '126.93839049'}","['분식', '고기/구이', '야식', '치킨', '포장', '1인분주문']","{'average_rating': 4.5, 'count': 2, 'image_count': 2, 'reply_count': 0}",4.5,2,2,0,37.485897,126.9383905,서울특별시 관악구 은천로 28,서울,관악구,봉천동,7,대규모 공유주방,1095
배스킨라빈스-봉천역점,"{'lat': '37.481967', 'lng': '126.94329293'}","['포장', '카페/디저트', '프랜차이즈']","{'average_rating': 5.0, 'count': 2, 'image_count': 2, 'reply_count': 1}",5,2,2,1,37.481967,126.9432929,서울 관악구 봉천동 927-1,서울,관악구,봉천동,1,독립 매장,1095
네모찹쌀탕수육-관악점,"{'lat': '37.4812601', 'lng': '126.92742955'}","['중국집', '분식', '고기/구이', '야식', '프랜차이즈']","{'average_rating': 5.0, 'count': 13, 'image_count': 10, 'reply_count': 0}",5,13,10,0,37.4812601,126.9274296,서울특별시 관악구 신원로3가길 8,서울,관악구,신림동,2,소규모 샵인샵,933
청년다방-봉천현대점,"{'lat': '37.48589032673407', 'lng': '126.94673976355125'}","['분식', '프랜차이즈', '치킨', '포장']","{'average_rating': 4.9, 'count': 145, 'image_count': 143, 'reply_count': 82}",4.9,145,143,82,37.48589033,126.9467398,서울특별시 관악구 양녕로 41-1,서울,관악구,봉천동,1,독립 매장,510
김치돼학교-신림캠퍼스점,"{'lat': '37.479343', 'lng': '126.9269165'}","['찜/탕', '한식', '포장', '1인분주문', '프랜차이즈', '다회용기']","{'average_rating': 4.8, 'count': 92, 'image_count': 83, 'reply_count': 83}",4.8,92,83,83,37.479343,126.9269165,서울특별시 관악구 문성로 209,서울,관악구,신림동,3,소규모 샵인샵,600
화덕에구운족발신선생-신림점,"{'lat': '37.4838062', 'lng': '126.92858965'}","['족발/보쌈', '고기/구이', '한식', '야식', '포장', '프랜차이즈']","{'average_rating': 4.9, 'count': 32, 'image_count': 31, 'reply_count': 0}",4.9,32,31,0,37.4838062,126.9285897,서울특별시 관악구 남부순환로 1600-1,서울,관악구,신림동,1,독립 매장,786
롯데리아-봉천역점,"{'lat': '37.4821778950748', 'lng': '126.941632177411'}","['버거', '프랜차이즈', '치킨']","{'average_rating': 4.7, 'count': 1951, 'image_count': 1157, 'reply_count': 9}",4.7,1951,1157,9,37.4821779,126.9416322,서울특별시 관악구 남부순환로 1724,서울,관악구,봉천동,1,독립 매장,104
파스타입니다-신림점,"{'lat': '37.4797853', 'lng': '126.94277726'}","['피자/양식', '포장', '야식', '프랜차이즈', '1인분주문']","{'average_rating': 4.8, 'count': 50, 'image_count': 32, 'reply_count': 46}",4.8,50,32,46,37.4797853,126.9427773,서울특별시 관악구 쑥고개로 57,서울,관악구,봉천동,2,소규모 샵인샵,712
메가카츠-관악점,"{'lat': '37.4797687', 'lng': '126.95751774'}","['분식', '일식/돈까스', '도시락/죽', '포장', '1인분주문']","{'average_rating': 0.0, 'count': 0, 'image_count': 0, 'reply_count': 0}",0,0,0,0,37.4797687,126.9575177,서울특별시 관악구 남부순환로 1869,서울,관악구,봉천동,10,대규모 공유주방,1178
바싹순살핫후라이드치킨-신림점,"{'lat': '37.4844866', 'lng': '126.93582351'}","['분식', '야식', '치킨', '포장']","{'average_rating': 4.8, 'count': 160, 'image_count': 132, 'reply_count': 0}",4.8,160,132,0,37.4844866,126.9358235,서울특별시 관악구 남부순환로 1668,서울,관악구,신림동,10,대규모 공유주방,492
혼밥쿵야-봉천점,"{'lat': '37.4839059', 'lng': '126.9399404'}","['한식', '고기/구이', '도시락/죽']","{'average_rating': 4.9, 'count': 221, 'image_count': 170, 'reply_count': 159}",4.9,221,170,159,37.4839059,126.9399404,서울특별시 관악구 봉천로 360-1,서울,관악구,봉천동,3,소규모 샵인샵,442
배스킨라빈스-보라매타운점,"{'lat': '37.49001574467', 'lng': '126.926669672757'}","['카페/디저트', '프랜차이즈', '포장']","{'average_rating': 4.7, 'count': 816, 'image_count': 403, 'reply_count': 0}",4.7,816,403,0,37.49001574,126.9266697,서울특별시 관악구 봉천로 223-1,서울,관악구,봉천동,1,독립 매장,205
가마솥에푹끓인김치찜&김치찌개,"{'lat': '37.484274076460956', 'lng': '126.9401948643586'}","['찜/탕', '한식', '일식/돈까스', '포장', '야식', '1인분주문']","{'average_rating': 4.9, 'count': 458, 'image_count': 400, 'reply_count': 437}",4.9,458,400,437,37.48427408,126.9401949,서울특별시 관악구 봉천로 359,서울,관악구,봉천동,1,독립 매장,301
국밥넘버원,"{'lat': '37.489193', 'lng': '126.93024395'}","['찜/탕', '한식', '분식', '포장']","{'average_rating': 4.8, 'count': 49, 'image_count': 50, 'reply_count': 40}",4.8,49,50,40,37.489193,126.930244,서울특별시 관악구 봉천로13길 9,서울,관악구,봉천동,10,대규모 공유주방,715
피자먹다-서울대점,"{'lat': '37.4694188', 'lng': '126.9376692'}","['피자/양식', '샐러드', '포장', '카페/디저트', '프랜차이즈']","{'average_rating': 5.0, 'count': 39, 'image_count': 27, 'reply_count': 0}",5,39,27,0,37.4694188,126.9376692,서울특별시 관악구 대학길 30,서울,관악구,신림동,1,독립 매장,756
하루한끼도시락-신림점,"{'lat': '37.4887849', 'lng': '126.92615021'}","['한식', '고기/구이', '도시락/죽', '포장', '1인분주문']","{'average_rating': 4.7, 'count': 34, 'image_count': 26, 'reply_count': 5}",4.7,34,26,5,37.4887849,126.9261502,서울특별시 관악구 관천로22길 67,서울,관악구,신림동,3,소규모 샵인샵,778
쌈겹 조합의 달인-관악직영점,"{'lat': '37.483194516786824', 'lng': '126.94515672134224'}","['한식', '고기/구이', '야식', '도시락/죽', '포장']","{'average_rating': 4.7, 'count': 24, 'image_count': 12, 'reply_count': 20}",4.7,24,12,20,37.48319452,126.9451567,서울특별시 관악구 봉천로 407,서울,관악구,봉천동,8,대규모 공유주방,841
초선마라-관악봉천점,"{'lat': '37.4812972', 'lng': '126.94664876'}","['중국집', '야식', '찜/탕', '아시안', '포장']","{'average_rating': 5.0, 'count': 609, 'image_count': 529, 'reply_count': 448}",5,609,529,448,37.4812972,126.9466488,서울특별시 관악구 청룡1길 7,서울,관악구,봉천동,1,독립 매장,246
교촌치킨-신림1호점,"{'lat': '37.4859135', 'lng': '126.9134476'}","['프랜차이즈', '치킨']","{'average_rating': 4.8, 'count': 1161, 'image_count': 864, 'reply_count': 712}",4.8,1161,864,712,37.4859135,126.9134476,서울특별시 관악구 난곡로 357,서울,관악구,신림동,2,소규모 샵인샵,157
닭떼목장-본점,"{'lat': '37.4871131793003', 'lng': '126.92833787350921'}","['찜/탕', '한식', '포장', '1인분주문']","{'average_rating': 5.0, 'count': 439, 'image_count': 338, 'reply_count': 439}",5,439,338,439,37.48711318,126.9283379,서울특별시 관악구 신림동1길 7,서울,관악구,신림동,1,독립 매장,309
더본쭈꾸미-관악점,"{'lat': '37.4794155', 'lng': '126.94194469'}","['찜/탕', '한식', '분식', '야식', '포장', '프랜차이즈']","{'average_rating': 4.9, 'count': 66, 'image_count': 54, 'reply_count': 32}",4.9,66,54,32,37.4794155,126.9419447,서울특별시 관악구 쑥고개로 48,서울,관악구,봉천동,9,대규모 공유주방,659
신전떡볶이-관악점,"{'lat': '37.4801720912442', 'lng': '126.945924539241'}","['포장', '분식', '프랜차이즈']","{'average_rating': 4.7, 'count': 1218, 'image_count': 823, 'reply_count': 0}",4.7,1218,823,0,37.48017209,126.9459245,서울특별시 관악구 청룡길 38,서울,관악구,봉천동,1,독립 매장,145
BRsingles-신림역사거리점,"{'lat': '37.4843023', 'lng': '126.92844247'}","['카페/디저트', '프랜차이즈', '포장', '1인분주문']","{'average_rating': 0.0, 'count': 0, 'image_count': 0, 'reply_count': 0}",0,0,0,0,37.4843023,126.9284425,서울특별시 관악구 남부순환로 1601,서울,관악구,신림동,2,소규모 샵인샵,1178
강남쌀국수-서울대입구점,"{'lat': '37.4826851', 'lng': '126.95631086'}","['아시안', '한식', '분식', '야식', '포장', '프랜차이즈']","{'average_rating': 4.9, 'count': 51, 'image_count': 40, 'reply_count': 9}",4.9,51,40,9,37.4826851,126.9563109,서울특별시 관악구 행운1길 94,서울,관악구,봉천동,3,소규모 샵인샵,709
취향저격국밥왕,"{'lat': '37.489193', 'lng': '126.93024395'}","['찜/탕', '한식', '고기/구이', '포장', '1인분주문']","{'average_rating': 4.9, 'count': 145, 'image_count': 111, 'reply_count': 25}",4.9,145,111,25,37.489193,126.930244,서울특별시 관악구 봉천로13길 9,서울,관악구,봉천동,10,대규모 공유주방,510
큰집치킨,"{'lat': '37.4860180281577', 'lng': '126.939843313115'}","['치킨', '1인분주문']","{'average_rating': 4.9, 'count': 592, 'image_count': 469, 'reply_count': 510}",4.9,592,469,510,37.48601803,126.9398433,서울특별시 관악구 은천로 40-1,서울,관악구,봉천동,3,소규모 샵인샵,249
차담냉면-관악본점,"{'lat': '37.4889407', 'lng': '126.92675922'}","['한식', '일식/돈까스', '포장', '분식', '야식', '1인분주문', '신규맛집']","{'average_rating': 5.0, 'count': 2, 'image_count': 3, 'reply_count': 0}",5,2,3,0,37.4889407,126.9267592,서울특별시 관악구 봉천로8길 12,서울,관악구,신림동,3,소규모 샵인샵,1095
또래오래-신림중앙점,"{'lat': '37.469700178185', 'lng': '126.919099573055'}","['야식', '프랜차이즈', '치킨', '포장']","{'average_rating': 4.9, 'count': 9393, 'image_count': 7459, 'reply_count': 61}",4.9,9393,7459,61,37.46970018,126.9190996,서울특별시 관악구 난곡로 167,서울,관악구,신림동,2,소규모 샵인샵,9
이찜저찜,"{'lat': '37.4902401', 'lng': '126.92784099'}","['찜/탕', '한식', '포장', '신규맛집']","{'average_rating': 0.0, 'count': 0, 'image_count': 0, 'reply_count': 0}",0,0,0,0,37.4902401,126.927841,서울특별시 관악구 보라매로 8,서울,관악구,봉천동,2,소규모 샵인샵,1178
올루올루베이글샌드위치&스무디-서울대입구점,"{'lat': '37.4809131', 'lng': '126.95448608'}","['카페/디저트', '포장', '야식']","{'average_rating': 5.0, 'count': 2, 'image_count': 1, 'reply_count': 1}",5,2,1,1,37.4809131,126.9544861,서울특별시 관악구 남부순환로 1837,서울,관악구,봉천동,2,소규모 샵인샵,1095
모락국밥-신림점,"{'lat': '37.4824783', 'lng': '126.9295042'}","['찜/탕', '한식', '고기/구이', '포장', '야식', '프랜차이즈']","{'average_rating': 4.2, 'count': 14, 'image_count': 11, 'reply_count': 1}",4.2,14,11,1,37.4824783,126.9295042,서울특별시 관악구 신림로59길 15-20,서울,관악구,신림동,2,소규모 샵인샵,922
동해마라탕&양꼬치&요리,"{'lat': '37.4819316973526', 'lng': '126.941343526321'}","['중국집', '찜/탕', '아시안', '포장']","{'average_rating': 4.7, 'count': 221, 'image_count': 165, 'reply_count': 8}",4.7,221,165,8,37.4819317,126.9413435,서울특별시 관악구 장군봉1길 21,서울,관악구,봉천동,1,독립 매장,442
무한대로삼겹살-관악신림점,"{'lat': '37.4871239', 'lng': '126.92836606'}","['한식', '고기/구이', '포장', '1인분주문', '신규맛집']","{'average_rating': 0.0, 'count': 0, 'image_count': 0, 'reply_count': 0}",0,0,0,0,37.4871239,126.9283661,서울특별시 관악구 신림동1길 7,서울,관악구,신림동,8,대규모 공유주방,1178
새마을옛날통닭-관악점,"{'lat': '37.4835787', 'lng': '126.94354311'}","['피자/양식', '치킨', '포장', '프랜차이즈', '신규맛집']","{'average_rating': 4.8, 'count': 10, 'image_count': 10, 'reply_count': 10}",4.8,10,10,10,37.4835787,126.9435431,서울특별시 관악구 봉천로33길 7,서울,관악구,봉천동,6,대규모 공유주방,964
숯불고기냉면-관악점,"{'lat': '37.4902634235831', 'lng': '126.929211188034'}","['한식', '프랜차이즈', '고기/구이']","{'average_rating': 4.9, 'count': 702, 'image_count': 523, 'reply_count': 71}",4.9,702,523,71,37.49026342,126.9292112,서울특별시 관악구 당곡길 22,서울,관악구,봉천동,1,독립 매장,226
감자탕골목뼈찜대장,"{'lat': '37.4867575', 'lng': '126.94058449'}","['족발/보쌈', '한식', '찜/탕', '포장', '야식', '1인분주문']","{'average_rating': 4.9, 'count': 547, 'image_count': 407, 'reply_count': 300}",4.9,547,407,300,37.4867575,126.9405845,서울특별시 관악구 국회단지2길 19,서울,관악구,봉천동,3,소규모 샵인샵,263
파스타보이-봉천점,"{'lat': '37.4836128', 'lng': '126.94549099'}","['피자/양식', '포장', '1인분주문', '신규맛집']","{'average_rating': 5.0, 'count': 5, 'image_count': 3, 'reply_count': 5}",5,5,3,5,37.4836128,126.945491,서울특별시 관악구 양녕로1길 18,서울,관악구,봉천동,1,독립 매장,1025
포시즌버거,"{'lat': '37.4791325', 'lng': '126.95595821'}","['피자/양식', '버거', '분식', '야식', '포장']","{'average_rating': 4.9, 'count': 1115, 'image_count': 975, 'reply_count': 976}",4.9,1115,975,976,37.4791325,126.9559582,서울특별시 관악구 봉천로 524,서울,관악구,봉천동,1,독립 매장,159
국제시장육회와연어,"{'lat': '37.4700190697666', 'lng': '126.933912113111'}","['회/초밥', '일식/돈까스', '야식', '포장']","{'average_rating': 4.9, 'count': 94, 'image_count': 99, 'reply_count': 4}",4.9,94,99,4,37.47001907,126.9339121,서울특별시 관악구 호암로24길 11,서울,관악구,신림동,1,독립 매장,598
파리바게뜨-은천길입구점,"{'lat': '37.4865341', 'lng': '126.93539747'}","['카페/디저트', '프랜차이즈']","{'average_rating': 5.0, 'count': 19, 'image_count': 18, 'reply_count': 0}",5,19,18,0,37.4865341,126.9353975,서울특별시 관악구 은천로 1,서울,관악구,봉천동,1,독립 매장,886
이불속제육볶음,"{'lat': '37.484597', 'lng': '126.92759424'}","['한식', '분식', '고기/구이', '포장', '야식', '신규맛집']","{'average_rating': 0.0, 'count': 0, 'image_count': 0, 'reply_count': 0}",0,0,0,0,37.484597,126.9275942,서울특별시 관악구 남부순환로 1597-11,서울,관악구,신림동,7,대규모 공유주방,1178
내가닭도리탕이다-서울신림점,"{'lat': '37.4782405', 'lng': '126.91473102'}","['찜/탕', '한식', '포장', '야식', '프랜차이즈']","{'average_rating': 5.0, 'count': 1, 'image_count': 1, 'reply_count': 1}",5,1,1,1,37.4782405,126.914731,서울특별시 관악구 난곡로51길 8,서울,관악구,신림동,2,소규모 샵인샵,1131
천년명가닭강정-봉천점,"{'lat': '37.4813567', 'lng': '126.94227282'}","['분식', '고기/구이', '치킨', '포장', '야식']","{'average_rating': 5.0, 'count': 4, 'image_count': 4, 'reply_count': 4}",5,4,4,4,37.4813567,126.9422728,서울특별시 관악구 쑥고개로11길 37,서울,관악구,봉천동,1,독립 매장,1046
순자네국밥집-서울대입구역점,"{'lat': '37.4805773', 'lng': '126.94742874'}","['찜/탕', '한식', '야식', '포장', '프랜차이즈']","{'average_rating': 4.8, 'count': 8, 'image_count': 6, 'reply_count': 0}",4.8,8,6,0,37.4805773,126.9474287,서울특별시 관악구 청룡3길 22,서울,관악구,봉천동,9,대규모 공유주방,979
도래곱창-신림점,"{'lat': '37.4693353', 'lng': '126.93633444'}","['한식', '고기/구이', '야식', '포장', '프랜차이즈', '1인분주문']","{'average_rating': 4.9, 'count': 42, 'image_count': 38, 'reply_count': 0}",4.9,42,38,0,37.4693353,126.9363344,서울특별시 관악구 신림로17길 32,서울,관악구,신림동,6,대규모 공유주방,740
리얼안심&찹쌀탕수육-봉천점,"{'lat': '37.4686624', 'lng': '126.93886341'}","['포장', '중국집', '야식', '프랜차이즈']","{'average_rating': 4.7, 'count': 786, 'image_count': 519, 'reply_count': 2}",4.7,786,519,2,37.4686624,126.9388634,서울특별시 관악구 신림로11길 41,서울,관악구,신림동,5,대규모 공유주방,213
더맛있는족발보쌈-봉천현대시장점,"{'lat': '37.4856443', 'lng': '126.94701751'}","['한식', '고기/구이', '족발/보쌈', '포장', '야식', '프랜차이즈']","{'average_rating': 4.9, 'count': 81, 'image_count': 68, 'reply_count': 66}",4.9,81,68,66,37.4856443,126.9470175,서울특별시 관악구 양녕로 40-1,서울,관악구,봉천동,1,독립 매장,622
BBQ-봉천사랑점,"{'lat': '37.4880587', 'lng': '126.93201929'}","['포장', '프랜차이즈', '치킨']","{'average_rating': 4.9, 'count': 7, 'image_count': 3, 'reply_count': 0}",4.9,7,3,0,37.4880587,126.9320193,서울특별시 관악구 봉천로17길 4,서울,관악구,봉천동,1,독립 매장,991
바른고기숯불양념갈비,"{'lat': '37.4853989', 'lng': '126.95637958'}","['한식', '고기/구이', '포장', '1인분주문']","{'average_rating': 4.9, 'count': 348, 'image_count': 286, 'reply_count': 298}",4.9,348,286,298,37.4853989,126.9563796,서울특별시 관악구 관악로 236,서울,관악구,봉천동,5,대규모 공유주방,333
탄투니케밥,"{'lat': '37.4815213', 'lng': '126.95322728'}","['피자/양식', '포장', '야식']","{'average_rating': 4.8, 'count': 4, 'image_count': 5, 'reply_count': 0}",4.8,4,5,0,37.4815213,126.9532273,서울특별시 관악구 관악로 184,서울,관악구,봉천동,1,독립 매장,1046
장가네제육,"{'lat': '37.4694251', 'lng': '126.93682958'}","['한식', '분식', '고기/구이', '포장', '야식']","{'average_rating': 4.9, 'count': 79, 'image_count': 57, 'reply_count': 0}",4.9,79,57,0,37.4694251,126.9368296,서울특별시 관악구 호암로24길 65,서울,관악구,신림동,1,독립 매장,629
프레퍼스다이어트푸드-서울대입구직영점,"{'lat': '37.4789168', 'lng': '126.95262093'}","['피자/양식', '샐러드', '카페/디저트', '포장', '프랜차이즈']","{'average_rating': 4.9, 'count': 113, 'image_count': 90, 'reply_count': 77}",4.9,113,90,77,37.4789168,126.9526209,서울특별시 관악구 관악로 154,서울,관악구,봉천동,1,독립 매장,562
"옥수동돼치집,돼지와김치의완벽한비율을찾다-관악점","{'lat': '37.4881203', 'lng': '126.9255175'}","['찜/탕', '한식', '도시락/죽', '포장', '야식', '프랜차이즈']","{'average_rating': 4.9, 'count': 150, 'image_count': 123, 'reply_count': 146}",4.9,150,123,146,37.4881203,126.9255175,서울특별시 관악구 봉천로6길 36,서울,관악구,신림동,6,대규모 공유주방,504
서촌삼계탕-본점,"{'lat': '37.4791602', 'lng': '126.92958616'}","['찜/탕', '한식', '야식', '도시락/죽', '포장']","{'average_rating': 4.9, 'count': 184, 'image_count': 135, 'reply_count': 161}",4.9,184,135,161,37.4791602,126.9295862,서울특별시 관악구 문성로 233,서울,관악구,신림동,3,소규모 샵인샵,469
아가씨분식,"{'lat': '37.4832817', 'lng': '126.94627803'}","['한식', '분식']","{'average_rating': 4.8, 'count': 421, 'image_count': 337, 'reply_count': 88}",4.8,421,337,88,37.4832817,126.946278,서울특별시 관악구 양녕로 13,서울,관악구,봉천동,3,소규모 샵인샵,310
지코바치킨-신림1호점,"{'lat': '37.4694926321465', 'lng': '126.934880626678'}","['프랜차이즈', '치킨', '포장']","{'average_rating': 4.9, 'count': 774, 'image_count': 646, 'reply_count': 255}",4.9,774,646,255,37.46949263,126.9348806,서울특별시 관악구 호암로24길 32,서울,관악구,신림동,1,독립 매장,215
서울제육-신림점,"{'lat': '37.4874494', 'lng': '126.93312628'}","['한식', '고기/구이', '도시락/죽', '1인분주문']","{'average_rating': 5.0, 'count': 49, 'image_count': 34, 'reply_count': 49}",5,49,34,49,37.4874494,126.9331263,서울특별시 관악구 봉천로 287,서울,관악구,봉천동,4,대규모 공유주방,715
파리바게뜨-신림신원점,"{'lat': '37.4795736', 'lng': '126.92815414'}","['카페/디저트', '프랜차이즈']","{'average_rating': 5.0, 'count': 3, 'image_count': 4, 'reply_count': 0}",5,3,4,0,37.4795736,126.9281541,서울특별시 관악구 신원로 2,서울,관악구,신림동,1,독립 매장,1072
순자네국밥집-본점,"{'lat': '37.4805773', 'lng': '126.94742874'}","['찜/탕', '한식', '야식', '포장', '프랜차이즈']","{'average_rating': 5.0, 'count': 7, 'image_count': 3, 'reply_count': 4}",5,7,3,4,37.4805773,126.9474287,서울특별시 관악구 청룡3길 22,서울,관악구,봉천동,9,대규모 공유주방,991
어시장활어회(테이크아웃전문점),"{'lat': '37.4859037899341', 'lng': '126.937878654107'}","['일식/돈까스', '야식', '회/초밥', '한식', '포장']","{'average_rating': 4.6, 'count': 708, 'image_count': 106, 'reply_count': 0}",4.6,708,106,0,37.48590379,126.9378787,서울특별시 관악구 봉천로25길 13,서울,관악구,봉천동,1,독립 매장,225
이선생파스타-봉천점,"{'lat': '37.4854819', 'lng': '126.93790844'}","['피자/양식', '고기/구이', '야식', '포장', '1인분주문']","{'average_rating': 5.0, 'count': 20, 'image_count': 17, 'reply_count': 14}",5,20,17,14,37.4854819,126.9379084,서울특별시 관악구 봉천로25길 4,서울,관악구,봉천동,2,소규모 샵인샵,878
카레세끼매운숙성카레-봉천점,"{'lat': '37.4857499', 'lng': '126.94071559'}","['일식/돈까스', '프랜차이즈', '포장']","{'average_rating': 5.0, 'count': 4, 'image_count': 5, 'reply_count': 0}",5,4,5,0,37.4857499,126.9407156,서울특별시 관악구 봉천로27길 41,서울,관악구,봉천동,10,대규모 공유주방,1046
마라촌마라탕-신대방역점,"{'lat': '37.48633674334252', 'lng': '126.9134629612828'}","['중국집', '아시안', '포장']","{'average_rating': 4.9, 'count': 794, 'image_count': 782, 'reply_count': 269}",4.9,794,782,269,37.48633674,126.913463,서울특별시 관악구 난곡로 363,서울,관악구,신림동,1,독립 매장,212
순자네국밥집-관악점,"{'lat': '37.4805773', 'lng': '126.94742874'}","['찜/탕', '한식', '포장', '야식', '프랜차이즈']","{'average_rating': 4.3, 'count': 6, 'image_count': 6, 'reply_count': 0}",4.3,6,6,0,37.4805773,126.9474287,서울특별시 관악구 청룡3길 22,서울,관악구,봉천동,9,대규모 공유주방,1009
BRsingles-관악은천점,"{'lat': '37.4863519', 'lng': '126.93848947'}","['카페/디저트', '프랜차이즈', '포장', '1인분주문']","{'average_rating': 4.4, 'count': 5, 'image_count': 5, 'reply_count': 0}",4.4,5,5,0,37.4863519,126.9384895,서울특별시 관악구 은천로 27,서울,관악구,봉천동,1,독립 매장,1025
김통삼삼겹살&김치구이-관악본점,"{'lat': '37.4832998', 'lng': '126.94697025'}","['한식', '고기/구이', '야식', '포장', '도시락/죽']","{'average_rating': 4.9, 'count': 40, 'image_count': 32, 'reply_count': 40}",4.9,40,32,40,37.4832998,126.9469703,서울특별시 관악구 양녕로2길 8,서울,관악구,봉천동,1,독립 매장,749
깻잎두마리치킨-서울대점,"{'lat': '37.4838649301733', 'lng': '126.946759532824'}","['프랜차이즈', '치킨', '야식', '포장']","{'average_rating': 4.9, 'count': 808, 'image_count': 668, 'reply_count': 2}",4.9,808,668,2,37.48386493,126.9467595,서울특별시 관악구 양녕로 20-1,서울,관악구,봉천동,1,독립 매장,208
수북국밥&냉면-봉천점,"{'lat': '37.4834474', 'lng': '126.95572482'}","['한식', '포장', '찜/탕', '고기/구이', '프랜차이즈', '1인분주문']","{'average_rating': 4.8, 'count': 1703, 'image_count': 1230, 'reply_count': 1337}",4.8,1703,1230,1337,37.4834474,126.9557248,서울특별시 관악구 행운1마길 13,서울,관악구,봉천동,1,독립 매장,119
배스킨라빈스-봉천현대점,"{'lat': '37.4869475888964', 'lng': '126.947928226427'}","['카페/디저트', '프랜차이즈', '포장']","{'average_rating': 4.7, 'count': 917, 'image_count': 467, 'reply_count': 9}",4.7,917,467,9,37.48694759,126.9479282,서울특별시 관악구 은천로 113,서울,관악구,봉천동,2,소규모 샵인샵,184
건담떡볶이-봉천점,"{'lat': '37.4686384', 'lng': '126.93889933'}","['분식', '야식', '한식', '도시락/죽', '포장', '프랜차이즈']","{'average_rating': 5.0, 'count': 4, 'image_count': 6, 'reply_count': 0}",5,4,6,0,37.4686384,126.9388993,서울특별시 관악구 신림로11길 41,서울,관악구,신림동,1,독립 매장,1046
닭플릭스-신림점,"{'lat': '37.4851007', 'lng': '126.93830627'}","['찜/탕', '한식', '고기/구이', '야식', '포장', '1인분주문']","{'average_rating': 4.9, 'count': 81, 'image_count': 60, 'reply_count': 23}",4.9,81,60,23,37.4851007,126.9383063,서울특별시 관악구 봉천로 341,서울,관악구,봉천동,4,대규모 공유주방,622
버거킹-신림역점(24),"{'lat': '37.4825754463389', 'lng': '126.930252882828'}","['버거', '야식', '프랜차이즈']","{'average_rating': 4.6, 'count': 3940, 'image_count': 2145, 'reply_count': 877}",4.6,3940,2145,877,37.48257545,126.9302529,서울특별시 관악구 신림로 318,서울,관악구,신림동,4,대규모 공유주방,45
킹짱이네오돌뼈&닭발,"{'lat': '37.4812601', 'lng': '126.92742955'}","['한식', '분식', '고기/구이', '야식']","{'average_rating': 5.0, 'count': 23, 'image_count': 19, 'reply_count': 0}",5,23,19,0,37.4812601,126.9274296,서울특별시 관악구 신원로3가길 8,서울,관악구,신림동,2,소규모 샵인샵,855
신길동매운짬뽕-신림점,"{'lat': '37.4833509', 'lng': '126.91869313'}","['중국집', '찜/탕', '아시안', '야식', '프랜차이즈', '신규맛집']","{'average_rating': 0.0, 'count': 0, 'image_count': 0, 'reply_count': 0}",0,0,0,0,37.4833509,126.9186931,서울특별시 관악구 관천로11길 112,서울,관악구,신림동,3,소규모 샵인샵,1178
1인나혼자먹는다-관악점,"{'lat': '37.4794155', 'lng': '126.94194469'}","['찜/탕', '포장', '야식', '프랜차이즈', '한식', '분식']","{'average_rating': 4.8, 'count': 83, 'image_count': 82, 'reply_count': 42}",4.8,83,82,42,37.4794155,126.9419447,서울특별시 관악구 쑥고개로 48,서울,관악구,봉천동,9,대규모 공유주방,618
다람쥐다과상점,"{'lat': '37.4854459', 'lng': '126.9331032'}","['카페/디저트', '포장']","{'average_rating': 0.0, 'count': 0, 'image_count': 0, 'reply_count': 0}",0,0,0,0,37.4854459,126.9331032,서울특별시 관악구 신림로64길 59,서울,관악구,신림동,4,대규모 공유주방,1178
자담치킨-신대방역점,"{'lat': '37.4868352906347', 'lng': '126.914757393136'}","['포장', '프랜차이즈', '치킨']","{'average_rating': 4.9, 'count': 2128, 'image_count': 1918, 'reply_count': 418}",4.9,2128,1918,418,37.48683529,126.9147574,서울특별시 관악구 난곡로78길 20,서울,관악구,신림동,1,독립 매장,98
언양불고기-신림점,"{'lat': '37.4737154671894', 'lng': '126.931951980917'}","['한식', '야식', '고기/구이']","{'average_rating': 5.0, 'count': 3650, 'image_count': 2959, 'reply_count': 7}",5,3650,2959,7,37.47371547,126.931952,서울특별시 관악구 양산길 22,서울,관악구,신림동,1,독립 매장,50
2인같은1인야식뚝딱게장,"{'lat': '37.4797711537112', 'lng': '126.911739259336'}","['한식', '야식', '고기/구이', '찜/탕']","{'average_rating': 4.5, 'count': 661, 'image_count': 549, 'reply_count': 445}",4.5,661,549,445,37.47977115,126.9117393,서울특별시 관악구 남부순환로142길 31,서울,관악구,신림동,4,대규모 공유주방,232
오분이네오븐볶음밥&필라프-관악점,"{'lat': '37.4789463', 'lng': '126.94764875'}","['피자/양식', '포장', '야식', '1인분주문']","{'average_rating': 4.7, 'count': 55, 'image_count': 42, 'reply_count': 52}",4.7,55,42,52,37.4789463,126.9476488,서울특별시 관악구 쑥고개로 100,서울,관악구,봉천동,2,소규모 샵인샵,696
죽이네,"{'lat': '37.4911482046109', 'lng': '126.940780432949'}","['한식', '야식']","{'average_rating': 4.8, 'count': 872, 'image_count': 680, 'reply_count': 349}",4.8,872,680,349,37.4911482,126.9407804,서울특별시 관악구 국회단지27길 15,서울,관악구,봉천동,4,대규모 공유주방,193
코리엔탈깻잎두마리치킨-봉천점,"{'lat': '37.4864689', 'lng': '126.93686058'}","['프랜차이즈', '치킨', '포장']","{'average_rating': 4.8, 'count': 323, 'image_count': 230, 'reply_count': 6}",4.8,323,230,6,37.4864689,126.9368606,서울특별시 관악구 은천로 13-1,서울,관악구,봉천동,5,대규모 공유주방,351
배스킨라빈스-신대방역점,"{'lat': '37.4853708919588', 'lng': '126.913654791385'}","['카페/디저트', '프랜차이즈', '포장']","{'average_rating': 4.7, 'count': 1402, 'image_count': 863, 'reply_count': 73}",4.7,1402,863,73,37.48537089,126.9136548,서울특별시 관악구 난곡로 351,서울,관악구,신림동,1,독립 매장,137
몬스터덮밥-구로금천점,"{'lat': '37.4811265', 'lng': '126.91421284'}","['한식', '고기/구이', '도시락/죽', '야식', '프랜차이즈', '1인분주문']","{'average_rating': 5.0, 'count': 345, 'image_count': 228, 'reply_count': 0}",5,345,228,0,37.4811265,126.9142128,서울특별시 관악구 난곡로63길 6,서울,관악구,신림동,7,대규모 공유주방,338
오리야미-관악중앙점,"{'lat': '37.4861036', 'lng': '126.94985657'}","['한식', '고기/구이', '도시락/죽', '포장', '프랜차이즈']","{'average_rating': 4.9, 'count': 8, 'image_count': 7, 'reply_count': 8}",4.9,8,7,8,37.4861036,126.9498566,서울특별시 관악구 중앙길 100,서울,관악구,봉천동,1,독립 매장,979
카레는카레와-관악직영점,"{'lat': '37.4822944', 'lng': '126.92055544'}","['한식', '일식/돈까스', '포장']","{'average_rating': 4.9, 'count': 46, 'image_count': 34, 'reply_count': 0}",4.9,46,34,0,37.4822944,126.9205554,서울특별시 관악구 남부순환로172길 96,서울,관악구,신림동,1,독립 매장,726
2피자1치킨피자왕닭튀겨-관악점,"{'lat': '37.4835787', 'lng': '126.94354311'}","['피자/양식', '치킨', '포장', '프랜차이즈', '신규맛집']","{'average_rating': 4.9, 'count': 18, 'image_count': 15, 'reply_count': 18}",4.9,18,15,18,37.4835787,126.9435431,서울특별시 관악구 봉천로33길 7,서울,관악구,봉천동,6,대규모 공유주방,894
도야짬뽕-봉천점,"{'lat': '37.4813158', 'lng': '126.94659007'}","['중국집', '프랜차이즈', '야식', '포장']","{'average_rating': 4.8, 'count': 44, 'image_count': 28, 'reply_count': 0}",4.8,44,28,0,37.4813158,126.9465901,서울특별시 관악구 청룡1길 7,서울,관악구,봉천동,1,독립 매장,735
더맛있는족발보쌈-신림녹두점,"{'lat': '37.4695967', 'lng': '126.9354996'}","['족발/보쌈', '고기/구이', '한식', '야식', '포장', '프랜차이즈']","{'average_rating': 5.0, 'count': 63, 'image_count': 65, 'reply_count': 31}",5,63,65,31,37.4695967,126.9354996,서울특별시 관악구 호암로24길 41,서울,관악구,신림동,1,독립 매장,667
제육참잘하는집-관악점,"{'lat': '37.4842091', 'lng': '126.94031621'}","['찜/탕', '한식', '고기/구이', '포장']","{'average_rating': 5.0, 'count': 82, 'image_count': 58, 'reply_count': 52}",5,82,58,52,37.4842091,126.9403162,서울특별시 관악구 봉천로 361,서울,관악구,봉천동,3,소규모 샵인샵,620
유명한간식마을,"{'lat': '37.4854459', 'lng': '126.9331032'}","['카페/디저트', '포장']","{'average_rating': 5.0, 'count': 1, 'image_count': 1, 'reply_count': 0}",5,1,1,0,37.4854459,126.9331032,서울특별시 관악구 신림로64길 59,서울,관악구,신림동,4,대규모 공유주방,1131
바로GO배달삼겹&냉면-관악본점,"{'lat': '37.4685704', 'lng': '126.93726426'}","['포장', '한식', '고기/구이', '야식', '찜/탕']","{'average_rating': 4.9, 'count': 1495, 'image_count': 1179, 'reply_count': 266}",4.9,1495,1179,266,37.4685704,126.9372643,서울특별시 관악구 호암로22길 81,서울,관악구,신림동,3,소규모 샵인샵,129
부르릉세마리가간닭-관악점,"{'lat': '37.4835787', 'lng': '126.94354311'}","['피자/양식', '치킨', '포장', '프랜차이즈', '신규맛집']","{'average_rating': 5.0, 'count': 13, 'image_count': 14, 'reply_count': 13}",5,13,14,13,37.4835787,126.9435431,서울특별시 관악구 봉천로33길 7,서울,관악구,봉천동,6,대규모 공유주방,933
즐거울락곱새-신림점,"{'lat': '37.4887849', 'lng': '126.92615021'}","['찜/탕', '한식', '포장', '1인분주문']","{'average_rating': 5.0, 'count': 24, 'image_count': 16, 'reply_count': 7}",5,24,16,7,37.4887849,126.9261502,서울특별시 관악구 관천로22길 67,서울,관악구,신림동,3,소규모 샵인샵,841
낙곱상회-신림본점,"{'lat': '37.4752902', 'lng': '126.93016883'}","['찜/탕', '포장', '한식', '야식']","{'average_rating': 5.0, 'count': 6, 'image_count': 4, 'reply_count': 4}",5,6,4,4,37.4752902,126.9301688,서울특별시 관악구 문성로38길 70-4,서울,관악구,신림동,2,소규모 샵인샵,1009
오늘은아구찜-본점,"{'lat': '37.4862780367727', 'lng': '126.947875816519'}","['한식', '찜/탕', '고기/구이', '포장']","{'average_rating': 4.9, 'count': 1205, 'image_count': 1060, 'reply_count': 573}",4.9,1205,1060,573,37.48627804,126.9478758,서울특별시 관악구 중앙길 133,서울,관악구,봉천동,1,독립 매장,148
육회바른연어-신림역점,"{'lat': '37.4821884', 'lng': '126.93014844'}","['한식', '일식/돈까스', '회/초밥', '포장', '프랜차이즈']","{'average_rating': 5.0, 'count': 15, 'image_count': 11, 'reply_count': 15}",5,15,11,15,37.4821884,126.9301484,서울특별시 관악구 신림로 312,서울,관악구,신림동,1,독립 매장,915
맨날커피,"{'lat': '37.4773009', 'lng': '126.93445619'}","['카페/디저트', '야식', '분식', '샌드위치']","{'average_rating': 4.9, 'count': 119, 'image_count': 85, 'reply_count': 0}",4.9,119,85,0,37.4773009,126.9344562,서울특별시 관악구 서원1길 29,서울,관악구,신림동,1,독립 매장,557
미슐랭면-서울대입구역점,"{'lat': '37.483663', 'lng': '126.95327959'}","['한식', '프랜차이즈', '포장', '신규맛집']","{'average_rating': 0.0, 'count': 0, 'image_count': 0, 'reply_count': 0}",0,0,0,0,37.483663,126.9532796,서울특별시 관악구 중앙1길 11,서울,관악구,봉천동,2,소규모 샵인샵,1178
도로시파스타연정-관악점,"{'lat': '37.4837778', 'lng': '126.94018822'}","['피자/양식', '샐러드', '고기/구이', '포장', '야식', '프랜차이즈', '1인분주문']","{'average_rating': 5.0, 'count': 24, 'image_count': 20, 'reply_count': 0}",5,24,20,0,37.4837778,126.9401882,서울특별시 관악구 봉천로 362-1,서울,관악구,봉천동,3,소규모 샵인샵,841
잉치킨-구로신대방역점,"{'lat': '37.4856398', 'lng': '126.91402459'}","['치킨', '포장', '야식', '프랜차이즈', '신규맛집']","{'average_rating': 5.0, 'count': 1, 'image_count': 0, 'reply_count': 1}",5,1,0,1,37.4856398,126.9140246,서울특별시 관악구 난곡로 356,서울,관악구,신림동,1,독립 매장,1131
맵달떡분식,"{'lat': '37.4862893', 'lng': '126.94041528'}","['한식', '분식', '야식', '포장', '1인분주문']","{'average_rating': 4.6, 'count': 7, 'image_count': 3, 'reply_count': 4}",4.6,7,3,4,37.4862893,126.9404153,서울특별시 관악구 은천로 45-1,서울,관악구,봉천동,4,대규모 공유주방,991
감성낙곱새-신림점,"{'lat': '37.4871239', 'lng': '126.92836606'}","['찜/탕', '한식', '포장', '야식', '프랜차이즈', '1인분주문', '신규맛집']","{'average_rating': 5.0, 'count': 1, 'image_count': 1, 'reply_count': 1}",5,1,1,1,37.4871239,126.9283661,서울특별시 관악구 신림동1길 7,서울,관악구,신림동,8,대규모 공유주방,1131
원조엄마밥,"{'lat': '37.48439679159076', 'lng': '126.92268808845141'}","['한식', '분식', '고기/구이', '포장', '야식']","{'average_rating': 4.8, 'count': 109, 'image_count': 85, 'reply_count': 1}",4.8,109,85,1,37.48439679,126.9226881,서울특별시 관악구 남부순환로165길 19,서울,관악구,신림동,1,독립 매장,569
홍콩반점0410-관악구청점,"{'lat': '37.4786959', 'lng': '126.95253309'}","['중국집', '프랜차이즈']","{'average_rating': 4.7, 'count': 248, 'image_count': 207, 'reply_count': 113}",4.7,248,207,113,37.4786959,126.9525331,서울특별시 관악구 관악로 152,서울,관악구,봉천동,1,독립 매장,413
롯데리아-세이브마트점,"{'lat': '37.4742456', 'lng': '126.91761045'}","['버거', '프랜차이즈', '치킨']","{'average_rating': 4.7, 'count': 6861, 'image_count': 3678, 'reply_count': 5821}",4.7,6861,3678,5821,37.4742456,126.9176105,서울특별시 관악구 난곡로 220,서울,관악구,신림동,1,독립 매장,16
가장맛있는후라이드-신림2호점,"{'lat': '37.4716424', 'lng': '126.93235601'}","['분식', '야식', '치킨', '포장']","{'average_rating': 4.8, 'count': 18, 'image_count': 23, 'reply_count': 18}",4.8,18,23,18,37.4716424,126.932356,서울특별시 관악구 양지길 14,서울,관악구,신림동,1,독립 매장,894
바나다커피-신림신원점,"{'lat': '37.4795954', 'lng': '126.92794476'}","['카페/디저트', '샌드위치', '포장', '1인분주문']","{'average_rating': 5.0, 'count': 104, 'image_count': 90, 'reply_count': 104}",5,104,90,104,37.4795954,126.9279448,서울특별시 관악구 신원로 1,서울,관악구,신림동,1,독립 매장,578
레전드고기한상-봉천점,"{'lat': '37.4819666', 'lng': '126.94117995'}","['한식', '프랜차이즈', '야식']","{'average_rating': 4.7, 'count': 32, 'image_count': 26, 'reply_count': 31}",4.7,32,26,31,37.4819666,126.94118,서울특별시 관악구 장군봉1길 19,서울,관악구,봉천동,3,소규모 샵인샵,786
무한대로삼겹살-신림점,"{'lat': '37.4871239', 'lng': '126.92836606'}","['한식', '고기/구이', '포장', '야식', '1인분주문', '신규맛집']","{'average_rating': 0.0, 'count': 0, 'image_count': 0, 'reply_count': 0}",0,0,0,0,37.4871239,126.9283661,서울특별시 관악구 신림동1길 7,서울,관악구,신림동,8,대규모 공유주방,1178
청년곱도리탕-신림본점,"{'lat': '37.4752902', 'lng': '126.93016883'}","['찜/탕', '포장', '한식', '야식']","{'average_rating': 5.0, 'count': 67, 'image_count': 58, 'reply_count': 31}",5,67,58,31,37.4752902,126.9301688,서울특별시 관악구 문성로38길 70-4,서울,관악구,신림동,2,소규모 샵인샵,656
딥딥시카고-관악점,"{'lat': '37.4864689', 'lng': '126.93686058'}","['피자/양식', '포장', '프랜차이즈']","{'average_rating': 5.0, 'count': 2, 'image_count': 0, 'reply_count': 0}",5,2,0,0,37.4864689,126.9368606,서울특별시 관악구 은천로 13-1,서울,관악구,봉천동,5,대규모 공유주방,1095
BBQ-신림역점,"{'lat': '37.4836233', 'lng': '126.93048156'}","['포장', '프랜차이즈', '치킨']","{'average_rating': 4.5, 'count': 6, 'image_count': 3, 'reply_count': 0}",4.5,6,3,0,37.4836233,126.9304816,서울특별시 관악구 남부순환로180길 6,서울,관악구,신림동,1,독립 매장,1009
남산왕돈까스-신림점,"{'lat': '37.4869099', 'lng': '126.93842962'}","['한식', '분식', '일식/돈까스', '포장', '프랜차이즈', '야식']","{'average_rating': 4.1, 'count': 11, 'image_count': 8, 'reply_count': 8}",4.1,11,8,8,37.4869099,126.9384296,서울특별시 관악구 봉천로23나길 53,서울,관악구,봉천동,1,독립 매장,949
로플봉봉,"{'lat': '37.48013040181282', 'lng': '126.92805869911105'}","['샐러드', '카페/디저트', '샌드위치', '포장', '야식']","{'average_rating': 5.0, 'count': 317, 'image_count': 315, 'reply_count': 309}",5,317,315,309,37.4801304,126.9280587,서울특별시 관악구 신원로 8-1,서울,관악구,신림동,1,독립 매장,356
전라도전통김치찜,"{'lat': '37.4857499', 'lng': '126.94071559'}","['찜/탕', '한식', '고기/구이', '야식', '포장', '신규맛집']","{'average_rating': 0.0, 'count': 0, 'image_count': 0, 'reply_count': 0}",0,0,0,0,37.4857499,126.9407156,서울특별시 관악구 봉천로27길 41,서울,관악구,봉천동,10,대규모 공유주방,1178
샤오바오우육면-봉천점,"{'lat': '37.4833505', 'lng': '126.94286352'}","['중국집', '한식', '야식', '아시안']","{'average_rating': 4.8, 'count': 519, 'image_count': 440, 'reply_count': 1}",4.8,519,440,1,37.4833505,126.9428635,서울특별시 관악구 봉천로 385,서울,관악구,봉천동,2,소규모 샵인샵,274
기떡찜-신대방점,"{'lat': '37.482506', 'lng': '126.91001443'}","['찜/탕', '한식', '분식', '프랜차이즈', '포장']","{'average_rating': 4.8, 'count': 10, 'image_count': 15, 'reply_count': 0}",4.8,10,15,0,37.482506,126.9100144,서울특별시 관악구 조원로14길 27,서울,관악구,신림동,1,독립 매장,964
한양카츠-관악점,"{'lat': '37.4797687', 'lng': '126.95751774'}","['한식', '분식', '일식/돈까스', '포장', '1인분주문']","{'average_rating': 5.0, 'count': 25, 'image_count': 20, 'reply_count': 0}",5,25,20,0,37.4797687,126.9575177,서울특별시 관악구 남부순환로 1869,서울,관악구,봉천동,10,대규모 공유주방,830
해장요리전문점해장쿡-본점,"{'lat': '37.4791397', 'lng': '126.94093445'}","['찜/탕', '한식', '야식', '포장', '프랜차이즈']","{'average_rating': 4.9, 'count': 2359, 'image_count': 1670, 'reply_count': 465}",4.9,2359,1670,465,37.4791397,126.9409345,서울특별시 관악구 쑥고개로 39,서울,관악구,봉천동,2,소규모 샵인샵,86
진교동한우곱도리탕-관악점,"{'lat': '37.4865123', 'lng': '126.9416755'}","['찜/탕', '한식', '포장']","{'average_rating': 4.5, 'count': 2, 'image_count': 2, 'reply_count': 0}",4.5,2,2,0,37.4865123,126.9416755,서울특별시 관악구 국회단지2길 40,서울,관악구,봉천동,5,대규모 공유주방,1095
옐로우파스타-신림점,"{'lat': '37.48737501892205', 'lng': '126.93318452680533'}","['피자/양식', '샐러드', '고기/구이', '야식', '포장']","{'average_rating': 5.0, 'count': 4, 'image_count': 3, 'reply_count': 4}",5,4,3,4,37.48737502,126.9331845,서울특별시 관악구 봉천로 287-1,서울,관악구,봉천동,1,독립 매장,1046
스트릿캔-신림점,"{'lat': '37.4843413', 'lng': '126.93400079'}","['카페/디저트', '포장', '야식', '프랜차이즈']","{'average_rating': 4.8, 'count': 8, 'image_count': 7, 'reply_count': 0}",4.8,8,7,0,37.4843413,126.9340008,서울특별시 관악구 남부순환로190길 6,서울,관악구,신림동,1,독립 매장,979
진격의곱창-신림점,"{'lat': '37.4828554683663', 'lng': '126.926803682844'}","['한식', '고기/구이', '분식']","{'average_rating': 4.8, 'count': 49, 'image_count': 32, 'reply_count': 0}",4.8,49,32,0,37.48285547,126.9268037,서울특별시 관악구 관천로 37-1,서울,관악구,신림동,1,독립 매장,715
피나치공-서울봉천점,"{'lat': '37.4729012', 'lng': '126.96611959'}","['피자/양식', '프랜차이즈', '치킨', '포장', '야식']","{'average_rating': 4.9, 'count': 1001, 'image_count': 991, 'reply_count': 997}",4.9,1001,991,997,37.4729012,126.9661196,서울특별시 관악구 남부순환로248길 78,서울,관악구,봉천동,1,독립 매장,169
놀부김치찜-신림점,"{'lat': '37.4766535', 'lng': '126.9375515'}","['찜/탕', '한식', '프랜차이즈', '야식']","{'average_rating': 4.9, 'count': 67, 'image_count': 60, 'reply_count': 0}",4.9,67,60,0,37.4766535,126.9375515,서울특별시 관악구 신림로38길 1,서울,관악구,신림동,3,소규모 샵인샵,656
국대김치찜-봉천점,"{'lat': '37.477889', 'lng': '126.94185505'}","['찜/탕', '한식', '프랜차이즈', '포장', '1인분주문', '야식']","{'average_rating': 4.8, 'count': 92, 'image_count': 95, 'reply_count': 0}",4.8,92,95,0,37.477889,126.9418551,서울특별시 관악구 참숯1길 19,서울,관악구,봉천동,5,대규모 공유주방,600
요아정-난곡사거리점,"{'lat': '37.4807744', 'lng': '126.91493522'}","['포장', '카페/디저트', '프랜차이즈', '야식']","{'average_rating': 5.0, 'count': 2, 'image_count': 2, 'reply_count': 0}",5,2,2,0,37.4807744,126.9149352,서울특별시 관악구 난곡로 300,서울,관악구,신림동,1,독립 매장,1095
못말리는파닭-신림점,"{'lat': '37.4813013578555', 'lng': '126.92744309648'}","['야식', '치킨', '포장']","{'average_rating': 4.6, 'count': 154, 'image_count': 46, 'reply_count': 0}",4.6,154,46,0,37.48130136,126.9274431,서울특별시 관악구 신원로3가길 8,서울,관악구,신림동,1,독립 매장,495
미미사천마라탕-신림점,"{'lat': '37.4808766', 'lng': '126.91269398'}","['중국집', '야식', '찜/탕', '아시안', '포장']","{'average_rating': 4.9, 'count': 66, 'image_count': 72, 'reply_count': 65}",4.9,66,72,65,37.4808766,126.912694,서울특별시 관악구 난곡로63길 34,서울,관악구,신림동,1,독립 매장,659
두찜-관악난곡점,"{'lat': '37.469700178185', 'lng': '126.919099573055'}","['찜/탕', '한식', '프랜차이즈', '포장']","{'average_rating': 4.9, 'count': 578, 'image_count': 549, 'reply_count': 155}",4.9,578,549,155,37.46970018,126.9190996,서울특별시 관악구 난곡로 167,서울,관악구,신림동,2,소규모 샵인샵,256
긴말하지않겠다냉면-봉천점,"{'lat': '37.4819666', 'lng': '126.94117995'}","['한식', '프랜차이즈', '야식']","{'average_rating': 4.9, 'count': 57, 'image_count': 47, 'reply_count': 55}",4.9,57,47,55,37.4819666,126.94118,서울특별시 관악구 장군봉1길 19,서울,관악구,봉천동,3,소규모 샵인샵,688
응급실국물떡볶이-서울대입구역점,"{'lat': '37.4837968728182', 'lng': '126.953385044384'}","['포장', '분식', '프랜차이즈']","{'average_rating': 4.8, 'count': 924, 'image_count': 718, 'reply_count': 252}",4.8,924,718,252,37.48379687,126.953385,서울특별시 관악구 중앙1길 12,서울,관악구,봉천동,2,소규모 샵인샵,183
돼찜돼지품은김치찜-본점,"{'lat': '37.488415', 'lng': '126.9582851'}","['찜/탕', '한식', '고기/구이', '야식', '포장', '1인분주문']","{'average_rating': 4.9, 'count': 182, 'image_count': 147, 'reply_count': 180}",4.9,182,147,180,37.488415,126.9582851,서울특별시 관악구 관악로 274,서울,관악구,봉천동,2,소규모 샵인샵,473
백종원의한신포차닭발&통닭-서울대입구역점,"{'lat': '37.4797194', 'lng': '126.95473657'}","['포장', '찜/탕', '한식', '프랜차이즈', '치킨', '야식', '신규맛집']","{'average_rating': 5.0, 'count': 2, 'image_count': 1, 'reply_count': 2}",5,2,1,2,37.4797194,126.9547366,서울특별시 관악구 관악로16길 38,서울,관악구,봉천동,2,소규모 샵인샵,1095
대박삼겹김치찜&초대박등갈비김치찜-봉천점,"{'lat': '37.4857499', 'lng': '126.94071559'}","['한식', '프랜차이즈']","{'average_rating': 5.0, 'count': 23, 'image_count': 22, 'reply_count': 0}",5,23,22,0,37.4857499,126.9407156,서울특별시 관악구 봉천로27길 41,서울,관악구,봉천동,10,대규모 공유주방,855
쉐이크쉑-신림점,"{'lat': '37.4838513411842', 'lng': '126.930234565071'}","['버거', '프랜차이즈']","{'average_rating': 4.6, 'count': 313, 'image_count': 245, 'reply_count': 204}",4.6,313,245,204,37.48385134,126.9302346,서울특별시 관악구 신림로 330,서울,관악구,신림동,4,대규모 공유주방,358
정직화벌집삼겹-신림봉천점,"{'lat': '37.4811059', 'lng': '126.94706859'}","['찜/탕', '한식', '고기/구이', '포장', '프랜차이즈', '신규맛집']","{'average_rating': 5.0, 'count': 2, 'image_count': 2, 'reply_count': 0}",5,2,2,0,37.4811059,126.9470686,서울특별시 관악구 청룡1길 16,서울,관악구,봉천동,2,소규모 샵인샵,1095
스타동-봉천점,"{'lat': '37.4822061', 'lng': '126.94182944'}","['일식/돈까스', '포장', '프랜차이즈']","{'average_rating': 4.8, 'count': 23, 'image_count': 21, 'reply_count': 0}",4.8,23,21,0,37.4822061,126.9418294,서울특별시 관악구 남부순환로 1726,서울,관악구,봉천동,1,독립 매장,855
굽네치킨&피자-신림동점,"{'lat': '37.4869239', 'lng': '126.92575932'}","['피자/양식', '프랜차이즈', '치킨', '포장']","{'average_rating': 4.7, 'count': 1043, 'image_count': 738, 'reply_count': 57}",4.7,1043,738,57,37.4869239,126.9257593,서울특별시 관악구 신림동길 27,서울,관악구,신림동,1,독립 매장,166
흥부찜닭by놀부-신림점,"{'lat': '37.4766569789258', 'lng': '126.937583203244'}","['한식', '프랜차이즈', '찜/탕', '야식']","{'average_rating': 4.9, 'count': 2264, 'image_count': 1832, 'reply_count': 1450}",4.9,2264,1832,1450,37.47665698,126.9375832,서울특별시 관악구 신림로38길 1,서울,관악구,신림동,2,소규모 샵인샵,91
그린앤피니-봉천점,"{'lat': '37.4822103', 'lng': '126.94046324'}","['피자/양식', '샐러드', '카페/디저트', '포장']","{'average_rating': 5.0, 'count': 147, 'image_count': 130, 'reply_count': 24}",5,147,130,24,37.4822103,126.9404632,서울특별시 관악구 장군봉1길 5,서울,관악구,봉천동,1,독립 매장,506
올루올루아사이볼&요거트아이스크림-서울대입구점,"{'lat': '37.4809131', 'lng': '126.95448608'}","['카페/디저트', '포장', '야식']","{'average_rating': 4.8, 'count': 5, 'image_count': 4, 'reply_count': 4}",4.8,5,4,4,37.4809131,126.9544861,서울특별시 관악구 남부순환로 1837,서울,관악구,봉천동,2,소규모 샵인샵,1025
강여사김치찜,"{'lat': '37.4694275', 'lng': '126.93683335'}","['찜/탕', '한식', '고기/구이', '야식', '포장', '1인분주문']","{'average_rating': 5.0, 'count': 255, 'image_count': 227, 'reply_count': 12}",5,255,227,12,37.4694275,126.9368334,서울특별시 관악구 호암로24길 65,서울,관악구,신림동,1,독립 매장,405
푸라닭-낙성대점,"{'lat': '37.4787609', 'lng': '126.95983705'}","['포장', '야식', '프랜차이즈', '치킨']","{'average_rating': 4.9, 'count': 3081, 'image_count': 2582, 'reply_count': 1052}",4.9,3081,2582,1052,37.4787609,126.9598371,서울특별시 관악구 남부순환로 1891,서울,관악구,봉천동,1,독립 매장,62
곱도리탕부터시작하는자영업생활-관악점,"{'lat': '37.4881203', 'lng': '126.9255175'}","['찜/탕', '한식', '도시락/죽', '포장', '야식', '프랜차이즈']","{'average_rating': 4.9, 'count': 128, 'image_count': 105, 'reply_count': 123}",4.9,128,105,123,37.4881203,126.9255175,서울특별시 관악구 봉천로6길 36,서울,관악구,신림동,6,대규모 공유주방,542
천하제일불닭발-신림점,"{'lat': '37.4799186', 'lng': '126.91165005'}","['한식', '고기/구이', '포장', '프랜차이즈']","{'average_rating': 4.8, 'count': 6, 'image_count': 5, 'reply_count': 5}",4.8,6,5,5,37.4799186,126.9116501,서울특별시 관악구 남부순환로142길 27,서울,관악구,신림동,2,소규모 샵인샵,1009
스텔라떡볶이-서울구로조원점,"{'lat': '37.4835426', 'lng': '126.90834792'}","['분식', '포장', '프랜차이즈', '신규맛집']","{'average_rating': 5.0, 'count': 2, 'image_count': 1, 'reply_count': 0}",5,2,1,0,37.4835426,126.9083479,서울특별시 관악구 조원로 54,서울,관악구,신림동,2,소규모 샵인샵,1095
함박웃음-관악점,"{'lat': '37.4911482046109', 'lng': '126.940780432949'}","['피자/양식', '야식', '1인분주문']","{'average_rating': 4.8, 'count': 450, 'image_count': 405, 'reply_count': 124}",4.8,450,405,124,37.4911482,126.9407804,서울특별시 관악구 국회단지27길 15,서울,관악구,봉천동,4,대규모 공유주방,303
별과담특별한과일을담아,"{'lat': '37.4838531', 'lng': '126.90799401'}","['카페/디저트', '포장']","{'average_rating': 4.9, 'count': 47, 'image_count': 53, 'reply_count': 47}",4.9,47,53,47,37.4838531,126.907994,서울특별시 관악구 조원로 49,서울,관악구,신림동,1,독립 매장,720
에몽피자-신림점,"{'lat': '37.479164', 'lng': '126.9326124'}","['피자/양식', '포장']","{'average_rating': 5.0, 'count': 1, 'image_count': 1, 'reply_count': 0}",5,1,1,0,37.479164,126.9326124,서울특별시 관악구 신림로48길 11,서울,관악구,신림동,1,독립 매장,1131
치킨마루-현대시장점,"{'lat': '37.4860953384368', 'lng': '126.945183829841'}","['프랜차이즈', '치킨']","{'average_rating': 4.7, 'count': 270, 'image_count': 146, 'reply_count': 0}",4.7,270,146,0,37.48609534,126.9451838,서울특별시 관악구 은천로 86,서울,관악구,봉천동,1,독립 매장,390
부추통삼겹,"{'lat': '37.4764236433067', 'lng': '126.937565888196'}","['한식', '고기/구이', '포장', '야식', '1인분주문']","{'average_rating': 4.8, 'count': 146, 'image_count': 104, 'reply_count': 40}",4.8,146,104,40,37.47642364,126.9375659,서울특별시 관악구 신림로 212-1,서울,관악구,신림동,1,독립 매장,508
짜글이대가-신림본점,"{'lat': '37.4795271', 'lng': '126.94161931'}","['한식', '고기/구이', '포장', '야식', '프랜차이즈', '1인분주문']","{'average_rating': 4.7, 'count': 17, 'image_count': 10, 'reply_count': 15}",4.7,17,10,15,37.4795271,126.9416193,서울특별시 관악구 쑥고개로 45,서울,관악구,봉천동,4,대규모 공유주방,900
신사왕갈비탕,"{'lat': '37.4861338', 'lng': '126.94710912'}","['찜/탕', '한식', '포장']","{'average_rating': 4.7, 'count': 146, 'image_count': 78, 'reply_count': 0}",4.7,146,78,0,37.4861338,126.9471091,서울특별시 관악구 양녕로 46,서울,관악구,봉천동,2,소규모 샵인샵,508
황금식당-신림점,"{'lat': '37.4735906', 'lng': '126.93930193'}","['한식', '찜/탕', '포장', '고기/구이', '프랜차이즈']","{'average_rating': 4.9, 'count': 1374, 'image_count': 1209, 'reply_count': 70}",4.9,1374,1209,70,37.4735906,126.9393019,서울특별시 관악구 서림3길 9,서울,관악구,신림동,2,소규모 샵인샵,139
사르르육회,"{'lat': '37.4867085', 'lng': '126.94106388'}","['한식', '고기/구이', '야식', '회/초밥', '포장']","{'average_rating': 5.0, 'count': 13, 'image_count': 15, 'reply_count': 12}",5,13,15,12,37.4867085,126.9410639,서울특별시 관악구 국회단지2길 27,서울,관악구,봉천동,1,독립 매장,933
훌랄라참숯치킨-봉천1점,"{'lat': '37.4812338', 'lng': '126.94606844'}","['프랜차이즈', '치킨']","{'average_rating': 4.8, 'count': 47, 'image_count': 40, 'reply_count': 20}",4.8,47,40,20,37.4812338,126.9460684,서울특별시 관악구 청룡2길 1,서울,관악구,봉천동,1,독립 매장,720
백억커피-구로점,"{'lat': '37.4815649', 'lng': '126.90127148'}","['카페/디저트', '포장', '프랜차이즈', '야식']","{'average_rating': 4.9, 'count': 352, 'image_count': 213, 'reply_count': 3}",4.9,352,213,3,37.4815649,126.9012715,서울특별시 관악구 시흥대로160길 12,서울,관악구,신림동,1,독립 매장,331
딜리어트-집에서 먹는 다이어트식단-신림점,"{'lat': '37.4805244', 'lng': '126.90472835'}","['한식', '포장', '도시락/죽', '중국집', '1인분주문', '야식']","{'average_rating': 4.8, 'count': 24, 'image_count': 22, 'reply_count': 21}",4.8,24,22,21,37.4805244,126.9047284,서울특별시 관악구 조원중앙로 8,서울,관악구,신림동,1,독립 매장,841
볶볶음밥-신림점,"{'lat': '37.4874494', 'lng': '126.93312628'}","['샐러드', '한식', '분식', '야식']","{'average_rating': 4.9, 'count': 31, 'image_count': 17, 'reply_count': 31}",4.9,31,17,31,37.4874494,126.9331263,서울특별시 관악구 봉천로 287,서울,관악구,봉천동,4,대규모 공유주방,791
우기파스타-봉천점,"{'lat': '37.4814092', 'lng': '126.94310598'}","['피자/양식', '샐러드', '카페/디저트', '야식', '포장']","{'average_rating': 4.9, 'count': 61, 'image_count': 70, 'reply_count': 61}",4.9,61,70,61,37.4814092,126.943106,서울특별시 관악구 장군봉1길 56,서울,관악구,봉천동,11,대규모 공유주방,673
후라이드참잘하는집-신림2호점,"{'lat': '37.4776206276642', 'lng': '126.933242853571'}","['야식', '프랜차이즈', '치킨', '포장']","{'average_rating': 4.6, 'count': 980, 'image_count': 583, 'reply_count': 192}",4.6,980,583,192,37.47762063,126.9332429,서울특별시 관악구 신림로 251,서울,관악구,신림동,1,독립 매장,173
얃얃닭발-신림점,"{'lat': '37.4856008', 'lng': '126.93880505'}","['찜/탕', '한식', '분식', '포장', '야식']","{'average_rating': 4.8, 'count': 26, 'image_count': 21, 'reply_count': 0}",4.8,26,21,0,37.4856008,126.9388051,서울특별시 관악구 은천로2길 35,서울,관악구,봉천동,1,독립 매장,826
보끔당-서울대입구점,"{'lat': '37.4789334', 'lng': '126.95448516'}","['찜/탕', '포장', '프랜차이즈']","{'average_rating': 4.9, 'count': 310, 'image_count': 266, 'reply_count': 310}",4.9,310,266,310,37.4789334,126.9544852,서울특별시 관악구 관악로14길 35,서울,관악구,봉천동,1,독립 매장,359
삼합대장-서울대입구역본점,"{'lat': '37.4837611', 'lng': '126.95382872'}","['한식', '고기/구이', '일식/돈까스', '포장']","{'average_rating': 5.0, 'count': 11, 'image_count': 12, 'reply_count': 10}",5,11,12,10,37.4837611,126.9538287,서울특별시 관악구 중앙길 7,서울,관악구,봉천동,2,소규모 샵인샵,949
마니달오프리미엄과일전문-봉천점,"{'lat': '37.4879659', 'lng': '126.9467491'}","['카페/디저트', '야식']","{'average_rating': 4.9, 'count': 59, 'image_count': 52, 'reply_count': 29}",4.9,59,52,29,37.4879659,126.9467491,서울특별시 관악구 양녕로 66,서울,관악구,봉천동,6,대규모 공유주방,683
국민우동,"{'lat': '37.4818981', 'lng': '126.94190655'}","['찜/탕', '한식', '분식', '포장']","{'average_rating': 4.9, 'count': 14, 'image_count': 14, 'reply_count': 1}",4.9,14,14,1,37.4818981,126.9419066,서울특별시 관악구 남부순환로206길 7,서울,관악구,봉천동,2,소규모 샵인샵,922
꽉찬소곱창-서울대입구역점,"{'lat': '37.4805773', 'lng': '126.94742874'}","['찜/탕', '한식', '고기/구이', '야식', '포장', '프랜차이즈']","{'average_rating': 4.5, 'count': 6, 'image_count': 7, 'reply_count': 0}",4.5,6,7,0,37.4805773,126.9474287,서울특별시 관악구 청룡3길 22,서울,관악구,봉천동,9,대규모 공유주방,1009
88냉면육전육회냉면전문-서울대점,"{'lat': '37.4853989', 'lng': '126.95637958'}","['한식', '분식', '포장', '1인분주문', '신규맛집']","{'average_rating': 5.0, 'count': 1, 'image_count': 1, 'reply_count': 0}",5,1,1,0,37.4853989,126.9563796,서울특별시 관악구 관악로 236,서울,관악구,봉천동,5,대규모 공유주방,1131
그램치킨-신림봉천점,"{'lat': '37.4864412', 'lng': '126.93635188'}","['야식', '치킨', '포장', '프랜차이즈']","{'average_rating': 4.9, 'count': 585, 'image_count': 479, 'reply_count': 122}",4.9,585,479,122,37.4864412,126.9363519,서울 관악구 봉천동 955-8,서울,관악구,봉천동,3,소규모 샵인샵,252
충청집두배로김치찜,"{'lat': '37.4842742', 'lng': '126.94018241'}","['찜/탕', '한식', '고기/구이', '포장', '야식', '1인분주문']","{'average_rating': 4.9, 'count': 155, 'image_count': 140, 'reply_count': 152}",4.9,155,140,152,37.4842742,126.9401824,서울특별시 관악구 봉천로 359,서울,관악구,봉천동,2,소규모 샵인샵,493
저당중화연구소,"{'lat': '37.4833509', 'lng': '126.91869313'}","['중국집', '찜/탕', '아시안', '야식', '신규맛집']","{'average_rating': 0.0, 'count': 0, 'image_count': 0, 'reply_count': 0}",0,0,0,0,37.4833509,126.9186931,서울특별시 관악구 관천로11길 112,서울,관악구,신림동,3,소규모 샵인샵,1178
1인짜글이끝판왕-본점,"{'lat': '37.479664', 'lng': '126.94729518'}","['찜/탕', '한식', '포장', '1인분주문']","{'average_rating': 4.9, 'count': 68, 'image_count': 49, 'reply_count': 66}",4.9,68,49,66,37.479664,126.9472952,서울특별시 관악구 남부순환로214길 46,서울,관악구,봉천동,4,대규모 공유주방,651
파리바게뜨-신림역점,"{'lat': '37.4836736', 'lng': '126.9294367'}","['카페/디저트', '프랜차이즈', '샌드위치']","{'average_rating': 4.8, 'count': 3336, 'image_count': 2534, 'reply_count': 260}",4.8,3336,2534,260,37.4836736,126.9294367,서울특별시 관악구 신림로 329,서울,관악구,신림동,1,독립 매장,52
연가닭강정-신림점,"{'lat': '37.4846683', 'lng': '126.93117661'}","['치킨', '포장', '야식']","{'average_rating': 4.9, 'count': 14, 'image_count': 15, 'reply_count': 12}",4.9,14,15,12,37.4846683,126.9311766,서울특별시 관악구 남부순환로 1625,서울,관악구,신림동,1,독립 매장,922
서울대고깃집-서울대직영점,"{'lat': '37.4853989', 'lng': '126.95637958'}","['한식', '고기/구이', '포장', '1인분주문', '도시락/죽']","{'average_rating': 5.0, 'count': 282, 'image_count': 236, 'reply_count': 259}",5,282,236,259,37.4853989,126.9563796,서울특별시 관악구 관악로 236,서울,관악구,봉천동,5,대규모 공유주방,378
떡볶이플러스-신대방점,"{'lat': '37.48253579812506', 'lng': '126.91005734534423'}","['분식', '프랜차이즈', '포장']","{'average_rating': 5.0, 'count': 68, 'image_count': 62, 'reply_count': 0}",5,68,62,0,37.4825358,126.9100573,서울특별시 관악구 조원로14길 27,서울,관악구,신림동,2,소규모 샵인샵,651
오구피자-난곡점,"{'lat': '37.4716142', 'lng': '126.91997461'}","['피자/양식', '포장', '프랜차이즈']","{'average_rating': 4.8, 'count': 2172, 'image_count': 1180, 'reply_count': 767}",4.8,2172,1180,767,37.4716142,126.9199746,서울특별시 관악구 난곡로 184,서울,관악구,신림동,2,소규모 샵인샵,95
베트남쌀국수몬스터포Pho-관악점,"{'lat': '37.480573', 'lng': '126.95661246'}","['아시안', '포장', '프랜차이즈', '야식', '1인분주문']","{'average_rating': 5.0, 'count': 237, 'image_count': 202, 'reply_count': 211}",5,237,202,211,37.480573,126.9566125,서울특별시 관악구 봉천로 507-30,서울,관악구,봉천동,1,독립 매장,427
할매김치찜&찌개-본점,"{'lat': '37.4859944', 'lng': '126.92117477'}","['찜/탕', '한식', '포장', '야식', '1인분주문']","{'average_rating': 4.9, 'count': 22, 'image_count': 23, 'reply_count': 15}",4.9,22,23,15,37.4859944,126.9211748,서울특별시 관악구 조원로 170,서울,관악구,신림동,8,대규모 공유주방,862
불맛전문관사부간짬뽕-서울대점,"{'lat': '37.4772823', 'lng': '126.95873891'}","['중국집', '고기/구이', '아시안', '포장', '야식']","{'average_rating': 4.8, 'count': 229, 'image_count': 180, 'reply_count': 0}",4.8,229,180,0,37.4772823,126.9587389,서울특별시 관악구 낙성대로 14,서울,관악구,봉천동,1,독립 매장,435
순살순정 아구찜 관악본점,"{'lat': '37.4793042', 'lng': '126.94748446'}","['찜/탕', '한식', '분식', '포장', '야식', '다회용기']","{'average_rating': 4.9, 'count': 43, 'image_count': 51, 'reply_count': 7}",4.9,43,51,7,37.4793042,126.9474845,서울특별시 관악구 쑥고개로 97,서울,관악구,봉천동,2,소규모 샵인샵,737
못골낙곱새,"{'lat': '37.4766192867145', 'lng': '126.963959141937'}","['한식', '포장']","{'average_rating': 4.9, 'count': 125, 'image_count': 107, 'reply_count': 4}",4.9,125,107,4,37.47661929,126.9639591,서울특별시 관악구 남부순환로 1936,서울,관악구,봉천동,1,독립 매장,547
오사카우동-관악점,"{'lat': '37.4791186', 'lng': '126.94646671'}","['한식', '분식', '일식/돈까스', '포장', '프랜차이즈']","{'average_rating': 4.9, 'count': 42, 'image_count': 34, 'reply_count': 42}",4.9,42,34,42,37.4791186,126.9464667,서울특별시 관악구 쑥고개로 90,서울,관악구,봉천동,1,독립 매장,740
가마로강정-녹두거리점,"{'lat': '37.4685778', 'lng': '126.93775233'}","['분식', '야식', '프랜차이즈', '치킨', '포장']","{'average_rating': 4.7, 'count': 29, 'image_count': 26, 'reply_count': 20}",4.7,29,26,20,37.4685778,126.9377523,서울특별시 관악구 대학길 47,서울,관악구,신림동,2,소규모 샵인샵,803
백만그릇파스타-관악점,"{'lat': '37.4865491', 'lng': '126.93613783'}","['피자/양식', '샐러드', '포장']","{'average_rating': 5.0, 'count': 9, 'image_count': 9, 'reply_count': 0}",5,9,9,0,37.4865491,126.9361378,서울특별시 관악구 은천로1길 3,서울,관악구,봉천동,1,독립 매장,975
설앞당베이커리,"{'lat': '37.479614', 'lng': '126.95080887'}","['카페/디저트', '야식']","{'average_rating': 4.9, 'count': 60, 'image_count': 47, 'reply_count': 39}",4.9,60,47,39,37.479614,126.9508089,서울특별시 관악구 관악로15길 23-16,서울,관악구,봉천동,1,독립 매장,678
용초밥사시미&육회,"{'lat': '37.4811265', 'lng': '126.91421284'}","['고기/구이', '일식/돈까스', '회/초밥']","{'average_rating': 4.8, 'count': 36, 'image_count': 25, 'reply_count': 0}",4.8,36,25,0,37.4811265,126.9142128,서울특별시 관악구 난곡로63길 6,서울,관악구,신림동,7,대규모 공유주방,767
오늘찜닭어때,"{'lat': '37.4908773', 'lng': '126.93019749'}","['찜/탕', '한식', '포장', '야식']","{'average_rating': 5.0, 'count': 49, 'image_count': 40, 'reply_count': 44}",5,49,40,44,37.4908773,126.9301975,서울특별시 관악구 당곡2길 22,서울,관악구,봉천동,3,소규모 샵인샵,715
또래오래-봉천2호점,"{'lat': '37.48616268892753', 'lng': '126.9585629972241'}","['야식', '프랜차이즈', '치킨', '포장']","{'average_rating': 4.7, 'count': 5018, 'image_count': 3182, 'reply_count': 314}",4.7,5018,3182,314,37.48616269,126.958563,서울특별시 관악구 관악로30길 12,서울,관악구,봉천동,1,독립 매장,28
수제김밥에그맘-서울대입구역점,"{'lat': '37.4779222', 'lng': '126.95518521'}","['찜/탕', '한식', '분식', '포장']","{'average_rating': 4.7, 'count': 45, 'image_count': 36, 'reply_count': 8}",4.7,45,36,8,37.4779222,126.9551852,서울특별시 관악구 남부순환로230길 50,서울,관악구,봉천동,2,소규모 샵인샵,730
아재불닭발그리고오돌뼈-봉천점,"{'lat': '37.4838803', 'lng': '126.93991232'}","['고기/구이', '야식', '프랜차이즈']","{'average_rating': 5.0, 'count': 5, 'image_count': 5, 'reply_count': 5}",5,5,5,5,37.4838803,126.9399123,서울특별시 관악구 봉천로 360-1,서울,관악구,봉천동,3,소규모 샵인샵,1025
볶고댄스-관악본점,"{'lat': '37.4889407', 'lng': '126.92675922'}","['한식', '분식', '포장', '야식', '1인분주문', '신규맛집']","{'average_rating': 5.0, 'count': 5, 'image_count': 5, 'reply_count': 0}",5,5,5,0,37.4889407,126.9267592,서울특별시 관악구 봉천로8길 12,서울,관악구,신림동,3,소규모 샵인샵,1025
프레디버거FREDDYBURGER,"{'lat': '37.4803498', 'lng': '126.95455053'}","['피자/양식', '버거', '치킨', '포장', '야식', '1인분주문']","{'average_rating': 4.8, 'count': 131, 'image_count': 118, 'reply_count': 86}",4.8,131,118,86,37.4803498,126.9545505,서울특별시 관악구 남부순환로 1842,서울,관악구,봉천동,1,독립 매장,535
담소소사골순대육개장-신림2호신원동점,"{'lat': '37.4798966', 'lng': '126.92788322'}","['찜/탕', '한식', '프랜차이즈', '1인분주문']","{'average_rating': 4.8, 'count': 61, 'image_count': 44, 'reply_count': 0}",4.8,61,44,0,37.4798966,126.9278832,서울특별시 관악구 신원로 5-1,서울,관악구,신림동,1,독립 매장,673
캔팩토리-본점,"{'lat': '37.4909499', 'lng': '126.92635224'}","['카페/디저트', '포장']","{'average_rating': 4.7, 'count': 22, 'image_count': 11, 'reply_count': 1}",4.7,22,11,1,37.4909499,126.9263522,서울특별시 관악구 보라매로 15-8,서울,관악구,봉천동,1,독립 매장,862
일도강정,"{'lat': '37.4817212', 'lng': '126.94245235'}","['한식', '고기/구이', '치킨', '포장']","{'average_rating': 4.7, 'count': 45, 'image_count': 55, 'reply_count': 44}",4.7,45,55,44,37.4817212,126.9424524,서울특별시 관악구 장군봉1길 43,서울,관악구,봉천동,1,독립 매장,730
가마로강정-서울대입구역점,"{'lat': '37.4827193', 'lng': '126.95322981'}","['치킨', '포장', '프랜차이즈']","{'average_rating': 4.7, 'count': 31, 'image_count': 29, 'reply_count': 24}",4.7,31,29,24,37.4827193,126.9532298,서울특별시 관악구 관악로 195,서울,관악구,봉천동,1,독립 매장,791
양가네집밥도시락-봉천점,"{'lat': '37.485138', 'lng': '126.95747545'}","['찜/탕', '한식', '프랜차이즈', '도시락/죽', '야식', '포장']","{'average_rating': 4.8, 'count': 8, 'image_count': 7, 'reply_count': 1}",4.8,8,7,1,37.485138,126.9574755,서울특별시 관악구 관악로28길 22,서울,관악구,봉천동,9,대규모 공유주방,979
사계절갈비-봉천점,"{'lat': '37.4866659', 'lng': '126.94451385'}","['고기/구이', '포장', '야식', '프랜차이즈']","{'average_rating': 5.0, 'count': 32, 'image_count': 49, 'reply_count': 29}",5,32,49,29,37.4866659,126.9445139,서울특별시 관악구 은천로 84,서울,관악구,봉천동,1,독립 매장,786
돼지게티-신림점,"{'lat': '37.4858242', 'lng': '126.91992211'}","['피자/양식', '야식', '프랜차이즈', '포장', '신규맛집']","{'average_rating': 0.0, 'count': 0, 'image_count': 0, 'reply_count': 0}",0,0,0,0,37.4858242,126.9199221,서울특별시 관악구 조원로 160,서울,관악구,신림동,1,독립 매장,1178
윤이불닭발-봉천점,"{'lat': '37.4882002', 'lng': '126.9592373'}","['한식', '고기/구이', '야식', '포장', '프랜차이즈', '분식']","{'average_rating': 4.9, 'count': 81, 'image_count': 60, 'reply_count': 40}",4.9,81,60,40,37.4882002,126.9592373,서울특별시 관악구 청림길 10-1,서울,관악구,봉천동,4,대규모 공유주방,622
유명한덮밥집-본점,"{'lat': '37.479664', 'lng': '126.94729518'}","['한식', '고기/구이', '도시락/죽', '포장', '1인분주문']","{'average_rating': 5.0, 'count': 3, 'image_count': 3, 'reply_count': 0}",5,3,3,0,37.479664,126.9472952,서울특별시 관악구 남부순환로214길 46,서울,관악구,봉천동,4,대규모 공유주방,1072
라사천마라탕-봉천점,"{'lat': '37.4794201', 'lng': '126.94649373'}","['찜/탕', '아시안', '포장', '프랜차이즈', '중국집']","{'average_rating': 5.0, 'count': 180, 'image_count': 154, 'reply_count': 0}",5,180,154,0,37.4794201,126.9464937,서울특별시 관악구 쑥고개로 89,서울,관악구,봉천동,1,독립 매장,475
BBQ-관악행복점,"{'lat': '37.4856827', 'lng': '126.93785549'}","['프랜차이즈', '치킨']","{'average_rating': 4.3, 'count': 1348, 'image_count': 486, 'reply_count': 485}",4.3,1348,486,485,37.4856827,126.9378555,서울특별시 관악구 봉천로25길 9,서울,관악구,봉천동,1,독립 매장,140
미스터육회연어왕,"{'lat': '37.4840241241324', 'lng': '126.953905090116'}","['한식', '일식/돈까스', '회/초밥']","{'average_rating': 4.9, 'count': 1746, 'image_count': 1439, 'reply_count': 57}",4.9,1746,1439,57,37.48402412,126.9539051,서울특별시 관악구 중앙길 12,서울,관악구,봉천동,1,독립 매장,116
과일당-신림점,"{'lat': '37.4742374', 'lng': '126.93371197'}","['카페/디저트', '포장', '야식']","{'average_rating': 4.9, 'count': 23, 'image_count': 17, 'reply_count': 0}",4.9,23,17,0,37.4742374,126.933712,서울특별시 관악구 신림로 169,서울,관악구,신림동,2,소규모 샵인샵,855
사골집-관악점,"{'lat': '37.4805773', 'lng': '126.94742874'}","['찜/탕', '한식', '포장', '야식']","{'average_rating': 5.0, 'count': 2, 'image_count': 1, 'reply_count': 0}",5,2,1,0,37.4805773,126.9474287,서울특별시 관악구 청룡3길 22,서울,관악구,봉천동,9,대규모 공유주방,1095
시올돈,"{'lat': '37.4862893', 'lng': '126.94041528'}","['피자/양식', '찜/탕', '일식/돈까스', '포장', '프랜차이즈']","{'average_rating': 4.8, 'count': 21, 'image_count': 21, 'reply_count': 0}",4.8,21,21,0,37.4862893,126.9404153,서울특별시 관악구 은천로 45-1,서울,관악구,봉천동,4,대규모 공유주방,871
명품삼계탕-봉천본점,"{'lat': '37.4838803', 'lng': '126.93991232'}","['찜/탕', '한식', '도시락/죽']","{'average_rating': 4.6, 'count': 61, 'image_count': 44, 'reply_count': 0}",4.6,61,44,0,37.4838803,126.9399123,서울특별시 관악구 봉천로 360-1,서울,관악구,봉천동,3,소규모 샵인샵,673
노랑통닭-미성난곡점,"{'lat': '37.4759815', 'lng': '126.91752393'}","['프랜차이즈', '치킨', '포장']","{'average_rating': 4.8, 'count': 175, 'image_count': 132, 'reply_count': 0}",4.8,175,132,0,37.4759815,126.9175239,서울특별시 관악구 난우길 37,서울,관악구,신림동,1,독립 매장,478
사실은고깃집을하려고했었다던냉면집,"{'lat': '37.4794155', 'lng': '126.94194469'}","['분식', '포장', '야식', '한식', '고기/구이', '프랜차이즈']","{'average_rating': 4.9, 'count': 78, 'image_count': 69, 'reply_count': 37}",4.9,78,69,37,37.4794155,126.9419447,서울특별시 관악구 쑥고개로 48,서울,관악구,봉천동,9,대규모 공유주방,630
빅스타피자-관악점,"{'lat': '37.4864689', 'lng': '126.93686058'}","['피자/양식', '프랜차이즈']","{'average_rating': 4.7, 'count': 860, 'image_count': 579, 'reply_count': 0}",4.7,860,579,0,37.4864689,126.9368606,서울특별시 관악구 은천로 13-1,서울,관악구,봉천동,5,대규모 공유주방,194
이디야커피-신림미성점,"{'lat': '37.476540261299', 'lng': '126.915984280881'}","['카페/디저트', '프랜차이즈']","{'average_rating': 4.9, 'count': 203, 'image_count': 146, 'reply_count': 6}",4.9,203,146,6,37.47654026,126.9159843,서울특별시 관악구 난곡로 250,서울,관악구,신림동,1,독립 매장,455
고기울림,"{'lat': '37.4806395', 'lng': '126.91156526'}","['한식', '고기/구이', '야식', '도시락/죽', '포장']","{'average_rating': 4.9, 'count': 284, 'image_count': 286, 'reply_count': 268}",4.9,284,286,268,37.4806395,126.9115653,서울특별시 관악구 난곡로63길 54,서울,관악구,신림동,2,소규모 샵인샵,375
영등포여로집-관악점,"{'lat': '37.4877201', 'lng': '126.95992422'}","['한식', '프랜차이즈', '포장']","{'average_rating': 4.9, 'count': 295, 'image_count': 310, 'reply_count': 7}",4.9,295,310,7,37.4877201,126.9599242,서울특별시 관악구 청림6길 3,서울,관악구,봉천동,7,대규모 공유주방,368
봉일통닭,"{'lat': '37.4860180281577', 'lng': '126.939843313115'}","['치킨', '1인분주문']","{'average_rating': 4.9, 'count': 38, 'image_count': 16, 'reply_count': 38}",4.9,38,16,38,37.48601803,126.9398433,서울특별시 관악구 은천로 40-1,서울,관악구,봉천동,3,소규모 샵인샵,761
사천마라샹궈-관악점,"{'lat': '37.4792349165327', 'lng': '126.950692450541'}","['중국집', '야식', '아시안', '다회용기', '포장']","{'average_rating': 4.9, 'count': 1492, 'image_count': 1270, 'reply_count': 928}",4.9,1492,1270,928,37.47923492,126.9506925,서울특별시 관악구 관악로13길 25,서울,관악구,봉천동,2,소규모 샵인샵,130
탱탱우동-관악점,"{'lat': '37.4767357', 'lng': '126.95418767'}","['분식', '일식/돈까스', '야식', '포장']","{'average_rating': 4.8, 'count': 243, 'image_count': 221, 'reply_count': 154}",4.8,243,221,154,37.4767357,126.9541877,서울특별시 관악구 남부순환로228길 69,서울,관악구,봉천동,3,소규모 샵인샵,418
김치찜미식회-관악점,"{'lat': '37.4797687', 'lng': '126.95751774'}","['찜/탕', '한식', '포장']","{'average_rating': 5.0, 'count': 1, 'image_count': 1, 'reply_count': 0}",5,1,1,0,37.4797687,126.9575177,서울특별시 관악구 남부순환로 1869,서울,관악구,봉천동,10,대규모 공유주방,1131
일만족발-신림점,"{'lat': '37.4684298', 'lng': '126.93729389'}","['족발/보쌈', '포장', '야식', '프랜차이즈', '1인분주문']","{'average_rating': 4.8, 'count': 4, 'image_count': 3, 'reply_count': 2}",4.8,4,3,2,37.4684298,126.9372939,서울특별시 관악구 호암로22길 82,서울,관악구,신림동,1,독립 매장,1046
파리바게뜨-신림신화점,"{'lat': '37.4755283', 'lng': '126.93619423'}","['카페/디저트', '프랜차이즈', '샌드위치']","{'average_rating': 4.9, 'count': 677, 'image_count': 628, 'reply_count': 0}",4.9,677,628,0,37.4755283,126.9361942,서울특별시 관악구 신림로 199,서울,관악구,신림동,1,독립 매장,231
갓튀긴후라이드-관악점,"{'lat': '37.4818981', 'lng': '126.94190655'}","['치킨', '포장', '야식', '프랜차이즈']","{'average_rating': 4.9, 'count': 144, 'image_count': 109, 'reply_count': 0}",4.9,144,109,0,37.4818981,126.9419066,서울특별시 관악구 남부순환로206길 7,서울,관악구,봉천동,2,소규모 샵인샵,514
프랭크버거-구로디지털단지역점,"{'lat': '37.4835399290138', 'lng': '126.902467337389'}","['버거', '포장', '프랜차이즈']","{'average_rating': 4.8, 'count': 259, 'image_count': 170, 'reply_count': 217}",4.8,259,170,217,37.48353993,126.9024673,서울특별시 관악구 시흥대로 570,서울,관악구,신림동,1,독립 매장,401
한식끝판왕-봉천점,"{'lat': '37.485138', 'lng': '126.95747545'}","['찜/탕', '한식', '프랜차이즈', '도시락/죽', '야식', '포장']","{'average_rating': 4.7, 'count': 15, 'image_count': 16, 'reply_count': 0}",4.7,15,16,0,37.485138,126.9574755,서울특별시 관악구 관악로28길 22,서울,관악구,봉천동,9,대규모 공유주방,915
포케올데이샐러드&도시락-신림본점,"{'lat': '37.4815404', 'lng': '126.93018852'}","['피자/양식', '샐러드', '카페/디저트', '포장', '프랜차이즈']","{'average_rating': 4.9, 'count': 196, 'image_count': 180, 'reply_count': 134}",4.9,196,180,134,37.4815404,126.9301885,서울특별시 관악구 신림로 306,서울,관악구,신림동,1,독립 매장,461
대게싸네킹크랩-본점,"{'lat': '37.4809306', 'lng': '126.94609105'}","['찜/탕', '회/초밥', '고기/구이', '포장', '야식']","{'average_rating': 4.9, 'count': 60, 'image_count': 55, 'reply_count': 1}",4.9,60,55,1,37.4809306,126.9460911,서울특별시 관악구 청룡길 20,서울,관악구,봉천동,2,소규모 샵인샵,678
달인족발,"{'lat': '37.4753181671905', 'lng': '126.91836138052'}","['족발/보쌈', '포장']","{'average_rating': 4.9, 'count': 1219, 'image_count': 1173, 'reply_count': 138}",4.9,1219,1173,138,37.47531817,126.9183614,서울특별시 관악구 난우길 26-1,서울,관악구,신림동,1,독립 매장,144
푸라닭-성현중앙점,"{'lat': '37.4864019', 'lng': '126.94796814'}","['프랜차이즈', '치킨', '포장', '야식']","{'average_rating': 4.9, 'count': 106, 'image_count': 101, 'reply_count': 73}",4.9,106,101,73,37.4864019,126.9479681,서울 관악구 봉천동 464-41,서울,관악구,봉천동,1,독립 매장,574
차밍케익,"{'lat': '37.4795946162772', 'lng': '126.950712433378'}","['카페/디저트', '샐러드']","{'average_rating': 4.8, 'count': 27, 'image_count': 34, 'reply_count': 14}",4.8,27,34,14,37.47959462,126.9507124,서울특별시 관악구 관악로15길 23-16,서울,관악구,봉천동,2,소규모 샵인샵,818
한입한쌈월남쌈&밀푀유나베-서울대입구역점,"{'lat': '37.4842284', 'lng': '126.94737645'}","['아시안', '한식', '포장']","{'average_rating': 4.7, 'count': 6, 'image_count': 6, 'reply_count': 3}",4.7,6,6,3,37.4842284,126.9473765,서울특별시 관악구 양녕로2가길 20,서울,관악구,봉천동,1,독립 매장,1009
요달의찜닭-서울신림점,"{'lat': '37.4782405', 'lng': '126.91473102'}","['찜/탕', '한식', '포장', '야식', '프랜차이즈']","{'average_rating': 5.0, 'count': 4, 'image_count': 4, 'reply_count': 4}",5,4,4,4,37.4782405,126.914731,서울특별시 관악구 난곡로51길 8,서울,관악구,신림동,2,소규모 샵인샵,1046
마라도리마라탕-관악점,"{'lat': '37.4840396', 'lng': '126.95293768'}","['중국집', '아시안', '야식', '찜/탕', '포장']","{'average_rating': 4.9, 'count': 151, 'image_count': 155, 'reply_count': 4}",4.9,151,155,4,37.4840396,126.9529377,서울특별시 관악구 중앙길 27,서울,관악구,봉천동,1,독립 매장,500
우동야마이루식-관악점,"{'lat': '37.4767357', 'lng': '126.95418767'}","['일식/돈까스', '야식', '포장', '프랜차이즈']","{'average_rating': 4.9, 'count': 231, 'image_count': 195, 'reply_count': 188}",4.9,231,195,188,37.4767357,126.9541877,서울특별시 관악구 남부순환로228길 69,서울,관악구,봉천동,3,소규모 샵인샵,434
인생곱떡,"{'lat': '37.4807732', 'lng': '126.94581927'}","['분식', '포장', '야식', '1인분주문']","{'average_rating': 4.7, 'count': 3, 'image_count': 2, 'reply_count': 0}",4.7,3,2,0,37.4807732,126.9458193,서울특별시 관악구 청룡4길 5,서울,관악구,봉천동,3,소규모 샵인샵,1072
치밥로그인,"{'lat': '37.4683082', 'lng': '126.93206377'}","['분식', '치킨', '포장', '야식', '도시락/죽', '1인분주문']","{'average_rating': 5.0, 'count': 836, 'image_count': 701, 'reply_count': 834}",5,836,701,834,37.4683082,126.9320638,서울특별시 관악구 호암로 567-1,서울,관악구,신림동,3,소규모 샵인샵,202
카페니-관악점,"{'lat': '37.4865524', 'lng': '126.95203542'}","['분식', '카페/디저트', '야식']","{'average_rating': 4.9, 'count': 117, 'image_count': 105, 'reply_count': 117}",4.9,117,105,117,37.4865524,126.9520354,서울특별시 관악구 은천로 149,서울,관악구,봉천동,1,독립 매장,560
쭈꾸미싸롱-관악점,"{'lat': '37.4794155', 'lng': '126.94194469'}","['찜/탕', '포장', '야식', '프랜차이즈', '고기/구이']","{'average_rating': 4.3, 'count': 10, 'image_count': 3, 'reply_count': 5}",4.3,10,3,5,37.4794155,126.9419447,서울특별시 관악구 쑥고개로 48,서울,관악구,봉천동,9,대규모 공유주방,964
가마치통닭-신림점,"{'lat': '37.4863376', 'lng': '126.92906724'}","['찜/탕', '분식', '프랜차이즈', '치킨', '포장']","{'average_rating': 5.0, 'count': 1, 'image_count': 0, 'reply_count': 0}",5,1,0,0,37.4863376,126.9290672,서울특별시 관악구 신림로 359,서울,관악구,신림동,1,독립 매장,1131
국민냉면-관악점,"{'lat': '37.4873822', 'lng': '126.94822192'}","['한식', '분식', '일식/돈까스', '포장', '야식']","{'average_rating': 5.0, 'count': 23, 'image_count': 20, 'reply_count': 18}",5,23,20,18,37.4873822,126.9482219,서울특별시 관악구 은천로23길 16,서울,관악구,봉천동,4,대규모 공유주방,855
솥지효자동가마솥김치찜&김치찌개,"{'lat': '37.4842742', 'lng': '126.94018241'}","['찜/탕', '한식', '분식', '야식', '포장', '1인분주문']","{'average_rating': 4.8, 'count': 5, 'image_count': 3, 'reply_count': 5}",4.8,5,3,5,37.4842742,126.9401824,서울특별시 관악구 봉천로 359,서울,관악구,봉천동,2,소규모 샵인샵,1025
굽네치킨&피자-청룡점,"{'lat': '37.4792532', 'lng': '126.94556945'}","['피자/양식', '프랜차이즈', '치킨', '포장']","{'average_rating': 4.9, 'count': 6568, 'image_count': 5549, 'reply_count': 1977}",4.9,6568,5549,1977,37.4792532,126.9455695,서울특별시 관악구 쑥고개로 82,서울,관악구,봉천동,1,독립 매장,19
외길곱창-서울신림점,"{'lat': '37.4693353', 'lng': '126.93633444'}","['한식', '고기/구이', '야식', '포장', '프랜차이즈', '1인분주문']","{'average_rating': 4.8, 'count': 42, 'image_count': 36, 'reply_count': 3}",4.8,42,36,3,37.4693353,126.9363344,서울특별시 관악구 신림로17길 32,서울,관악구,신림동,6,대규모 공유주방,740
볶음우동가장잘볶는집-직영점,"{'lat': '37.4807673', 'lng': '126.90445923'}","['중국집', '한식', '도시락/죽', '포장', '야식']","{'average_rating': 5.0, 'count': 7, 'image_count': 4, 'reply_count': 1}",5,7,4,1,37.4807673,126.9044592,서울특별시 관악구 조원중앙로 9,서울,관악구,신림동,3,소규모 샵인샵,991
순살참잘하는집-본점,"{'lat': '37.4791757', 'lng': '126.92581883'}","['치킨', '포장', '야식', '신규맛집']","{'average_rating': 0.0, 'count': 0, 'image_count': 0, 'reply_count': 0}",0,0,0,0,37.4791757,126.9258188,서울특별시 관악구 문성로 199,서울,관악구,신림동,3,소규모 샵인샵,1178
디저트39-서울대벤처타운점,"{'lat': '37.4686852', 'lng': '126.93619782'}","['카페/디저트', '프랜차이즈', '야식', '포장']","{'average_rating': 4.9, 'count': 25, 'image_count': 23, 'reply_count': 5}",4.9,25,23,5,37.4686852,126.9361978,서울특별시 관악구 호암로22길 61,서울,관악구,신림동,2,소규모 샵인샵,830
복희,"{'lat': '37.4778946', 'lng': '126.95757863'}","['한식', '분식', '포장']","{'average_rating': 4.8, 'count': 52, 'image_count': 37, 'reply_count': 7}",4.8,52,37,7,37.4778946,126.9575786,서울특별시 관악구 관악로14길 94,서울,관악구,봉천동,1,독립 매장,705
한양냉면-관악점,"{'lat': '37.4797687', 'lng': '126.95751774'}","['한식', '분식', '일식/돈까스', '포장', '1인분주문']","{'average_rating': 4.9, 'count': 91, 'image_count': 74, 'reply_count': 21}",4.9,91,74,21,37.4797687,126.9575177,서울특별시 관악구 남부순환로 1869,서울,관악구,봉천동,10,대규모 공유주방,603
통큰직화제육-신림점,"{'lat': '37.4693353', 'lng': '126.93633444'}","['한식', '고기/구이', '야식', '프랜차이즈']","{'average_rating': 5.0, 'count': 3, 'image_count': 3, 'reply_count': 0}",5,3,3,0,37.4693353,126.9363344,서울특별시 관악구 신림로17길 32,서울,관악구,신림동,6,대규모 공유주방,1072
엘노핌피자-본점,"{'lat': '37.4706773', 'lng': '126.93646825'}","['피자/양식', '치킨', '포장', '프랜차이즈']","{'average_rating': 4.6, 'count': 441, 'image_count': 151, 'reply_count': 130}",4.6,441,151,130,37.4706773,126.9364683,서울특별시 관악구 신림로 115,서울,관악구,신림동,2,소규모 샵인샵,307
찜했어요,"{'lat': '37.4911482046109', 'lng': '126.940780432949'}","['한식', '야식', '고기/구이', '찜/탕']","{'average_rating': 4.6, 'count': 383, 'image_count': 312, 'reply_count': 180}",4.6,383,312,180,37.4911482,126.9407804,서울특별시 관악구 국회단지27길 15,서울,관악구,봉천동,4,대규모 공유주방,323
노브랜드버거-신림점,"{'lat': '37.4706743', 'lng': '126.93372869'}","['버거', '프랜차이즈', '포장']","{'average_rating': 4.8, 'count': 40, 'image_count': 32, 'reply_count': 1}",4.8,40,32,1,37.4706743,126.9337287,서울특별시 관악구 호암로 600,서울,관악구,신림동,1,독립 매장,749
BBQ-신림5호점,"{'lat': '37.4829691664193', 'lng': '126.916519337787'}","['프랜차이즈', '치킨', '포장']","{'average_rating': 4.3, 'count': 1809, 'image_count': 726, 'reply_count': 178}",4.3,1809,726,178,37.48296917,126.9165193,서울특별시 관악구 관천로11길 152,서울,관악구,신림동,1,독립 매장,112
오로지갈비찜,"{'lat': '37.4911482046109', 'lng': '126.940780432949'}","['한식', '야식', '고기/구이']","{'average_rating': 4.5, 'count': 74, 'image_count': 66, 'reply_count': 0}",4.5,74,66,0,37.4911482,126.9407804,서울특별시 관악구 국회단지27길 15,서울,관악구,봉천동,4,대규모 공유주방,640
카페인중독-낙성대점,"{'lat': '37.475191', 'lng': '126.96628286'}","['카페/디저트', '프랜차이즈', '포장']","{'average_rating': 4.9, 'count': 154, 'image_count': 135, 'reply_count': 15}",4.9,154,135,15,37.475191,126.9662829,서울특별시 관악구 인헌2길 11,서울,관악구,봉천동,1,독립 매장,495
한끼소곱창,"{'lat': '37.4911848', 'lng': '126.94080489'}","['한식', '고기/구이', '포장']","{'average_rating': 4.8, 'count': 42, 'image_count': 41, 'reply_count': 0}",4.8,42,41,0,37.4911848,126.9408049,서울특별시 관악구 국회단지27길 15,서울,관악구,봉천동,1,독립 매장,740
윤이불카츠-봉천점,"{'lat': '37.4882002', 'lng': '126.9592373'}","['한식', '일식/돈까스', '분식', '야식', '포장']","{'average_rating': 4.9, 'count': 23, 'image_count': 17, 'reply_count': 20}",4.9,23,17,20,37.4882002,126.9592373,서울특별시 관악구 청림길 10-1,서울,관악구,봉천동,4,대규모 공유주방,855
닭발공작소-봉천점,"{'lat': '37.4883972', 'lng': '126.95861422'}","['한식', '야식', '포장', '프랜차이즈']","{'average_rating': 5.0, 'count': 95, 'image_count': 104, 'reply_count': 0}",5,95,104,0,37.4883972,126.9586142,서울특별시 관악구 청림길 5,서울,관악구,봉천동,1,독립 매장,596
하이닭,"{'lat': '37.487278', 'lng': '126.94901357'}","['치킨', '포장', '야식']","{'average_rating': 5.0, 'count': 24, 'image_count': 18, 'reply_count': 24}",5,24,18,24,37.487278,126.9490136,서울특별시 관악구 은천로25길 9-2,서울,관악구,봉천동,1,독립 매장,841
레코드피자-신림점,"{'lat': '37.4693486', 'lng': '126.93903518'}","['피자/양식', '버거', '치킨', '포장', '야식', '프랜차이즈']","{'average_rating': 5.0, 'count': 103, 'image_count': 90, 'reply_count': 102}",5,103,90,102,37.4693486,126.9390352,서울특별시 관악구 대학5길 23,서울,관악구,신림동,3,소규모 샵인샵,582
구영회참치앤초밥,"{'lat': '37.4818206992352', 'lng': '126.929215598753'}","['일식/돈까스', '회/초밥', '포장']","{'average_rating': 4.9, 'count': 515, 'image_count': 462, 'reply_count': 225}",4.9,515,462,225,37.4818207,126.9292156,서울특별시 관악구 신원로 34,서울,관악구,신림동,1,독립 매장,276
아가씨김밥,"{'lat': '37.4832817', 'lng': '126.94627803'}","['한식', '분식']","{'average_rating': 4.8, 'count': 1241, 'image_count': 879, 'reply_count': 222}",4.8,1241,879,222,37.4832817,126.946278,서울특별시 관악구 양녕로 13,서울,관악구,봉천동,3,소규모 샵인샵,142
교촌치킨-신림2호점,"{'lat': '37.4772663112554', 'lng': '126.915736993899'}","['야식', '프랜차이즈', '치킨', '포장']","{'average_rating': 4.8, 'count': 858, 'image_count': 616, 'reply_count': 41}",4.8,858,616,41,37.47726631,126.915737,서울특별시 관악구 난곡로 262,서울,관악구,신림동,1,독립 매장,195
헤비한끼오므라이스&파스타-신림점,"{'lat': '37.479343', 'lng': '126.9269165'}","['피자/양식', '한식', '일식/돈까스', '포장', '1인분주문', '신규맛집']","{'average_rating': 5.0, 'count': 2, 'image_count': 2, 'reply_count': 2}",5,2,2,2,37.479343,126.9269165,서울특별시 관악구 문성로 209,서울,관악구,신림동,3,소규모 샵인샵,1095
정가네왕갈비탕,"{'lat': '37.4720438', 'lng': '126.93264986'}","['찜/탕', '한식', '포장']","{'average_rating': 5.0, 'count': 1, 'image_count': 0, 'reply_count': 0}",5,1,0,0,37.4720438,126.9326499,서울특별시 관악구 양산길 46,서울,관악구,신림동,1,독립 매장,1131
냉면특공대-서울대직영점,"{'lat': '37.4853989', 'lng': '126.95637958'}","['포장', '1인분주문', '한식', '분식']","{'average_rating': 4.9, 'count': 68, 'image_count': 50, 'reply_count': 50}",4.9,68,50,50,37.4853989,126.9563796,서울특별시 관악구 관악로 236,서울,관악구,봉천동,5,대규모 공유주방,651
설빙-신림점,"{'lat': '37.4838658', 'lng': '126.92829973'}","['카페/디저트', '프랜차이즈']","{'average_rating': 5.0, 'count': 1, 'image_count': 0, 'reply_count': 0}",5,1,0,0,37.4838658,126.9282997,서울특별시 관악구 남부순환로 1598,서울,관악구,신림동,1,독립 매장,1131
호랑이삼겹살,"{'lat': '37.4760831', 'lng': '126.9386516'}","['한식', '고기/구이', '도시락/죽', '포장', '야식']","{'average_rating': 4.9, 'count': 16, 'image_count': 18, 'reply_count': 3}",4.9,16,18,3,37.4760831,126.9386516,서울특별시 관악구 신림로36길 21,서울,관악구,신림동,3,소규모 샵인샵,910
굿찜-신림점,"{'lat': '37.4683544', 'lng': '126.93640371'}","['찜/탕', '한식', '고기/구이', '야식', '포장', '1인분주문']","{'average_rating': 4.9, 'count': 191, 'image_count': 175, 'reply_count': 190}",4.9,191,175,190,37.4683544,126.9364037,서울특별시 관악구 신림로17길 53,서울,관악구,신림동,2,소규모 샵인샵,463
경아식당-신림점,"{'lat': '37.4824783', 'lng': '126.9295042'}","['한식', '분식', '고기/구이', '포장', '야식', '프랜차이즈']","{'average_rating': 5.0, 'count': 1, 'image_count': 1, 'reply_count': 0}",5,1,1,0,37.4824783,126.9295042,서울특별시 관악구 신림로59길 15-20,서울,관악구,신림동,2,소규모 샵인샵,1131
피나치공-서울대점,"{'lat': '37.470258', 'lng': '126.93402798'}","['피자/양식', '치킨', '포장', '프랜차이즈']","{'average_rating': 4.7, 'count': 63, 'image_count': 64, 'reply_count': 0}",4.7,63,64,0,37.470258,126.934028,서울특별시 관악구 호암로26가길 11,서울,관악구,신림동,1,독립 매장,667
브런치키스,"{'lat': '37.4853103671555', 'lng': '126.915905392221'}","['카페/디저트', '샐러드', '샌드위치']","{'average_rating': 5.0, 'count': 86, 'image_count': 86, 'reply_count': 8}",5,86,86,8,37.48531037,126.9159054,서울특별시 관악구 조원로 123,서울,관악구,신림동,1,독립 매장,611
무한대로김치찜-신림점,"{'lat': '37.4871239', 'lng': '126.92836606'}","['찜/탕', '한식', '포장', '야식', '1인분주문', '신규맛집']","{'average_rating': 5.0, 'count': 1, 'image_count': 2, 'reply_count': 1}",5,1,2,1,37.4871239,126.9283661,서울특별시 관악구 신림동1길 7,서울,관악구,신림동,8,대규모 공유주방,1131
교촌치킨-봉천2호점,"{'lat': '37.479271776326', 'lng': '126.958706841803'}","['프랜차이즈', '치킨', '포장']","{'average_rating': 5.0, 'count': 2190, 'image_count': 1759, 'reply_count': 1956}",5,2190,1759,1956,37.47927178,126.9587068,서울특별시 관악구 남부순환로 1881,서울,관악구,봉천동,1,독립 매장,93
악동부대찌개-봉천점,"{'lat': '37.485138', 'lng': '126.95747545'}","['찜/탕', '한식', '프랜차이즈', '고기/구이', '야식', '포장']","{'average_rating': 5.0, 'count': 47, 'image_count': 35, 'reply_count': 0}",5,47,35,0,37.485138,126.9574755,서울특별시 관악구 관악로28길 22,서울,관악구,봉천동,9,대규모 공유주방,720
닭들의전쟁,"{'lat': '37.4797711537112', 'lng': '126.911739259336'}","['한식', '야식', '고기/구이', '찜/탕']","{'average_rating': 4.5, 'count': 153, 'image_count': 82, 'reply_count': 120}",4.5,153,82,120,37.47977115,126.9117393,서울특별시 관악구 남부순환로142길 31,서울,관악구,신림동,4,대규모 공유주방,498
홍푸차이,"{'lat': '37.4828072', 'lng': '126.91863899'}","['중국집', '포장']","{'average_rating': 4.9, 'count': 76, 'image_count': 63, 'reply_count': 65}",4.9,76,63,65,37.4828072,126.918639,서울특별시 관악구 남부순환로 1513,서울,관악구,신림동,1,독립 매장,634
타코구조대-신림점,"{'lat': '37.4773987', 'lng': '126.9376734'}","['분식', '일식/돈까스', '야식', '치킨', '포장']","{'average_rating': 5.0, 'count': 1, 'image_count': 1, 'reply_count': 0}",5,1,1,0,37.4773987,126.9376734,서울특별시 관악구 쑥고개로 3,서울,관악구,신림동,3,소규모 샵인샵,1131
가마솥장우왕족발-신림점,"{'lat': '37.4721622178547', 'lng': '126.933099237014'}","['포장', '족발/보쌈']","{'average_rating': 4.9, 'count': 996, 'image_count': 810, 'reply_count': 49}",4.9,996,810,49,37.47216222,126.9330992,서울특별시 관악구 양지길 2,서울,관악구,신림동,1,독립 매장,170
일품숯불갈비-서울대직영점,"{'lat': '37.4853989', 'lng': '126.95637958'}","['한식', '고기/구이', '포장', '1인분주문', '신규맛집']","{'average_rating': 0.0, 'count': 0, 'image_count': 0, 'reply_count': 0}",0,0,0,0,37.4853989,126.9563796,서울특별시 관악구 관악로 236,서울,관악구,봉천동,5,대규모 공유주방,1178
진교동조선김치찜-관악점,"{'lat': '37.4865123', 'lng': '126.9416755'}","['찜/탕', '한식', '포장']","{'average_rating': 0.0, 'count': 0, 'image_count': 0, 'reply_count': 0}",0,0,0,0,37.4865123,126.9416755,서울특별시 관악구 국회단지2길 40,서울,관악구,봉천동,5,대규모 공유주방,1178
아빠네불닭발-관악점,"{'lat': '37.4767507', 'lng': '126.95422398'}","['한식', '고기/구이', '포장', '분식']","{'average_rating': 5.0, 'count': 25, 'image_count': 19, 'reply_count': 24}",5,25,19,24,37.4767507,126.954224,서울특별시 관악구 남부순환로228길 69,서울,관악구,봉천동,3,소규모 샵인샵,830
플로레스타229,"{'lat': '37.4793083045647', 'lng': '126.929288939835'}","['카페/디저트', '포장']","{'average_rating': 5.0, 'count': 3, 'image_count': 2, 'reply_count': 0}",5,3,2,0,37.4793083,126.9292889,서울특별시 관악구 문성로 229,서울,관악구,신림동,1,독립 매장,1072
닭가대표숯불직화구이치킨-관악점,"{'lat': '37.4799033', 'lng': '126.95512068'}","['프랜차이즈', '치킨', '포장', '야식', '분식', '고기/구이']","{'average_rating': 4.9, 'count': 610, 'image_count': 524, 'reply_count': 599}",4.9,610,524,599,37.4799033,126.9551207,서울특별시 관악구 남부순환로 1848-6,서울,관악구,봉천동,1,독립 매장,245
7번방의도시락선물-신림본점,"{'lat': '37.4838803', 'lng': '126.93991232'}","['한식', '고기/구이', '도시락/죽', '야식']","{'average_rating': 5.0, 'count': 8, 'image_count': 14, 'reply_count': 8}",5,8,14,8,37.4838803,126.9399123,서울특별시 관악구 봉천로 360-1,서울,관악구,봉천동,3,소규모 샵인샵,979
이선생듬뿍주는김치찜-신림점,"{'lat': '37.4691477', 'lng': '126.9365295'}","['찜/탕', '한식', '야식', '포장', '신규맛집']","{'average_rating': 0.0, 'count': 0, 'image_count': 0, 'reply_count': 0}",0,0,0,0,37.4691477,126.9365295,서울특별시 관악구 대학6길 22,서울,관악구,신림동,1,독립 매장,1178
땅스즉석떡볶이-봉천역점,"{'lat': '37.4819733', 'lng': '126.94378647'}","['분식', '프랜차이즈', '포장', '찜/탕']","{'average_rating': 5.0, 'count': 6, 'image_count': 4, 'reply_count': 6}",5,6,4,6,37.4819733,126.9437865,서울특별시 관악구 남부순환로 1744-1,서울,관악구,봉천동,2,소규모 샵인샵,1009
제육이네국물두루치기-신림점,"{'lat': '37.4799186', 'lng': '126.91165005'}","['한식', '고기/구이', '포장', '프랜차이즈']","{'average_rating': 5.0, 'count': 6, 'image_count': 16, 'reply_count': 5}",5,6,16,5,37.4799186,126.9116501,서울특별시 관악구 남부순환로142길 27,서울,관악구,신림동,2,소규모 샵인샵,1009
굽네치킨&피자-성현점,"{'lat': '37.4869717', 'lng': '126.94890921'}","['피자/양식', '야식', '프랜차이즈', '치킨', '포장']","{'average_rating': 4.8, 'count': 2468, 'image_count': 1836, 'reply_count': 799}",4.8,2468,1836,799,37.4869717,126.9489092,서울특별시 관악구 은천로25길 3,서울,관악구,봉천동,1,독립 매장,81
요아정-서울대벤처타운역점,"{'lat': '37.4686852', 'lng': '126.93619782'}","['카페/디저트', '포장', '프랜차이즈']","{'average_rating': 4.9, 'count': 55, 'image_count': 49, 'reply_count': 29}",4.9,55,49,29,37.4686852,126.9361978,서울특별시 관악구 호암로22길 61,서울,관악구,신림동,2,소규모 샵인샵,696
포엠쓰리-신림점,"{'lat': '37.4672459', 'lng': '126.93768152'}","['중국집', '야식', '아시안', '포장']","{'average_rating': 4.8, 'count': 625, 'image_count': 594, 'reply_count': 554}",4.8,625,594,554,37.4672459,126.9376815,서울특별시 관악구 대학길 77,서울,관악구,신림동,1,독립 매장,242
안녕하새우-신림점,"{'lat': '37.4797853', 'lng': '126.94277726'}","['분식', '일식/돈까스', '회/초밥', '야식', '프랜차이즈']","{'average_rating': 5.0, 'count': 2, 'image_count': 1, 'reply_count': 2}",5,2,1,2,37.4797853,126.9427773,서울특별시 관악구 쑥고개로 57,서울,관악구,봉천동,2,소규모 샵인샵,1095
피자어때-관악점,"{'lat': '37.48002187615634', 'lng': '126.9330862880287'}","['피자/양식', '야식', '포장']","{'average_rating': 5.0, 'count': 4, 'image_count': 3, 'reply_count': 4}",5,4,3,4,37.48002188,126.9330863,서울특별시 관악구 신림로48길 17-20,서울,관악구,신림동,3,소규모 샵인샵,1046
김선생불닭발-관악점,"{'lat': '37.4686183', 'lng': '126.93559228'}","['한식', '고기/구이', '포장', '야식', '분식', '프랜차이즈']","{'average_rating': 4.9, 'count': 65, 'image_count': 62, 'reply_count': 40}",4.9,65,62,40,37.4686183,126.9355923,서울특별시 관악구 호암로22길 52,서울,관악구,신림동,3,소규모 샵인샵,663
무적치킨-관악점,"{'lat': '37.4835787', 'lng': '126.94354311'}","['피자/양식', '치킨', '포장', '프랜차이즈', '신규맛집']","{'average_rating': 4.5, 'count': 2, 'image_count': 1, 'reply_count': 2}",4.5,2,1,2,37.4835787,126.9435431,서울특별시 관악구 봉천로33길 7,서울,관악구,봉천동,6,대규모 공유주방,1095
미식가의1인닭도리1인찜닭,"{'lat': '37.4807732', 'lng': '126.94581927'}","['포장', '한식', '야식', '찜/탕']","{'average_rating': 4.6, 'count': 132, 'image_count': 91, 'reply_count': 1}",4.6,132,91,1,37.4807732,126.9458193,서울특별시 관악구 청룡4길 5,서울,관악구,봉천동,3,소규모 샵인샵,531
BRsingles-신림점,"{'lat': '37.4821433655296', 'lng': '126.929667127465'}","['카페/디저트', '프랜차이즈', '포장', '1인분주문']","{'average_rating': 5.0, 'count': 6, 'image_count': 3, 'reply_count': 0}",5,6,3,0,37.48214337,126.9296671,서울특별시 관악구 신림로 311,서울,관악구,신림동,2,소규모 샵인샵,1009
바론참치,"{'lat': '37.4845375267742', 'lng': '126.955643468119'}","['포장', '일식/돈까스', '회/초밥']","{'average_rating': 4.9, 'count': 460, 'image_count': 385, 'reply_count': 77}",4.9,460,385,77,37.48453753,126.9556435,서울특별시 관악구 관악로 224,서울,관악구,봉천동,1,독립 매장,299
오태식해바라기치킨-관악점,"{'lat': '37.4773987', 'lng': '126.9376734'}","['포장', '프랜차이즈', '치킨', '야식', '1인분주문']","{'average_rating': 4.7, 'count': 185, 'image_count': 119, 'reply_count': 117}",4.7,185,119,117,37.4773987,126.9376734,서울특별시 관악구 쑥고개로 3,서울,관악구,신림동,3,소규모 샵인샵,466
예이KEEPEATING-서울대입구점,"{'lat': '37.4877201', 'lng': '126.95992422'}","['피자/양식', '카페/디저트', '일식/돈까스', '포장']","{'average_rating': 5.0, 'count': 44, 'image_count': 38, 'reply_count': 39}",5,44,38,39,37.4877201,126.9599242,서울특별시 관악구 청림6길 3,서울,관악구,봉천동,7,대규모 공유주방,735
최마라마라탕&마라샹궈-본점,"{'lat': '37.4823278', 'lng': '126.9445969'}","['중국집', '찜/탕', '아시안', '포장', '야식']","{'average_rating': 5.0, 'count': 31, 'image_count': 26, 'reply_count': 5}",5,31,26,5,37.4823278,126.9445969,서울특별시 관악구 남부순환로 1749,서울,관악구,봉천동,1,독립 매장,791
위대한냉면-관악점,"{'lat': '37.4797687', 'lng': '126.95751774'}","['한식', '분식', '고기/구이', '포장', '1인분주문']","{'average_rating': 5.0, 'count': 4, 'image_count': 3, 'reply_count': 0}",5,4,3,0,37.4797687,126.9575177,서울특별시 관악구 남부순환로 1869,서울,관악구,봉천동,10,대규모 공유주방,1046
샐러리아샐러드&포케-서울대입구점,"{'lat': '37.4802333', 'lng': '126.95124352'}","['샐러드', '카페/디저트', '샌드위치', '포장', '프랜차이즈']","{'average_rating': 4.9, 'count': 7, 'image_count': 7, 'reply_count': 0}",4.9,7,7,0,37.4802333,126.9512435,서울특별시 관악구 관악로15길 21,서울,관악구,봉천동,1,독립 매장,991
갱상북도청도미나리삼겹-신림점,"{'lat': '37.4869178', 'lng': '126.93873563'}","['찜/탕', '한식', '고기/구이', '야식', '포장', '프랜차이즈']","{'average_rating': 1.0, 'count': 1, 'image_count': 0, 'reply_count': 1}",1,1,0,1,37.4869178,126.9387356,서울특별시 관악구 봉천로23나길 59,서울,관악구,봉천동,1,독립 매장,1131
감탄계숯불치킨-봉천점,"{'lat': '37.4865276', 'lng': '126.95840221'}","['고기/구이', '프랜차이즈', '도시락/죽', '치킨', '포장', '야식', '신규맛집']","{'average_rating': 5.0, 'count': 3, 'image_count': 2, 'reply_count': 0}",5,3,2,0,37.4865276,126.9584022,서울특별시 관악구 관악로30길 11-1,서울,관악구,봉천동,2,소규모 샵인샵,1072
돼찜돼지품은김치찜-신림점,"{'lat': '37.4683544', 'lng': '126.93640371'}","['찜/탕', '한식', '포장', '야식', '1인분주문']","{'average_rating': 4.8, 'count': 18, 'image_count': 19, 'reply_count': 18}",4.8,18,19,18,37.4683544,126.9364037,서울특별시 관악구 신림로17길 53,서울,관악구,신림동,2,소규모 샵인샵,894
스시마케또-봉천본점,"{'lat': '37.4834714', 'lng': '126.94325036'}","['일식/돈까스', '회/초밥', '포장']","{'average_rating': 4.9, 'count': 12, 'image_count': 10, 'reply_count': 0}",4.9,12,10,0,37.4834714,126.9432504,서울특별시 관악구 봉천로 391,서울,관악구,봉천동,3,소규모 샵인샵,943
백억커피-신림난곡점,"{'lat': '37.4750768', 'lng': '126.91701944'}","['카페/디저트', '프랜차이즈', '야식']","{'average_rating': 5.0, 'count': 33, 'image_count': 28, 'reply_count': 0}",5,33,28,0,37.4750768,126.9170194,서울특별시 관악구 난곡로 232-1,서울,관악구,신림동,1,독립 매장,781
맘스터치피자앤치킨-서울대입구역점,"{'lat': '37.4821878', 'lng': '126.95363005'}","['피자/양식', '프랜차이즈', '포장']","{'average_rating': 4.1, 'count': 55, 'image_count': 56, 'reply_count': 0}",4.1,55,56,0,37.4821878,126.9536301,서울특별시 관악구 관악로 192,서울,관악구,봉천동,1,독립 매장,696
서가숯불닭갈비막국수,"{'lat': '37.4690446022846', 'lng': '126.938905814359'}","['한식', '고기/구이', '포장', '야식']","{'average_rating': 4.7, 'count': 465, 'image_count': 455, 'reply_count': 204}",4.7,465,455,204,37.4690446,126.9389058,서울특별시 관악구 신림로11길 31,서울,관악구,신림동,1,독립 매장,297
최희성고려왕족발,"{'lat': '37.481517', 'lng': '126.94652264'}","['한식', '족발/보쌈', '야식']","{'average_rating': 4.8, 'count': 57, 'image_count': 53, 'reply_count': 23}",4.8,57,53,23,37.481517,126.9465226,서울특별시 관악구 청룡길 9,서울,관악구,봉천동,2,소규모 샵인샵,688
아구세상-봉천점,"{'lat': '37.4832355438874', 'lng': '126.940984093633'}","['한식', '찜/탕', '프랜차이즈']","{'average_rating': 4.9, 'count': 65, 'image_count': 55, 'reply_count': 0}",4.9,65,55,0,37.48323554,126.9409841,서울특별시 관악구 남부순환로 1713-20,서울,관악구,봉천동,1,독립 매장,663
박종주반죽소-신림점,"{'lat': '37.4743735', 'lng': '126.91926479'}","['찜/탕', '한식', '분식', '포장']","{'average_rating': 5.0, 'count': 1, 'image_count': 1, 'reply_count': 0}",5,1,1,0,37.4743735,126.9192648,서울특별시 관악구 법원단지길 27,서울,관악구,신림동,1,독립 매장,1131
밥부르기니-신림점,"{'lat': '37.4871239', 'lng': '126.92836606'}","['한식', '포장', '야식', '프랜차이즈', '1인분주문', '신규맛집']","{'average_rating': 0.0, 'count': 0, 'image_count': 0, 'reply_count': 0}",0,0,0,0,37.4871239,126.9283661,서울특별시 관악구 신림동1길 7,서울,관악구,신림동,8,대규모 공유주방,1178
사골집-서울대입구역점,"{'lat': '37.4805773', 'lng': '126.94742874'}","['찜/탕', '한식', '포장', '야식']","{'average_rating': 5.0, 'count': 5, 'image_count': 2, 'reply_count': 0}",5,5,2,0,37.4805773,126.9474287,서울특별시 관악구 청룡3길 22,서울,관악구,봉천동,9,대규모 공유주방,1025
BHC-신림난우점,"{'lat': '37.4703959', 'lng': '126.91962021'}","['프랜차이즈', '치킨', '포장']","{'average_rating': 5.0, 'count': 282, 'image_count': 250, 'reply_count': 11}",5,282,250,11,37.4703959,126.9196202,서울특별시 관악구 난곡로 171,서울,관악구,신림동,1,독립 매장,378
맛공방,"{'lat': '37.479343', 'lng': '126.9269165'}","['찜/탕', '한식', '포장', '1인분주문', '도시락/죽']","{'average_rating': 5.0, 'count': 52, 'image_count': 50, 'reply_count': 52}",5,52,50,52,37.479343,126.9269165,서울특별시 관악구 문성로 209,서울,관악구,신림동,3,소규모 샵인샵,705
돈까스튀기는형-관악점,"{'lat': '37.4743957', 'lng': '126.91606737'}","['한식', '분식', '일식/돈까스', '프랜차이즈']","{'average_rating': 5.0, 'count': 348, 'image_count': 281, 'reply_count': 302}",5,348,281,302,37.4743957,126.9160674,서울특별시 관악구 미성길 15,서울,관악구,신림동,1,독립 매장,333
김사부의곱창명가-관악점,"{'lat': '37.4686183', 'lng': '126.93559228'}","['고기/구이', '포장', '야식', '한식', '분식', '프랜차이즈']","{'average_rating': 4.9, 'count': 27, 'image_count': 27, 'reply_count': 7}",4.9,27,27,7,37.4686183,126.9355923,서울특별시 관악구 호암로22길 52,서울,관악구,신림동,3,소규모 샵인샵,818
푸짐한찜탕,"{'lat': '37.4797711537112', 'lng': '126.911739259336'}","['한식', '야식', '고기/구이', '찜/탕']","{'average_rating': 4.2, 'count': 75, 'image_count': 54, 'reply_count': 49}",4.2,75,54,49,37.47977115,126.9117393,서울특별시 관악구 남부순환로142길 31,서울,관악구,신림동,4,대규모 공유주방,637
핫오리-신대방점,"{'lat': '37.4866800136287', 'lng': '126.915032406647'}","['중국집', '야식', '프랜차이즈']","{'average_rating': 4.7, 'count': 24, 'image_count': 10, 'reply_count': 2}",4.7,24,10,2,37.48668001,126.9150324,서울특별시 관악구 신사로10길 21,서울,관악구,신림동,1,독립 매장,841
스시요일 본점,"{'lat': '37.4859944', 'lng': '126.92117477'}","['회/초밥', '포장', '야식', '찜/탕', '일식/돈까스']","{'average_rating': 4.7, 'count': 29, 'image_count': 24, 'reply_count': 10}",4.7,29,24,10,37.4859944,126.9211748,서울특별시 관악구 조원로 170,서울,관악구,신림동,8,대규모 공유주방,803
리얼피자-신림점,"{'lat': '37.4738482979527', 'lng': '126.938648603932'}","['피자/양식', '포장', '야식']","{'average_rating': 5.0, 'count': 3029, 'image_count': 2926, 'reply_count': 577}",5,3029,2926,577,37.4738483,126.9386486,서울특별시 관악구 서림길 53,서울,관악구,신림동,1,독립 매장,64
이게김치찌개&김치찜-신림점,"{'lat': '37.4841958', 'lng': '126.92511351'}","['찜/탕', '한식', '고기/구이', '포장', '야식', '1인분주문']","{'average_rating': 5.0, 'count': 9, 'image_count': 6, 'reply_count': 0}",5,9,6,0,37.4841958,126.9251135,서울특별시 관악구 관천로 59,서울,관악구,신림동,4,대규모 공유주방,975
BHC-봉천청림점,"{'lat': '37.4882002', 'lng': '126.9592373'}","['프랜차이즈', '치킨', '포장']","{'average_rating': 4.9, 'count': 416, 'image_count': 368, 'reply_count': 0}",4.9,416,368,0,37.4882002,126.9592373,서울특별시 관악구 청림길 10-1,서울,관악구,봉천동,4,대규모 공유주방,314
후라이드치킨ZIP-직영점,"{'lat': '37.4807673', 'lng': '126.90445923'}","['한식', '치킨', '포장', '프랜차이즈', '야식']","{'average_rating': 4.6, 'count': 22, 'image_count': 17, 'reply_count': 4}",4.6,22,17,4,37.4807673,126.9044592,서울특별시 관악구 조원중앙로 9,서울,관악구,신림동,3,소규모 샵인샵,862
선넘는고기냉면-관악점,"{'lat': '37.4794155', 'lng': '126.94194469'}","['한식', '분식', '고기/구이', '야식', '포장', '프랜차이즈']","{'average_rating': 4.2, 'count': 10, 'image_count': 9, 'reply_count': 6}",4.2,10,9,6,37.4794155,126.9419447,서울특별시 관악구 쑥고개로 48,서울,관악구,봉천동,9,대규모 공유주방,964
갓피자-신림점,"{'lat': '37.4693486', 'lng': '126.93903518'}","['피자/양식', '버거', '치킨', '포장', '야식']","{'average_rating': 5.0, 'count': 24, 'image_count': 23, 'reply_count': 23}",5,24,23,23,37.4693486,126.9390352,서울특별시 관악구 대학5길 23,서울,관악구,신림동,3,소규모 샵인샵,841
용용마라탕-봉천점,"{'lat': '37.4880808', 'lng': '126.95986787'}","['중국집', '찜/탕', '아시안', '야식']","{'average_rating': 4.9, 'count': 1097, 'image_count': 896, 'reply_count': 42}",4.9,1097,896,42,37.4880808,126.9598679,서울특별시 관악구 청림길 18,서울,관악구,봉천동,1,독립 매장,161
감탄계덮밥-봉천점,"{'lat': '37.4865276', 'lng': '126.95840221'}","['한식', '치킨', '포장', '야식', '신규맛집']","{'average_rating': 0.0, 'count': 0, 'image_count': 0, 'reply_count': 0}",0,0,0,0,37.4865276,126.9584022,서울특별시 관악구 관악로30길 11-1,서울,관악구,봉천동,2,소규모 샵인샵,1178
진우리참치,"{'lat': '37.4818792', 'lng': '126.95219031'}","['일식/돈까스', '회/초밥', '포장']","{'average_rating': 4.9, 'count': 138, 'image_count': 125, 'reply_count': 137}",4.9,138,125,137,37.4818792,126.9521903,서울특별시 관악구 봉천로 472,서울,관악구,봉천동,1,독립 매장,523
미식가의1인밥상-관악점,"{'lat': '37.4807732', 'lng': '126.94581927'}","['포장', '한식', '야식', '1인분주문']","{'average_rating': 4.7, 'count': 139, 'image_count': 106, 'reply_count': 2}",4.7,139,106,2,37.4807732,126.9458193,서울특별시 관악구 청룡4길 5,서울,관악구,봉천동,3,소규모 샵인샵,520
돈까스연구소-관악점,"{'lat': '37.4797687', 'lng': '126.95751774'}","['한식', '분식', '일식/돈까스', '포장', '1인분주문']","{'average_rating': 4.8, 'count': 12, 'image_count': 6, 'reply_count': 0}",4.8,12,6,0,37.4797687,126.9575177,서울특별시 관악구 남부순환로 1869,서울,관악구,봉천동,10,대규모 공유주방,943
쇼랜드치킨-신림점,"{'lat': '37.4681607647431', 'lng': '126.937786905109'}","['포장', '야식', '치킨']","{'average_rating': 4.9, 'count': 809, 'image_count': 640, 'reply_count': 66}",4.9,809,640,66,37.46816076,126.9377869,서울특별시 관악구 대학길 57,서울,관악구,신림동,1,독립 매장,207
탕수육가장잘튀기는집-구로독산점,"{'lat': '37.4807673', 'lng': '126.90445923'}","['피자/양식', '한식', '포장', '프랜차이즈', '야식']","{'average_rating': 4.8, 'count': 28, 'image_count': 18, 'reply_count': 4}",4.8,28,18,4,37.4807673,126.9044592,서울특별시 관악구 조원중앙로 9,서울,관악구,신림동,3,소규모 샵인샵,810
준호네김치찜-관악점,"{'lat': '37.4767507', 'lng': '126.95422398'}","['찜/탕', '한식', '포장']","{'average_rating': 4.9, 'count': 19, 'image_count': 16, 'reply_count': 19}",4.9,19,16,19,37.4767507,126.954224,서울특별시 관악구 남부순환로228길 69,서울,관악구,봉천동,3,소규모 샵인샵,886
서림닭강정-신림점,"{'lat': '37.4748119', 'lng': '126.9376607'}","['분식', '야식', '치킨', '포장']","{'average_rating': 5.0, 'count': 155, 'image_count': 147, 'reply_count': 35}",5,155,147,35,37.4748119,126.9376607,서울특별시 관악구 신림로32길 17,서울,관악구,신림동,1,독립 매장,493
규정각사골김치찜,"{'lat': '37.4760831', 'lng': '126.9386516'}","['찜/탕', '한식', '고기/구이', '포장', '야식', '1인분주문']","{'average_rating': 5.0, 'count': 28, 'image_count': 21, 'reply_count': 15}",5,28,21,15,37.4760831,126.9386516,서울특별시 관악구 신림로36길 21,서울,관악구,신림동,3,소규모 샵인샵,810
찐하오마라탕-봉천점,"{'lat': '37.487221207522985', 'lng': '126.94510789513122'}","['중국집', '아시안', '포장', '프랜차이즈']","{'average_rating': 5.0, 'count': 29, 'image_count': 24, 'reply_count': 3}",5,29,24,3,37.48722121,126.9451079,서울특별시 관악구 은천로 93,서울,관악구,봉천동,1,독립 매장,803
미스터보쌈족발-낙성대점,"{'lat': '37.4741121278347', 'lng': '126.966946460682'}","['족발/보쌈', '프랜차이즈']","{'average_rating': 4.8, 'count': 2172, 'image_count': 1697, 'reply_count': 16}",4.8,2172,1697,16,37.47411213,126.9669465,서울특별시 관악구 인헌길 31,서울,관악구,봉천동,2,소규모 샵인샵,95
베트남쌀국수리얼하노이-봉천점,"{'lat': '37.4686624', 'lng': '126.93886341'}","['한식', '야식', '프랜차이즈', '아시안']","{'average_rating': 4.6, 'count': 73, 'image_count': 54, 'reply_count': 0}",4.6,73,54,0,37.4686624,126.9388634,서울특별시 관악구 신림로11길 41,서울,관악구,신림동,5,대규모 공유주방,642
미로찜닭-봉천점,"{'lat': '37.4882002', 'lng': '126.9592373'}","['찜/탕', '한식', '야식', '포장', '프랜차이즈']","{'average_rating': 4.5, 'count': 6, 'image_count': 2, 'reply_count': 1}",4.5,6,2,1,37.4882002,126.9592373,서울특별시 관악구 청림길 10-1,서울,관악구,봉천동,4,대규모 공유주방,1009
김빙수,"{'lat': '37.4750485', 'lng': '126.93798666'}","['카페/디저트', '야식', '포장']","{'average_rating': 5.0, 'count': 68, 'image_count': 63, 'reply_count': 29}",5,68,63,29,37.4750485,126.9379867,서울특별시 관악구 서림길 23,서울,관악구,신림동,1,독립 매장,651
영구스피자-봉천점,"{'lat': '37.4864981', 'lng': '126.95799034'}","['피자/양식', '포장', '프랜차이즈', '야식']","{'average_rating': 4.7, 'count': 285, 'image_count': 126, 'reply_count': 14}",4.7,285,126,14,37.4864981,126.9579903,서울특별시 관악구 관악로30길 9,서울,관악구,봉천동,2,소규모 샵인샵,373
삼겹패밀리-봉천점,"{'lat': '37.485138', 'lng': '126.95747545'}","['한식', '고기/구이', '족발/보쌈', '야식', '포장', '프랜차이즈']","{'average_rating': 5.0, 'count': 7, 'image_count': 4, 'reply_count': 0}",5,7,4,0,37.485138,126.9574755,서울특별시 관악구 관악로28길 22,서울,관악구,봉천동,9,대규모 공유주방,991
제육홀릭-봉천점,"{'lat': '37.485138', 'lng': '126.95747545'}","['찜/탕', '한식', '프랜차이즈', '고기/구이', '야식', '포장']","{'average_rating': 5.0, 'count': 17, 'image_count': 15, 'reply_count': 1}",5,17,15,1,37.485138,126.9574755,서울특별시 관악구 관악로28길 22,서울,관악구,봉천동,9,대규모 공유주방,900
무한대로김치찜-관악신림점,"{'lat': '37.4871239', 'lng': '126.92836606'}","['찜/탕', '한식', '포장', '야식', '1인분주문', '신규맛집']","{'average_rating': 0.0, 'count': 0, 'image_count': 0, 'reply_count': 0}",0,0,0,0,37.4871239,126.9283661,서울특별시 관악구 신림동1길 7,서울,관악구,신림동,8,대규모 공유주방,1178
썬파닭두마리치킨-관악점,"{'lat': '37.4860897', 'lng': '126.95701787'}","['한식', '야식', '치킨', '포장']","{'average_rating': 4.9, 'count': 86, 'image_count': 77, 'reply_count': 0}",4.9,86,77,0,37.4860897,126.9570179,서울특별시 관악구 관악로 246,서울,관악구,봉천동,1,독립 매장,611
몬스터비-서울대입구역점,"{'lat': '37.4779222', 'lng': '126.95518521'}","['버거', '아시안', '포장', '치킨']","{'average_rating': 4.5, 'count': 13, 'image_count': 21, 'reply_count': 10}",4.5,13,21,10,37.4779222,126.9551852,서울특별시 관악구 남부순환로230길 50,서울,관악구,봉천동,2,소규모 샵인샵,933
내맘대로닭도리탕-신림점,"{'lat': '37.484048', 'lng': '126.92533287'}","['찜/탕', '한식', '포장', '야식']","{'average_rating': 1.0, 'count': 1, 'image_count': 2, 'reply_count': 0}",1,1,2,0,37.484048,126.9253329,서울특별시 관악구 관천로 55,서울,관악구,신림동,2,소규모 샵인샵,1131
두로스피자,"{'lat': '37.4706773', 'lng': '126.93646825'}",['피자/양식'],"{'average_rating': 5.0, 'count': 40, 'image_count': 36, 'reply_count': 22}",5,40,36,22,37.4706773,126.9364683,서울특별시 관악구 신림로 115,서울,관악구,신림동,2,소규모 샵인샵,749
윤이불닭발-신림지점,"{'lat': '37.481777', 'lng': '126.91100129'}","['한식', '고기/구이', '포장', '야식', '프랜차이즈']","{'average_rating': 4.0, 'count': 3, 'image_count': 3, 'reply_count': 0}",4,3,3,0,37.481777,126.9110013,서울특별시 관악구 남부순환로143길 10,서울,관악구,신림동,1,독립 매장,1072
한식패밀리-봉천점,"{'lat': '37.485138', 'lng': '126.95747545'}","['한식', '도시락/죽', '고기/구이', '야식', '포장']","{'average_rating': 4.9, 'count': 8, 'image_count': 8, 'reply_count': 0}",4.9,8,8,0,37.485138,126.9574755,서울특별시 관악구 관악로28길 22,서울,관악구,봉천동,9,대규모 공유주방,979
김피탕잘하는집,"{'lat': '37.4762313', 'lng': '126.93748646'}","['분식', '야식', '포장', '찜/탕', '중국집']","{'average_rating': 4.6, 'count': 127, 'image_count': 99, 'reply_count': 3}",4.6,127,99,3,37.4762313,126.9374865,서울특별시 관악구 신림로 210-1,서울,관악구,신림동,2,소규모 샵인샵,544
1인토핑몬피자TMPPIZZA-관악점,"{'lat': '37.4835787', 'lng': '126.94354311'}","['피자/양식', '치킨', '포장', '프랜차이즈', '신규맛집']","{'average_rating': 4.5, 'count': 2, 'image_count': 2, 'reply_count': 2}",4.5,2,2,2,37.4835787,126.9435431,서울특별시 관악구 봉천로33길 7,서울,관악구,봉천동,6,대규모 공유주방,1095
히포커피-신림점,"{'lat': '37.4719074', 'lng': '126.93877266'}","['분식', '카페/디저트', '샌드위치', '포장']","{'average_rating': 0.0, 'count': 0, 'image_count': 0, 'reply_count': 0}",0,0,0,0,37.4719074,126.9387727,서울특별시 관악구 신림로12길 25,서울,관악구,신림동,1,독립 매장,1178
파닭먹는날-관악동작점,"{'lat': '37.4864689', 'lng': '126.93686058'}","['치킨', '포장']","{'average_rating': 4.1, 'count': 243, 'image_count': 49, 'reply_count': 0}",4.1,243,49,0,37.4864689,126.9368606,서울특별시 관악구 은천로 13-1,서울,관악구,봉천동,5,대규모 공유주방,418
아빠네김치찜-관악점,"{'lat': '37.4767507', 'lng': '126.95422398'}","['찜/탕', '한식', '분식', '포장', '야식']","{'average_rating': 5.0, 'count': 40, 'image_count': 29, 'reply_count': 40}",5,40,29,40,37.4767507,126.954224,서울특별시 관악구 남부순환로228길 69,서울,관악구,봉천동,3,소규모 샵인샵,749
푸줏간육회,"{'lat': '37.4873822', 'lng': '126.94822192'}","['한식', '야식', '일식/돈까스', '회/초밥', '포장']","{'average_rating': 4.9, 'count': 75, 'image_count': 63, 'reply_count': 67}",4.9,75,63,67,37.4873822,126.9482219,서울특별시 관악구 은천로23길 16,서울,관악구,봉천동,4,대규모 공유주방,637
백억커피-서울대입구역점,"{'lat': '37.4811701', 'lng': '126.9502849'}","['포장', '카페/디저트', '프랜차이즈']","{'average_rating': 5.0, 'count': 25, 'image_count': 18, 'reply_count': 16}",5,25,18,16,37.4811701,126.9502849,서울특별시 관악구 남부순환로 1802,서울,관악구,봉천동,1,독립 매장,830
맛단(맛있는다이어트식단)-서울대입구점,"{'lat': '37.4840831', 'lng': '126.95289648'}","['피자/양식', '샐러드', '한식', '야식', '포장', '신규맛집']","{'average_rating': 5.0, 'count': 1, 'image_count': 1, 'reply_count': 0}",5,1,1,0,37.4840831,126.9528965,서울특별시 관악구 중앙길 29,서울,관악구,봉천동,1,독립 매장,1131
국밥공간,"{'lat': '37.4827234', 'lng': '126.9389561'}","['찜/탕', '한식', '고기/구이', '포장', '신규맛집']","{'average_rating': 0.0, 'count': 0, 'image_count': 0, 'reply_count': 0}",0,0,0,0,37.4827234,126.9389561,서울특별시 관악구 장군봉2길 23,서울,관악구,봉천동,1,독립 매장,1178
등촌샤브칼국수-서울대입구역점,"{'lat': '37.479921', 'lng': '126.95555797'}","['찜/탕', '고기/구이', '포장', '프랜차이즈']","{'average_rating': 4.9, 'count': 17, 'image_count': 11, 'reply_count': 0}",4.9,17,11,0,37.479921,126.955558,서울특별시 관악구 남부순환로 1852,서울,관악구,봉천동,1,독립 매장,900
한방구이닭,"{'lat': '37.4851774', 'lng': '126.92406785'}","['한식', '분식', '치킨', '포장', '야식']","{'average_rating': 0.0, 'count': 0, 'image_count': 0, 'reply_count': 0}",0,0,0,0,37.4851774,126.9240679,서울특별시 관악구 관천로 73,서울,관악구,신림동,1,독립 매장,1178
캔시플,"{'lat': '37.4818772', 'lng': '126.94966911'}","['샐러드', '카페/디저트', '샌드위치']","{'average_rating': 5.0, 'count': 325, 'image_count': 280, 'reply_count': 325}",5,325,280,325,37.4818772,126.9496691,서울특별시 관악구 남부순환로 1795,서울,관악구,봉천동,1,독립 매장,349
화정족발-봉천점,"{'lat': '37.4771291687087', 'lng': '126.959371558989'}","['족발/보쌈', '야식']","{'average_rating': 4.9, 'count': 460, 'image_count': 410, 'reply_count': 221}",4.9,460,410,221,37.47712917,126.9593716,서울특별시 관악구 낙성대로 15,서울,관악구,봉천동,1,독립 매장,299
페리카나-신림현대점,"{'lat': '37.4713432711497', 'lng': '126.935879261423'}","['포장', '야식', '프랜차이즈', '치킨']","{'average_rating': 4.9, 'count': 951, 'image_count': 818, 'reply_count': 0}",4.9,951,818,0,37.47134327,126.9358793,서울특별시 관악구 신림로 122,서울,관악구,신림동,1,독립 매장,179
두찜-관악성현점,"{'lat': '37.48706999050147', 'lng': '126.95705695773155'}","['찜/탕', '한식', '프랜차이즈', '포장']","{'average_rating': 4.8, 'count': 96, 'image_count': 80, 'reply_count': 49}",4.8,96,80,49,37.48706999,126.957057,서울 관악구 봉천동 7-126,서울,관악구,봉천동,1,독립 매장,593
낙성대커피집-본점,"{'lat': '37.4757309', 'lng': '126.96438094'}","['분식', '카페/디저트', '포장']","{'average_rating': 4.9, 'count': 28, 'image_count': 26, 'reply_count': 1}",4.9,28,26,1,37.4757309,126.9643809,서울특별시 관악구 남부순환로246길 17,서울,관악구,봉천동,1,독립 매장,810
1인안심탕수육,"{'lat': '37.4686624', 'lng': '126.93886341'}","['중국집', '야식']","{'average_rating': 4.8, 'count': 305, 'image_count': 172, 'reply_count': 1}",4.8,305,172,1,37.4686624,126.9388634,서울특별시 관악구 신림로11길 41,서울,관악구,신림동,5,대규모 공유주방,360
안녕하제육,"{'lat': '37.4760831', 'lng': '126.9386516'}","['한식', '고기/구이', '도시락/죽', '포장', '야식', '1인분주문']","{'average_rating': 5.0, 'count': 40, 'image_count': 32, 'reply_count': 12}",5,40,32,12,37.4760831,126.9386516,서울특별시 관악구 신림로36길 21,서울,관악구,신림동,3,소규모 샵인샵,749
뇩피자-신림점,"{'lat': '37.4693486', 'lng': '126.93903518'}","['피자/양식', '버거', '치킨', '포장', '야식', '프랜차이즈']","{'average_rating': 4.9, 'count': 14, 'image_count': 16, 'reply_count': 14}",4.9,14,16,14,37.4693486,126.9390352,서울특별시 관악구 대학5길 23,서울,관악구,신림동,3,소규모 샵인샵,922
털보닭집-신림직영점,"{'lat': '37.4730346824167', 'lng': '126.932908229156'}","['치킨', '포장']","{'average_rating': 4.9, 'count': 133, 'image_count': 130, 'reply_count': 16}",4.9,133,130,16,37.47303468,126.9329082,서울특별시 관악구 신림로 157,서울,관악구,신림동,1,독립 매장,529
진당숯불치킨&덮밥,"{'lat': '37.4839935', 'lng': '126.92136681'}","['한식', '야식', '치킨', '포장']","{'average_rating': 4.8, 'count': 5, 'image_count': 5, 'reply_count': 5}",4.8,5,5,5,37.4839935,126.9213668,서울특별시 관악구 남부순환로163길 3,서울,관악구,신림동,1,독립 매장,1025
참왕족발보쌈,"{'lat': '37.4816163', 'lng': '126.94190486'}","['한식', '고기/구이', '족발/보쌈', '포장', '야식']","{'average_rating': 4.8, 'count': 25, 'image_count': 26, 'reply_count': 2}",4.8,25,26,2,37.4816163,126.9419049,서울특별시 관악구 장군봉1길 34,서울,관악구,봉천동,1,독립 매장,830
파리바게뜨-당곡사거리점,"{'lat': '37.4906572', 'lng': '126.92757572'}","['샐러드', '카페/디저트', '샌드위치', '프랜차이즈']","{'average_rating': 5.0, 'count': 2, 'image_count': 1, 'reply_count': 0}",5,2,1,0,37.4906572,126.9275757,서울특별시 관악구 보라매로 14,서울,관악구,봉천동,1,독립 매장,1095
한주불닭발,"{'lat': '37.4826926', 'lng': '126.91000798'}","['한식', '분식', '야식', '포장']","{'average_rating': 4.9, 'count': 37, 'image_count': 40, 'reply_count': 37}",4.9,37,40,37,37.4826926,126.910008,서울특별시 관악구 조원로14길 23,서울,관악구,신림동,1,독립 매장,766
"육개장전문,육도장-서울대입구점","{'lat': '37.4826851', 'lng': '126.95631086'}","['찜/탕', '한식', '분식', '야식', '포장']","{'average_rating': 4.6, 'count': 35, 'image_count': 15, 'reply_count': 7}",4.6,35,15,7,37.4826851,126.9563109,서울특별시 관악구 행운1길 94,서울,관악구,봉천동,3,소규모 샵인샵,775
신전떡볶이-낙성대점,"{'lat': '37.4757142', 'lng': '126.9655009'}","['분식', '프랜차이즈', '포장']","{'average_rating': 4.8, 'count': 742, 'image_count': 490, 'reply_count': 287}",4.8,742,490,287,37.4757142,126.9655009,서울특별시 관악구 봉천로 615,서울,관악구,봉천동,1,독립 매장,221
신센라멘-신림점,"{'lat': '37.4743559', 'lng': '126.93838287'}","['아시안', '분식', '일식/돈까스', '포장', '신규맛집']","{'average_rating': 0.0, 'count': 0, 'image_count': 0, 'reply_count': 0}",0,0,0,0,37.4743559,126.9383829,서울특별시 관악구 서림길 41,서울,관악구,신림동,1,독립 매장,1178
winter4베이커리카페,"{'lat': '37.4701927532436', 'lng': '126.921767481591'}","['카페/디저트', '샌드위치', '포장', '야식']","{'average_rating': 5.0, 'count': 1, 'image_count': 2, 'reply_count': 1}",5,1,2,1,37.47019275,126.9217675,서울특별시 관악구 난곡로26길 35,서울,관악구,신림동,1,독립 매장,1131
배달삼겹돼지되지-봉천점,"{'lat': '37.4857499', 'lng': '126.94071559'}","['포장', '한식', '프랜차이즈', '고기/구이']","{'average_rating': 4.6, 'count': 121, 'image_count': 94, 'reply_count': 44}",4.6,121,94,44,37.4857499,126.9407156,서울특별시 관악구 봉천로27길 41,서울,관악구,봉천동,10,대규모 공유주방,554
양순덕전통김치찌개&김치찜-봉천점,"{'lat': '37.485138', 'lng': '126.95747545'}","['찜/탕', '한식', '프랜차이즈', '야식', '포장', '고기/구이']","{'average_rating': 4.9, 'count': 15, 'image_count': 11, 'reply_count': 0}",4.9,15,11,0,37.485138,126.9574755,서울특별시 관악구 관악로28길 22,서울,관악구,봉천동,9,대규모 공유주방,915
오페라빈로스터스-낙성대점,"{'lat': '37.4759087', 'lng': '126.95926202'}","['카페/디저트', '포장']","{'average_rating': 4.9, 'count': 20, 'image_count': 14, 'reply_count': 0}",4.9,20,14,0,37.4759087,126.959262,서울특별시 관악구 낙성대로 29,서울,관악구,봉천동,1,독립 매장,878
해피캔커피&디저트-신림점,"{'lat': '37.4854459', 'lng': '126.9331032'}","['카페/디저트', '포장']","{'average_rating': 0.0, 'count': 0, 'image_count': 0, 'reply_count': 0}",0,0,0,0,37.4854459,126.9331032,서울특별시 관악구 신림로64길 59,서울,관악구,신림동,4,대규모 공유주방,1178
김치찜팔는돌아이-관악점,"{'lat': '37.4797687', 'lng': '126.95751774'}","['찜/탕', '한식', '고기/구이', '포장']","{'average_rating': 0.0, 'count': 0, 'image_count': 0, 'reply_count': 0}",0,0,0,0,37.4797687,126.9575177,서울특별시 관악구 남부순환로 1869,서울,관악구,봉천동,10,대규모 공유주방,1178
악동삼겹-봉천점,"{'lat': '37.485138', 'lng': '126.95747545'}","['한식', '프랜차이즈', '고기/구이', '족발/보쌈', '야식', '포장']","{'average_rating': 4.9, 'count': 34, 'image_count': 19, 'reply_count': 0}",4.9,34,19,0,37.485138,126.9574755,서울특별시 관악구 관악로28길 22,서울,관악구,봉천동,9,대규모 공유주방,778
아가씨돈까스&덮밥,"{'lat': '37.4832817', 'lng': '126.94627803'}","['한식', '일식/돈까스']","{'average_rating': 4.7, 'count': 161, 'image_count': 141, 'reply_count': 28}",4.7,161,141,28,37.4832817,126.946278,서울특별시 관악구 양녕로 13,서울,관악구,봉천동,3,소규모 샵인샵,491
양가네명품갈비찜-봉천점,"{'lat': '37.485138', 'lng': '126.95747545'}","['찜/탕', '한식', '고기/구이', '야식', '포장', '프랜차이즈']","{'average_rating': 5.0, 'count': 24, 'image_count': 18, 'reply_count': 0}",5,24,18,0,37.485138,126.9574755,서울특별시 관악구 관악로28길 22,서울,관악구,봉천동,9,대규모 공유주방,841
뚜레쥬르-관악농협하나로점,"{'lat': '37.4801290539624', 'lng': '126.902896861939'}","['카페/디저트', '프랜차이즈', '포장', '샌드위치']","{'average_rating': 4.8, 'count': 404, 'image_count': 309, 'reply_count': 0}",4.8,404,309,0,37.48012905,126.9028969,서울특별시 관악구 남부순환로 1369,서울,관악구,신림동,1,독립 매장,319
짝태&노가리-관악푸르지오점,"{'lat': '37.4869932974809', 'lng': '126.959292724749'}","['한식', '야식', '찜/탕', '포장']","{'average_rating': 4.9, 'count': 187, 'image_count': 145, 'reply_count': 178}",4.9,187,145,178,37.4869933,126.9592927,서울특별시 관악구 청림6길 16,서울,관악구,봉천동,2,소규모 샵인샵,465
굽고굽고,"{'lat': '37.466753759707', 'lng': '126.937488233018'}","['피자/양식', '포장', '야식', '치킨']","{'average_rating': 4.8, 'count': 279, 'image_count': 176, 'reply_count': 18}",4.8,279,176,18,37.46675376,126.9374882,서울특별시 관악구 대학길 88,서울,관악구,신림동,1,독립 매장,383
맛닭꼬-신대방점,"{'lat': '37.4873491', 'lng': '126.91448929'}","['야식', '프랜차이즈', '치킨']","{'average_rating': 4.8, 'count': 86, 'image_count': 62, 'reply_count': 12}",4.8,86,62,12,37.4873491,126.9144893,서울특별시 관악구 신사로10길 5,서울,관악구,신림동,1,독립 매장,611
33떡볶이&꼬마김밥-신림점,"{'lat': '37.4703554', 'lng': '126.93722566'}","['찜/탕', '분식', '프랜차이즈', '아시안', '포장', '신규맛집']","{'average_rating': 0.0, 'count': 0, 'image_count': 0, 'reply_count': 0}",0,0,0,0,37.4703554,126.9372257,서울특별시 관악구 호암로26길 63,서울,관악구,신림동,1,독립 매장,1178
파스타이거-관악점,"{'lat': '37.4797687', 'lng': '126.95751774'}","['피자/양식', '포장', '야식', '1인분주문']","{'average_rating': 0.0, 'count': 0, 'image_count': 0, 'reply_count': 0}",0,0,0,0,37.4797687,126.9575177,서울특별시 관악구 남부순환로 1869,서울,관악구,봉천동,10,대규모 공유주방,1178
사골집-본점,"{'lat': '37.4805773', 'lng': '126.94742874'}","['찜/탕', '한식', '포장', '야식']","{'average_rating': 5.0, 'count': 2, 'image_count': 2, 'reply_count': 1}",5,2,2,1,37.4805773,126.9474287,서울특별시 관악구 청룡3길 22,서울,관악구,봉천동,9,대규모 공유주방,1095
떡볶이ZIP-신림점,"{'lat': '37.4823266', 'lng': '126.9448119'}","['분식', '프랜차이즈', '포장']","{'average_rating': 4.5, 'count': 2, 'image_count': 2, 'reply_count': 0}",4.5,2,2,0,37.4823266,126.9448119,서울특별시 관악구 남부순환로 1751,서울,관악구,봉천동,3,소규모 샵인샵,1095
요아정-파로스프라자점,"{'lat': '37.4640616', 'lng': '126.91939379'}","['카페/디저트', '포장', '프랜차이즈']","{'average_rating': 5.0, 'count': 11, 'image_count': 8, 'reply_count': 3}",5,11,8,3,37.4640616,126.9193938,서울특별시 관악구 난곡로 98,서울,관악구,신림동,1,독립 매장,949
당신이선택한인생찜닭볶닭-봉천점,"{'lat': '37.4877201', 'lng': '126.95992422'}","['찜/탕', '한식', '포장']","{'average_rating': 4.9, 'count': 33, 'image_count': 26, 'reply_count': 0}",4.9,33,26,0,37.4877201,126.9599242,서울특별시 관악구 청림6길 3,서울,관악구,봉천동,7,대규모 공유주방,781
BBQ-관악조원점,"{'lat': '37.48253164480191', 'lng': '126.91086157900722'}","['프랜차이즈', '치킨', '포장']","{'average_rating': 4.6, 'count': 111, 'image_count': 70, 'reply_count': 0}",4.6,111,70,0,37.48253164,126.9108616,서울특별시 관악구 남부순환로143길 28,서울,관악구,신림동,1,독립 매장,568
피나치공뿌리공스-서울봉천점,"{'lat': '37.4728048', 'lng': '126.96614908'}","['피자/양식', '치킨', '포장', '프랜차이즈', '신규맛집']","{'average_rating': 0.0, 'count': 0, 'image_count': 0, 'reply_count': 0}",0,0,0,0,37.4728048,126.9661491,서울특별시 관악구 남부순환로248길 78,서울,관악구,봉천동,1,독립 매장,1178
낙성닭강정,"{'lat': '37.4743439', 'lng': '126.96674581'}","['한식', '분식', '치킨', '포장']","{'average_rating': 4.9, 'count': 77, 'image_count': 67, 'reply_count': 0}",4.9,77,67,0,37.4743439,126.9667458,서울특별시 관악구 인헌길 28,서울,관악구,봉천동,1,독립 매장,633
바게뜨양-신림점,"{'lat': '37.4850924', 'lng': '126.93909285'}","['피자/양식', '버거', '카페/디저트', '포장', '프랜차이즈']","{'average_rating': 4.8, 'count': 141, 'image_count': 111, 'reply_count': 129}",4.8,141,111,129,37.4850924,126.9390929,서울특별시 관악구 봉천로27길 10,서울,관악구,봉천동,1,독립 매장,519
멘부리-신림점,"{'lat': '37.48153634530837', 'lng': '126.94251261134222'}","['분식', '일식/돈까스', '프랜차이즈', '포장', '1인분주문']","{'average_rating': 5.0, 'count': 3293, 'image_count': 2920, 'reply_count': 2755}",5,3293,2920,2755,37.48153635,126.9425126,서울특별시 관악구 장군봉1길 46,서울,관악구,봉천동,1,독립 매장,53
탕화쿵푸마라탕-신림점,"{'lat': '37.483171', 'lng': '126.93010968'}","['중국집', '찜/탕', '아시안', '포장', '프랜차이즈', '야식']","{'average_rating': 4.9, 'count': 698, 'image_count': 638, 'reply_count': 698}",4.9,698,638,698,37.483171,126.9301097,서울특별시 관악구 신림로 322-1,서울,관악구,신림동,1,독립 매장,227
맛도리갈비찜-신림본점,"{'lat': '37.470057', 'lng': '126.9391606'}","['찜/탕', '한식', '포장', '야식']","{'average_rating': 4.9, 'count': 1200, 'image_count': 932, 'reply_count': 1193}",4.9,1200,932,1193,37.470057,126.9391606,서울특별시 관악구 신림로11길 11-5,서울,관악구,신림동,1,독립 매장,149
스시마와리,"{'lat': '37.4762313', 'lng': '126.93748646'}","['일식/돈까스', '회/초밥', '포장']","{'average_rating': 5.0, 'count': 3975, 'image_count': 3803, 'reply_count': 1780}",5,3975,3803,1780,37.4762313,126.9374865,서울특별시 관악구 신림로 210-1,서울,관악구,신림동,2,소규모 샵인샵,44
오성팔복반점-관악점,"{'lat': '37.4877201', 'lng': '126.95992422'}","['중국집', '찜/탕', '도시락/죽', '포장', '프랜차이즈', '신규맛집']","{'average_rating': 4.7, 'count': 183, 'image_count': 152, 'reply_count': 183}",4.7,183,152,183,37.4877201,126.9599242,서울특별시 관악구 청림6길 3,서울,관악구,봉천동,7,대규모 공유주방,472
신사동한끼,"{'lat': '37.484416', 'lng': '126.91690085'}","['한식', '포장', '다회용기']","{'average_rating': 4.9, 'count': 2445, 'image_count': 1874, 'reply_count': 54}",4.9,2445,1874,54,37.484416,126.9169009,서울특별시 관악구 남부순환로155길 43,서울,관악구,신림동,1,독립 매장,83
카페인중독-본점,"{'lat': '37.487883364287', 'lng': '126.925616234944'}","['카페/디저트', '프랜차이즈', '샌드위치', '야식', '포장']","{'average_rating': 4.8, 'count': 4267, 'image_count': 3416, 'reply_count': 4245}",4.8,4267,3416,4245,37.48788336,126.9256162,서울특별시 관악구 봉천로6길 40,서울,관악구,신림동,1,독립 매장,39
호식이두마리치킨-대학점,"{'lat': '37.472755394457', 'lng': '126.937075001133'}","['치킨', '포장', '야식', '프랜차이즈']","{'average_rating': 4.9, 'count': 12356, 'image_count': 10345, 'reply_count': 833}",4.9,12356,10345,833,37.47275539,126.937075,서울특별시 관악구 복은4길 55,서울,관악구,신림동,1,독립 매장,4
온야끼소바,"{'lat': '37.4850484', 'lng': '126.92648631'}","['일식/돈까스', '포장', '야식', '신규맛집']","{'average_rating': 3.7, 'count': 3, 'image_count': 2, 'reply_count': 2}",3.7,3,2,2,37.4850484,126.9264863,서울특별시 관악구 관천로10길 20,서울,관악구,신림동,2,소규모 샵인샵,1072
탐나종합어시장-서울대점,"{'lat': '37.4843577', 'lng': '126.95553354'}","['한식', '야식', '일식/돈까스', '회/초밥', '포장', '프랜차이즈']","{'average_rating': 4.9, 'count': 281, 'image_count': 268, 'reply_count': 181}",4.9,281,268,181,37.4843577,126.9555335,서울특별시 관악구 관악로 222,서울,관악구,봉천동,1,독립 매장,381
떡의작품가래떡볶이-봉천점,"{'lat': '37.4794614', 'lng': '126.9457475'}","['한식', '분식', '야식', '포장', '프랜차이즈']","{'average_rating': 4.9, 'count': 291, 'image_count': 278, 'reply_count': 167}",4.9,291,278,167,37.4794614,126.9457475,서울특별시 관악구 쑥고개로 83,서울,관악구,봉천동,1,독립 매장,370
죽집-본점,"{'lat': '37.48279082245', 'lng': '126.949189597765'}","['한식', '도시락/죽', '포장']","{'average_rating': 4.9, 'count': 2353, 'image_count': 1637, 'reply_count': 1678}",4.9,2353,1637,1678,37.48279082,126.9491896,서울특별시 관악구 봉천로 441,서울,관악구,봉천동,2,소규모 샵인샵,87
인생치킨이닭,"{'lat': '37.4822316', 'lng': '126.91996021'}","['분식', '고기/구이', '치킨', '포장', '야식']","{'average_rating': 5.0, 'count': 801, 'image_count': 757, 'reply_count': 256}",5,801,757,256,37.4822316,126.9199602,서울특별시 관악구 남부순환로172길 108,서울,관악구,신림동,2,소규모 샵인샵,211
청년피자-신림점,"{'lat': '37.4737175', 'lng': '126.91720138'}","['피자/양식', '프랜차이즈', '포장']","{'average_rating': 4.7, 'count': 174, 'image_count': 158, 'reply_count': 170}",4.7,174,158,170,37.4737175,126.9172014,서울특별시 관악구 미성3길 21,서울,관악구,신림동,1,독립 매장,479
무휼-보라매점,"{'lat': '37.4908773', 'lng': '126.93019749'}","['카페/디저트', '포장']","{'average_rating': 4.9, 'count': 278, 'image_count': 264, 'reply_count': 32}",4.9,278,264,32,37.4908773,126.9301975,서울특별시 관악구 당곡2길 22,서울,관악구,봉천동,3,소규모 샵인샵,384
불도장중화요리-봉천점,"{'lat': '37.4791573', 'lng': '126.94605154'}","['중국집', '고기/구이', '찜/탕', '야식', '포장', '신규맛집']","{'average_rating': 5.0, 'count': 1, 'image_count': 1, 'reply_count': 1}",5,1,1,1,37.4791573,126.9460515,서울특별시 관악구 쑥고개로 86,서울,관악구,봉천동,4,대규모 공유주방,1131
정육식당-미트온라인직판-관악점,"{'lat': '37.4849925', 'lng': '126.93604823'}","['한식', '도시락/죽', '고기/구이', '포장', '야식', '1인분주문']","{'average_rating': 4.9, 'count': 2037, 'image_count': 1619, 'reply_count': 2018}",4.9,2037,1619,2018,37.4849925,126.9360482,서울특별시 관악구 남부순환로 1667-1,서울,관악구,봉천동,5,대규모 공유주방,101
사생활,"{'lat': '37.4877898302352', 'lng': '126.916517136247'}","['카페/디저트', '야식', '피자/양식', '일식/돈까스', '포장']","{'average_rating': 4.9, 'count': 337, 'image_count': 297, 'reply_count': 100}",4.9,337,297,100,37.48778983,126.9165171,서울특별시 관악구 신사로14길 19,서울,관악구,신림동,1,독립 매장,342
The오리1987-관악점 ,"{'lat': '37.4879659', 'lng': '126.9467491'}","['한식', '야식', '고기/구이', '포장']","{'average_rating': 4.8, 'count': 876, 'image_count': 682, 'reply_count': 344}",4.8,876,682,344,37.4879659,126.9467491,서울특별시 관악구 양녕로 66,서울,관악구,봉천동,6,대규모 공유주방,191
충청도짜글이마을-관악본점,"{'lat': '37.4854486', 'lng': '126.92872326'}","['찜/탕', '한식', '포장']","{'average_rating': 5.0, 'count': 12, 'image_count': 9, 'reply_count': 10}",5,12,9,10,37.4854486,126.9287233,서울특별시 관악구 신림로65길 10-9,서울,관악구,신림동,19,대규모 공유주방,943
아침점심저녁-봉천점,"{'lat': '37.479761', 'lng': '126.94268077'}","['한식', '포장', '고기/구이', '찜/탕', '프랜차이즈', '1인분주문']","{'average_rating': 4.9, 'count': 2965, 'image_count': 2313, 'reply_count': 2773}",4.9,2965,2313,2773,37.479761,126.9426808,서울특별시 관악구 쑥고개로 55,서울,관악구,봉천동,2,소규모 샵인샵,65
족보당-봉천본점,"{'lat': '37.4822513', 'lng': '126.94000404'}","['족발/보쌈', '포장', '프랜차이즈']","{'average_rating': 4.9, 'count': 262, 'image_count': 265, 'reply_count': 261}",4.9,262,265,261,37.4822513,126.940004,서울특별시 관악구 장군봉2길 1,서울,관악구,봉천동,2,소규모 샵인샵,398
짱구한식분식,"{'lat': '37.4854486', 'lng': '126.92872326'}","['한식', '도시락/죽', '분식', '포장', '다회용기']","{'average_rating': 4.9, 'count': 5041, 'image_count': 4014, 'reply_count': 5038}",4.9,5041,4014,5038,37.4854486,126.9287233,서울특별시 관악구 신림로65길 10-9,서울,관악구,신림동,19,대규모 공유주방,27
찜닭의민족,"{'lat': '37.4821897', 'lng': '126.91994323'}","['찜/탕', '한식', '포장']","{'average_rating': 4.9, 'count': 3113, 'image_count': 2672, 'reply_count': 495}",4.9,3113,2672,495,37.4821897,126.9199432,서울특별시 관악구 남부순환로172길 108,서울,관악구,신림동,1,독립 매장,61
인생강정이닭,"{'lat': '37.4822316', 'lng': '126.91996021'}","['한식', '분식', '치킨', '포장', '야식']","{'average_rating': 5.0, 'count': 531, 'image_count': 460, 'reply_count': 181}",5,531,460,181,37.4822316,126.9199602,서울특별시 관악구 남부순환로172길 108,서울,관악구,신림동,2,소규모 샵인샵,268
오븐마루-청룡점,"{'lat': '37.4793042', 'lng': '126.94748446'}","['포장', '프랜차이즈', '치킨']","{'average_rating': 4.9, 'count': 1768, 'image_count': 1527, 'reply_count': 164}",4.9,1768,1527,164,37.4793042,126.9474845,서울특별시 관악구 쑥고개로 97,서울,관악구,봉천동,2,소규모 샵인샵,114
과일을말하다세이프룻-신림직영점,"{'lat': '37.4844352', 'lng': '126.92455249'}","['카페/디저트', '샌드위치', '도시락/죽', '포장', '야식']","{'average_rating': 5.0, 'count': 1, 'image_count': 1, 'reply_count': 0}",5,1,1,0,37.4844352,126.9245525,서울특별시 관악구 관천로11길 5,서울,관악구,신림동,2,소규모 샵인샵,1131
파리바게뜨-신림사거리점,"{'lat': '37.4843253', 'lng': '126.92862397'}","['카페/디저트', '프랜차이즈']","{'average_rating': 4.9, 'count': 90, 'image_count': 76, 'reply_count': 0}",4.9,90,76,0,37.4843253,126.928624,서울특별시 관악구 남부순환로 1601-1,서울,관악구,신림동,1,독립 매장,606
별이네통통김밥,"{'lat': '37.4833276', 'lng': '126.92521217'}","['한식', '일식/돈까스', '분식', '포장', '신규맛집']","{'average_rating': 5.0, 'count': 3, 'image_count': 3, 'reply_count': 3}",5,3,3,3,37.4833276,126.9252122,서울특별시 관악구 남부순환로172길 10,서울,관악구,신림동,1,독립 매장,1072
교동냉면-신림점,"{'lat': '37.4788711', 'lng': '126.91343665'}","['한식', '고기/구이', '야식', '1인분주문', '포장', '신규맛집']","{'average_rating': 5.0, 'count': 6, 'image_count': 5, 'reply_count': 5}",5,6,5,5,37.4788711,126.9134367,서울특별시 관악구 난곡로55길 29,서울,관악구,신림동,3,소규모 샵인샵,1009
버거락-신림역점,"{'lat': '37.4853218', 'lng': '126.93356031'}","['버거', '포장', '치킨']","{'average_rating': 4.9, 'count': 120, 'image_count': 132, 'reply_count': 56}",4.9,120,132,56,37.4853218,126.9335603,서울특별시 관악구 남부순환로187길 10,서울,관악구,신림동,2,소규모 샵인샵,555
맘스터치-관악신대방역점,"{'lat': '37.4864551', 'lng': '126.9127996'}","['포장', '프랜차이즈', '치킨', '버거', '1인분주문']","{'average_rating': 4.8, 'count': 1167, 'image_count': 963, 'reply_count': 5}",4.8,1167,963,5,37.4864551,126.9127996,서울특별시 관악구 신사로 90,서울,관악구,신림동,1,독립 매장,156
버택스미국식덮밥-봉천점,"{'lat': '37.4834018', 'lng': '126.94515586'}","['피자/양식', '한식', '도시락/죽', '포장']","{'average_rating': 4.9, 'count': 108, 'image_count': 79, 'reply_count': 78}",4.9,108,79,78,37.4834018,126.9451559,서울특별시 관악구 봉천로35길 8,서울,관악구,봉천동,1,독립 매장,571
온타코야끼,"{'lat': '37.4850484', 'lng': '126.92648631'}","['분식', '포장', '야식', '신규맛집']","{'average_rating': 5.0, 'count': 2, 'image_count': 2, 'reply_count': 2}",5,2,2,2,37.4850484,126.9264863,서울특별시 관악구 관천로10길 20,서울,관악구,신림동,2,소규모 샵인샵,1095
봉천반점,"{'lat': '37.4791573', 'lng': '126.94605154'}","['중국집', '고기/구이', '찜/탕', '포장', '야식', '신규맛집']","{'average_rating': 5.0, 'count': 3, 'image_count': 2, 'reply_count': 0}",5,3,2,0,37.4791573,126.9460515,서울특별시 관악구 쑥고개로 86,서울,관악구,봉천동,4,대규모 공유주방,1072
오므라이스에빠진닭-봉천신림점,"{'lat': '37.4857221', 'lng': '126.93696214'}","['한식', '분식', '야식', '포장']","{'average_rating': 5.0, 'count': 1, 'image_count': 1, 'reply_count': 0}",5,1,1,0,37.4857221,126.9369621,서울특별시 관악구 봉천로 327,서울,관악구,봉천동,5,대규모 공유주방,1131
한국경양식스테이크,"{'lat': '37.4849925', 'lng': '126.93604823'}","['고기/구이', '포장']","{'average_rating': 4.9, 'count': 25, 'image_count': 22, 'reply_count': 25}",4.9,25,22,25,37.4849925,126.9360482,서울특별시 관악구 남부순환로 1667-1,서울,관악구,봉천동,5,대규모 공유주방,830
바삭한하루-신림점,"{'lat': '37.482525', 'lng': '126.93104715'}","['치킨', '포장', '야식']","{'average_rating': 5.0, 'count': 20, 'image_count': 15, 'reply_count': 20}",5,20,15,20,37.482525,126.9310472,서울특별시 관악구 신림로58길 21,서울,관악구,신림동,1,독립 매장,878
국제닭강정-관악점,"{'lat': '37.4864689', 'lng': '126.93686058'}","['분식', '치킨', '포장', '프랜차이즈', '신규맛집']","{'average_rating': 0.0, 'count': 0, 'image_count': 0, 'reply_count': 0}",0,0,0,0,37.4864689,126.9368606,서울특별시 관악구 은천로 13-1,서울,관악구,봉천동,5,대규모 공유주방,1178
포케클리닉,"{'lat': '37.4855965', 'lng': '126.92661546'}","['샐러드', '카페/디저트', '포장']","{'average_rating': 4.9, 'count': 68, 'image_count': 69, 'reply_count': 57}",4.9,68,69,57,37.4855965,126.9266155,서울특별시 관악구 신림동7길 33,서울,관악구,신림동,1,독립 매장,651
수유골목냉면-관악점,"{'lat': '37.4818507', 'lng': '126.94467366'}","['한식', '분식', '일식/돈까스', '포장']","{'average_rating': 5.0, 'count': 50, 'image_count': 44, 'reply_count': 31}",5,50,44,31,37.4818507,126.9446737,서울특별시 관악구 남부순환로 1752,서울,관악구,봉천동,1,독립 매장,712
상무초밥-구로디지털단지점,"{'lat': '37.4833758110118', 'lng': '126.90237382108'}","['회/초밥', '프랜차이즈', '포장', '일식/돈까스', '1인분주문']","{'average_rating': 5.0, 'count': 3909, 'image_count': 3673, 'reply_count': 3861}",5,3909,3673,3861,37.48337581,126.9023738,서울특별시 관악구 시흥대로 568,서울,관악구,신림동,1,독립 매장,46
덮밥어때,"{'lat': '37.4838431497076', 'lng': '126.942058592685'}","['포장', '한식', '야식']","{'average_rating': 4.9, 'count': 2757, 'image_count': 2253, 'reply_count': 2135}",4.9,2757,2253,2135,37.48384315,126.9420586,서울특별시 관악구 봉천로 373-16,서울,관악구,봉천동,1,독립 매장,74
바닷가막회,"{'lat': '37.469683360858205', 'lng': '126.9381709390738'}","['일식/돈까스', '회/초밥', '포장', '야식']","{'average_rating': 4.9, 'count': 465, 'image_count': 465, 'reply_count': 0}",4.9,465,465,0,37.46968336,126.9381709,서울특별시 관악구 신림로11길 18-20,서울,관악구,신림동,1,독립 매장,297
가장맛있는족발-신림점,"{'lat': '37.4873368', 'lng': '126.9281623'}","['고기/구이', '족발/보쌈', '포장', '프랜차이즈', '야식', '한식']","{'average_rating': 4.8, 'count': 45, 'image_count': 39, 'reply_count': 0}",4.8,45,39,0,37.4873368,126.9281623,서울특별시 관악구 신림동길 5,서울,관악구,신림동,2,소규모 샵인샵,730
스텔라떡볶이-서울봉천점,"{'lat': '37.48721116885466', 'lng': '126.94538336776364'}","['분식', '프랜차이즈', '한식', '야식', '치킨', '포장']","{'average_rating': 4.8, 'count': 212, 'image_count': 183, 'reply_count': 23}",4.8,212,183,23,37.48721117,126.9453834,서울특별시 관악구 은천로 93,서울,관악구,봉천동,1,독립 매장,447
아웃백-신림타임스트림점,"{'lat': '37.483843962081494', 'lng': '126.93025280904907'}","['피자/양식', '프랜차이즈', '1인분주문']","{'average_rating': 4.7, 'count': 104, 'image_count': 86, 'reply_count': 101}",4.7,104,86,101,37.48384396,126.9302528,서울특별시 관악구 신림로 330,서울,관악구,신림동,1,독립 매장,578
와이스타브다이어트-신대방역점,"{'lat': '37.4822024', 'lng': '126.91326636'}","['피자/양식', '샐러드', '카페/디저트', '포장']","{'average_rating': 4.8, 'count': 53, 'image_count': 44, 'reply_count': 53}",4.8,53,44,53,37.4822024,126.9132664,서울특별시 관악구 난곡로65길 17,서울,관악구,신림동,1,독립 매장,702
싸움의고수-서울대입구역점,"{'lat': '37.4797395', 'lng': '126.95287565'}","['한식', '족발/보쌈', '프랜차이즈', '포장']","{'average_rating': 4.8, 'count': 34, 'image_count': 21, 'reply_count': 0}",4.8,34,21,0,37.4797395,126.9528757,서울특별시 관악구 관악로 164,서울,관악구,봉천동,1,독립 매장,778
육미정담-봉천본점,"{'lat': '37.4854969', 'lng': '126.93749028'}","['한식', '고기/구이']","{'average_rating': 5.0, 'count': 47, 'image_count': 43, 'reply_count': 0}",5,47,43,0,37.4854969,126.9374903,서울특별시 관악구 봉천로 331-1,서울,관악구,봉천동,2,소규모 샵인샵,720
공시우육면-관악점,"{'lat': '37.4869971', 'lng': '126.92239141'}","['중국집', '아시안', '포장', '야식', '프랜차이즈']","{'average_rating': 4.8, 'count': 53, 'image_count': 55, 'reply_count': 0}",4.8,53,55,0,37.4869971,126.9223914,서울특별시 관악구 관천로 95,서울,관악구,신림동,2,소규모 샵인샵,702
쉬즈베이글-신림점,"{'lat': '37.4846941338497', 'lng': '126.927078285584'}","['피자/양식', '분식', '프랜차이즈', '샌드위치']","{'average_rating': 4.7, 'count': 1170, 'image_count': 870, 'reply_count': 39}",4.7,1170,870,39,37.48469413,126.9270783,서울특별시 관악구 신림로65길 43,서울,관악구,신림동,1,독립 매장,154
롯데리아-신림녹두점,"{'lat': '37.4704811320458', 'lng': '126.934476797741'}","['버거', '프랜차이즈', '치킨']","{'average_rating': 4.7, 'count': 3043, 'image_count': 1701, 'reply_count': 832}",4.7,3043,1701,832,37.47048113,126.9344768,서울특별시 관악구 신림로23길 16,서울,관악구,신림동,2,소규모 샵인샵,63
도쿄스테이크-신림포도몰점,"{'lat': '37.4838513411842', 'lng': '126.930234565071'}","['피자/양식', '포장', '일식/돈까스', '프랜차이즈']","{'average_rating': 4.8, 'count': 516, 'image_count': 470, 'reply_count': 354}",4.8,516,470,354,37.48385134,126.9302346,서울특별시 관악구 신림로 330,서울,관악구,신림동,4,대규모 공유주방,275
24시오리지날한분식,"{'lat': '37.4922159', 'lng': '126.92702618'}","['한식', '분식', '찜/탕']","{'average_rating': 4.7, 'count': 3148, 'image_count': 2327, 'reply_count': 125}",4.7,3148,2327,125,37.4922159,126.9270262,서울특별시 관악구 보라매로 30,서울,관악구,봉천동,1,독립 매장,58
렌차이나,"{'lat': '37.4878526', 'lng': '126.92987129'}","['중국집', '찜/탕', '아시안', '포장', '신규맛집']","{'average_rating': 4.3, 'count': 4, 'image_count': 8, 'reply_count': 2}",4.3,4,8,2,37.4878526,126.9298713,서울특별시 관악구 신림로70길 17,서울,관악구,신림동,1,독립 매장,1046
곤지암할매소머리국밥&왕갈비탕 전문점,"{'lat': '37.4774465667209', 'lng': '126.914370036621'}","['포장', '한식', '고기/구이', '찜/탕', '다회용기']","{'average_rating': 4.6, 'count': 1887, 'image_count': 1131, 'reply_count': 763}",4.6,1887,1131,763,37.47744657,126.91437,서울특별시 관악구 문성로 96,서울,관악구,신림동,1,독립 매장,108
스쿨푸드-서울대입구역점,"{'lat': '37.4796785', 'lng': '126.94391627'}","['포장', '한식', '일식/돈까스', '프랜차이즈', '분식']","{'average_rating': 4.8, 'count': 6468, 'image_count': 4827, 'reply_count': 6464}",4.8,6468,4827,6464,37.4796785,126.9439163,서울특별시 관악구 쑥고개로 67,서울,관악구,봉천동,1,독립 매장,22
메가MGC커피-난곡우체국점,"{'lat': '37.4778986', 'lng': '126.91547828'}","['카페/디저트', '프랜차이즈']","{'average_rating': 4.9, 'count': 289, 'image_count': 222, 'reply_count': 59}",4.9,289,222,59,37.4778986,126.9154783,서울특별시 관악구 난곡로 268,서울,관악구,신림동,1,독립 매장,372
찜또배기-찜요리전문점,"{'lat': '37.4828014', 'lng': '126.94350087'}","['찜/탕', '한식', '고기/구이', '포장', '1인분주문']","{'average_rating': 5.0, 'count': 36, 'image_count': 32, 'reply_count': 30}",5,36,32,30,37.4828014,126.9435009,서울특별시 관악구 남부순환로 1739-9,서울,관악구,봉천동,1,독립 매장,767
홀리앤졸리도넛&커피-신림점,"{'lat': '37.4839318', 'lng': '126.95349816'}","['카페/디저트', '샌드위치', '프랜차이즈', '포장']","{'average_rating': 4.4, 'count': 7, 'image_count': 7, 'reply_count': 7}",4.4,7,7,7,37.4839318,126.9534982,서울특별시 관악구 중앙길 17,서울,관악구,봉천동,1,독립 매장,991
공차-타임스트림점,"{'lat': '37.4838513411842', 'lng': '126.930234565071'}","['카페/디저트', '프랜차이즈', '포장']","{'average_rating': 4.5, 'count': 24, 'image_count': 17, 'reply_count': 0}",4.5,24,17,0,37.48385134,126.9302346,서울특별시 관악구 신림로 330,서울,관악구,신림동,4,대규모 공유주방,841
김찌당김치찜&찌개-관악점,"{'lat': '37.4893328', 'lng': '126.92398241'}","['찜/탕', '한식', '포장', '프랜차이즈']","{'average_rating': 5.0, 'count': 30, 'image_count': 23, 'reply_count': 14}",5,30,23,14,37.4893328,126.9239824,서울특별시 관악구 봉천로4길 9,서울,관악구,신림동,2,소규모 샵인샵,796
된장마을고깃집,"{'lat': '37.4814092', 'lng': '126.94310598'}","['한식', '고기/구이', '프랜차이즈', '포장']","{'average_rating': 4.9, 'count': 184, 'image_count': 104, 'reply_count': 15}",4.9,184,104,15,37.4814092,126.943106,서울특별시 관악구 장군봉1길 56,서울,관악구,봉천동,11,대규모 공유주방,469
구도로통닭-신림타운점,"{'lat': '37.4851441', 'lng': '126.93105344'}","['분식', '야식', '치킨', '포장', '프랜차이즈']","{'average_rating': 4.9, 'count': 417, 'image_count': 342, 'reply_count': 0}",4.9,417,342,0,37.4851441,126.9310534,서울특별시 관악구 신림로64길 23,서울,관악구,신림동,1,독립 매장,313
타이반쩜-관악점,"{'lat': '37.4879659', 'lng': '126.9467491'}","['아시안', '분식', '포장', '프랜차이즈', '1인분주문']","{'average_rating': 4.9, 'count': 99, 'image_count': 89, 'reply_count': 0}",4.9,99,89,0,37.4879659,126.9467491,서울특별시 관악구 양녕로 66,서울,관악구,봉천동,6,대규모 공유주방,586
북경-신림점,"{'lat': '37.4834765', 'lng': '126.90762105'}","['중국집', '포장', '프랜차이즈', '1인분주문']","{'average_rating': 4.5, 'count': 1676, 'image_count': 840, 'reply_count': 85}",4.5,1676,840,85,37.4834765,126.9076211,서울특별시 관악구 조원중앙로 50,서울,관악구,신림동,4,대규모 공유주방,121
안동장-관악점,"{'lat': '37.4813346106375', 'lng': '126.948503434377'}","['포장', '중국집', '프랜차이즈']","{'average_rating': 4.8, 'count': 2940, 'image_count': 2018, 'reply_count': 2624}",4.8,2940,2018,2624,37.48133461,126.9485034,서울특별시 관악구 남부순환로 1786,서울,관악구,봉천동,1,독립 매장,67
내가갈비찜이다-신림본점,"{'lat': '37.4700988', 'lng': '126.93917541'}","['찜/탕', '한식', '포장']","{'average_rating': 5.0, 'count': 136, 'image_count': 107, 'reply_count': 135}",5,136,107,135,37.4700988,126.9391754,서울특별시 관악구 신림로11길 11-5,서울,관악구,신림동,1,독립 매장,524
시선육회&연어-신림점,"{'lat': '37.4832746', 'lng': '126.92918606'}","['한식', '일식/돈까스', '찜/탕', '포장', '야식']","{'average_rating': 0.0, 'count': 0, 'image_count': 0, 'reply_count': 0}",0,0,0,0,37.4832746,126.9291861,서울특별시 관악구 신림로59길 8-3,서울,관악구,신림동,1,독립 매장,1178
도리가곱도리탕전문점-신림점,"{'lat': '37.4788711', 'lng': '126.91343665'}","['찜/탕', '한식', '포장']","{'average_rating': 4.9, 'count': 24, 'image_count': 19, 'reply_count': 24}",4.9,24,19,24,37.4788711,126.9134367,서울특별시 관악구 난곡로55길 29,서울,관악구,신림동,3,소규모 샵인샵,841
옐로우캔-서울대입구역점,"{'lat': '37.4803642', 'lng': '126.94879726'}","['샐러드', '카페/디저트', '샌드위치', '포장', '야식', '프랜차이즈']","{'average_rating': 5.0, 'count': 27, 'image_count': 15, 'reply_count': 0}",5,27,15,0,37.4803642,126.9487973,서울특별시 관악구 남부순환로216길 24,서울,관악구,봉천동,1,독립 매장,818
바른찜닭-신림점,"{'lat': '37.4788711', 'lng': '126.91343665'}","['찜/탕', '한식', '치킨', '프랜차이즈', '포장']","{'average_rating': 5.0, 'count': 72, 'image_count': 65, 'reply_count': 72}",5,72,65,72,37.4788711,126.9134367,서울특별시 관악구 난곡로55길 29,서울,관악구,신림동,3,소규모 샵인샵,645
멕시카나-난곡시티점,"{'lat': '37.4716142', 'lng': '126.91997461'}","['프랜차이즈', '치킨', '포장']","{'average_rating': 4.8, 'count': 3132, 'image_count': 1940, 'reply_count': 252}",4.8,3132,1940,252,37.4716142,126.9199746,서울특별시 관악구 난곡로 184,서울,관악구,신림동,2,소규모 샵인샵,60
고기집도시락,"{'lat': '37.4849925', 'lng': '126.93604823'}","['고기/구이', '포장', '도시락/죽', '1인분주문']","{'average_rating': 5.0, 'count': 15, 'image_count': 10, 'reply_count': 15}",5,15,10,15,37.4849925,126.9360482,서울특별시 관악구 남부순환로 1667-1,서울,관악구,봉천동,5,대규모 공유주방,915
샐러즈Salad&Coffee-신림점,"{'lat': '37.4864412', 'lng': '126.93635188'}","['피자/양식', '샐러드', '카페/디저트', '포장']","{'average_rating': 4.9, 'count': 135, 'image_count': 121, 'reply_count': 106}",4.9,135,121,106,37.4864412,126.9363519,서울 관악구 봉천동 955-8,서울,관악구,봉천동,3,소규모 샵인샵,526
신조짬뽕,"{'lat': '37.4866721', 'lng': '126.9260401'}","['중국집', '찜/탕', '포장']","{'average_rating': 4.7, 'count': 74, 'image_count': 71, 'reply_count': 2}",4.7,74,71,2,37.4866721,126.9260401,서울특별시 관악구 신림동7길 8,서울,관악구,신림동,1,독립 매장,640
경성밥상-신림점,"{'lat': '37.4821792', 'lng': '126.9108441'}","['한식', '분식', '프랜차이즈', '포장']","{'average_rating': 5.0, 'count': 748, 'image_count': 745, 'reply_count': 154}",5,748,745,154,37.4821792,126.9108441,서울특별시 관악구 남부순환로143길 20,서울,관악구,신림동,1,독립 매장,220
1인불향쭈꾸미&낙지-봉천점,"{'lat': '37.4834714267103', 'lng': '126.943250356586'}","['한식', '분식', '프랜차이즈']","{'average_rating': 4.9, 'count': 319, 'image_count': 266, 'reply_count': 293}",4.9,319,266,293,37.48347143,126.9432504,서울특별시 관악구 봉천로 391,서울,관악구,봉천동,1,독립 매장,354
도미노피자-보라매점,"{'lat': '37.4875791', 'lng': '126.93274977'}","['피자/양식', '프랜차이즈']","{'average_rating': 4.8, 'count': 278, 'image_count': 246, 'reply_count': 0}",4.8,278,246,0,37.4875791,126.9327498,서울특별시 관악구 봉천로 283-1,서울,관악구,봉천동,1,독립 매장,384
청년피자-봉천점,"{'lat': '37.4831738', 'lng': '126.93916424'}","['피자/양식', '프랜차이즈', '포장']","{'average_rating': 5.0, 'count': 126, 'image_count': 110, 'reply_count': 59}",5,126,110,59,37.4831738,126.9391642,서울특별시 관악구 남부순환로 1702,서울,관악구,봉천동,1,독립 매장,545
손가네한방족발-신림점,"{'lat': '37.4848623', 'lng': '126.92709942'}","['족발/보쌈', '야식', '프랜차이즈']","{'average_rating': 4.7, 'count': 145, 'image_count': 137, 'reply_count': 0}",4.7,145,137,0,37.4848623,126.9270994,서울특별시 관악구 신림로65길 42,서울,관악구,신림동,1,독립 매장,510
참토스트-신림역점,"{'lat': '37.4839427', 'lng': '126.9309384'}","['피자/양식', '카페/디저트', '샌드위치', '포장', '프랜차이즈', '신규맛집']","{'average_rating': 0.0, 'count': 0, 'image_count': 0, 'reply_count': 0}",0,0,0,0,37.4839427,126.9309384,서울특별시 관악구 남부순환로180길 9,서울,관악구,신림동,1,독립 매장,1178
처갓집양념치킨-신림점,"{'lat': '37.47533474708', 'lng': '126.937666221048'}","['야식', '프랜차이즈', '치킨', '포장']","{'average_rating': 4.8, 'count': 688, 'image_count': 510, 'reply_count': 0}",4.8,688,510,0,37.47533475,126.9376662,서울특별시 관악구 서림길 16,서울,관악구,신림동,1,독립 매장,229
투뿔소곱창-봉천직영점,"{'lat': '37.4867575', 'lng': '126.94058449'}","['한식', '고기/구이', '포장', '야식', '신규맛집']","{'average_rating': 0.0, 'count': 0, 'image_count': 0, 'reply_count': 0}",0,0,0,0,37.4867575,126.9405845,서울특별시 관악구 국회단지2길 19,서울,관악구,봉천동,3,소규모 샵인샵,1178
목동버거-신림직영점,"{'lat': '37.4706049', 'lng': '126.93393897'}","['포장', '버거', '프랜차이즈', '신규맛집']","{'average_rating': 0.0, 'count': 0, 'image_count': 0, 'reply_count': 0}",0,0,0,0,37.4706049,126.933939,서울특별시 관악구 호암로26가길 4,서울,관악구,신림동,2,소규모 샵인샵,1178
포케웨이타코웨이-신대방점,"{'lat': '37.4876632', 'lng': '126.91471418'}","['한식', '포장', '야식']","{'average_rating': 4.4, 'count': 7, 'image_count': 8, 'reply_count': 0}",4.4,7,8,0,37.4876632,126.9147142,서울특별시 관악구 신사로 112,서울,관악구,신림동,1,독립 매장,991
피자파는집-서울신림점,"{'lat': '37.48673', 'lng': '126.9279402'}","['피자/양식', '프랜차이즈', '야식', '포장']","{'average_rating': 5.0, 'count': 51, 'image_count': 29, 'reply_count': 35}",5,51,29,35,37.48673,126.9279402,서울특별시 관악구 신림동3길 13-4,서울,관악구,신림동,1,독립 매장,709
찌개에밥이그냥뚝닥찌개전문점-관악본점,"{'lat': '37.4854486', 'lng': '126.92872326'}","['찜/탕', '한식', '포장']","{'average_rating': 0.0, 'count': 0, 'image_count': 0, 'reply_count': 0}",0,0,0,0,37.4854486,126.9287233,서울특별시 관악구 신림로65길 10-9,서울,관악구,신림동,19,대규모 공유주방,1178
동대문엽기떡볶이-신림녹두점,"{'lat': '37.4700657', 'lng': '126.93893808'}","['분식', '프랜차이즈', '포장']","{'average_rating': 4.9, 'count': 332, 'image_count': 294, 'reply_count': 0}",4.9,332,294,0,37.4700657,126.9389381,서울특별시 관악구 신림로11길 9,서울,관악구,신림동,1,독립 매장,345
요거트홀릭-신림직영점,"{'lat': '37.4844352', 'lng': '126.92455249'}","['카페/디저트', '포장', '샐러드', '야식', '프랜차이즈']","{'average_rating': 5.0, 'count': 41, 'image_count': 38, 'reply_count': 36}",5,41,38,36,37.4844352,126.9245525,서울특별시 관악구 관천로11길 5,서울,관악구,신림동,2,소규모 샵인샵,746
헤비스테이크-신림역점,"{'lat': '37.4834548', 'lng': '126.92998288'}","['피자/양식', '고기/구이', '도시락/죽', '포장', '프랜차이즈']","{'average_rating': 4.9, 'count': 7, 'image_count': 4, 'reply_count': 0}",4.9,7,4,0,37.4834548,126.9299829,서울특별시 관악구 신림로 328,서울,관악구,신림동,1,독립 매장,991
포도나무김밥,"{'lat': '37.4702798', 'lng': '126.93622391'}","['분식', '한식', '포장']","{'average_rating': 4.8, 'count': 4644, 'image_count': 3674, 'reply_count': 2}",4.8,4644,3674,2,37.4702798,126.9362239,서울특별시 관악구 호암로26길 48,서울,관악구,신림동,1,독립 매장,34
볶볶-봉천점,"{'lat': '37.4775421', 'lng': '126.94693072'}","['한식', '야식', '포장', '1인분주문']","{'average_rating': 4.9, 'count': 131, 'image_count': 80, 'reply_count': 87}",4.9,131,80,87,37.4775421,126.9469307,서울특별시 관악구 청룡11길 24,서울,관악구,봉천동,2,소규모 샵인샵,535
밀리주먹밥&꼬마김밥,"{'lat': '37.4824019', 'lng': '126.94042786'}","['한식', '일식/돈까스', '분식', '신규맛집']","{'average_rating': 0.0, 'count': 0, 'image_count': 0, 'reply_count': 0}",0,0,0,0,37.4824019,126.9404279,서울특별시 관악구 장군봉길 7,서울,관악구,봉천동,1,독립 매장,1178
만다린-본점,"{'lat': '37.4860688645845', 'lng': '126.938884095614'}","['중국집', '포장', '프랜차이즈']","{'average_rating': 4.3, 'count': 262, 'image_count': 108, 'reply_count': 0}",4.3,262,108,0,37.48606886,126.9388841,서울특별시 관악구 은천로 32,서울,관악구,봉천동,1,독립 매장,398
샐러데이즈-신대방역점,"{'lat': '37.4870121263783', 'lng': '126.917381558919'}","['샐러드', '샌드위치', '카페/디저트', '포장', '프랜차이즈']","{'average_rating': 5.0, 'count': 453, 'image_count': 429, 'reply_count': 8}",5,453,429,8,37.48701213,126.9173816,서울특별시 관악구 관천로19길 84,서울,관악구,신림동,1,독립 매장,302
상무초밥-서울대입구역점,"{'lat': '37.4802159', 'lng': '126.95298473'}","['회/초밥', '일식/돈까스', '프랜차이즈']","{'average_rating': 5.0, 'count': 51, 'image_count': 51, 'reply_count': 0}",5,51,51,0,37.4802159,126.9529847,서울특별시 관악구 관악로 168,서울,관악구,봉천동,1,독립 매장,709
천지두루치기&짜글이-봉천점,"{'lat': '37.4875706', 'lng': '126.94684844'}","['찜/탕', '한식', '고기/구이', '포장', '야식']","{'average_rating': 5.0, 'count': 1, 'image_count': 0, 'reply_count': 0}",5,1,0,0,37.4875706,126.9468484,서울특별시 관악구 양녕로 62,서울,관악구,봉천동,2,소규모 샵인샵,1131
청담동마녀김밥-서울대입구역점,"{'lat': '37.4810791534902', 'lng': '126.950689145834'}","['한식', '분식', '프랜차이즈']","{'average_rating': 4.8, 'count': 606, 'image_count': 481, 'reply_count': 0}",4.8,606,481,0,37.48107915,126.9506891,서울특별시 관악구 남부순환로218길 1,서울,관악구,봉천동,1,독립 매장,247
본대가미나리감자탕-관악직영점,"{'lat': '37.4814092', 'lng': '126.94310598'}","['찜/탕', '한식', '고기/구이', '포장', '프랜차이즈', '1인분주문']","{'average_rating': 0.0, 'count': 0, 'image_count': 0, 'reply_count': 0}",0,0,0,0,37.4814092,126.943106,서울특별시 관악구 장군봉1길 56,서울,관악구,봉천동,11,대규모 공유주방,1178
그랩유부,"{'lat': '37.4816515', 'lng': '126.9515802'}","['피자/양식', '한식', '일식/돈까스', '회/초밥', '포장']","{'average_rating': 4.9, 'count': 838, 'image_count': 713, 'reply_count': 5}",4.9,838,713,5,37.4816515,126.9515802,서울특별시 관악구 남부순환로 1811,서울,관악구,봉천동,1,독립 매장,200
디저트참잘하는집-신림점,"{'lat': '37.4827826', 'lng': '126.91737565'}","['카페/디저트', '야식', '프랜차이즈']","{'average_rating': 4.8, 'count': 8, 'image_count': 10, 'reply_count': 3}",4.8,8,10,3,37.4827826,126.9173757,서울특별시 관악구 남부순환로151길 9,서울,관악구,신림동,1,독립 매장,979
혜화동국물두루치기-봉천점,"{'lat': '37.4881385', 'lng': '126.9465584'}","['찜/탕', '한식', '포장']","{'average_rating': 4.8, 'count': 352, 'image_count': 299, 'reply_count': 7}",4.8,352,299,7,37.4881385,126.9465584,서울특별시 관악구 양녕로 70,서울,관악구,봉천동,2,소규모 샵인샵,331
행컵-봉천점,"{'lat': '37.4891037', 'lng': '126.93011152'}","['한식', '포장', '프랜차이즈']","{'average_rating': 4.9, 'count': 36, 'image_count': 34, 'reply_count': 36}",4.9,36,34,36,37.4891037,126.9301115,서울특별시 관악구 봉천로13길 7,서울,관악구,봉천동,1,독립 매장,767
청담족발-관악점,"{'lat': '37.4861307', 'lng': '126.93675981'}","['고기/구이', '족발/보쌈', '포장', '프랜차이즈', '다회용기']","{'average_rating': 4.9, 'count': 360, 'image_count': 406, 'reply_count': 348}",4.9,360,406,348,37.4861307,126.9367598,서울특별시 관악구 은천로 14,서울,관악구,봉천동,3,소규모 샵인샵,329
구성이기가막힌밥상구기밥-관악본점,"{'lat': '37.4854486', 'lng': '126.92872326'}","['찜/탕', '한식', '포장', '프랜차이즈']","{'average_rating': 0.0, 'count': 0, 'image_count': 0, 'reply_count': 0}",0,0,0,0,37.4854486,126.9287233,서울특별시 관악구 신림로65길 10-9,서울,관악구,신림동,19,대규모 공유주방,1178
동원각,"{'lat': '37.4800031', 'lng': '126.94590971'}","['중국집', '포장', '프랜차이즈']","{'average_rating': 4.8, 'count': 251, 'image_count': 240, 'reply_count': 142}",4.8,251,240,142,37.4800031,126.9459097,서울특별시 관악구 청룡길 40,서울,관악구,봉천동,2,소규모 샵인샵,409
포케올데이샐러드&도시락-보라매점,"{'lat': '37.4939847', 'lng': '126.92689939'}","['피자/양식', '샐러드', '카페/디저트', '포장', '프랜차이즈']","{'average_rating': 4.8, 'count': 162, 'image_count': 167, 'reply_count': 93}",4.8,162,167,93,37.4939847,126.9268994,서울특별시 관악구 보라매로 51,서울,관악구,봉천동,1,독립 매장,490
프랭크버거-신림녹두거리점,"{'lat': '37.4704811', 'lng': '126.9344768'}","['버거', '포장', '프랜차이즈']","{'average_rating': 4.7, 'count': 67, 'image_count': 56, 'reply_count': 46}",4.7,67,56,46,37.4704811,126.9344768,서울특별시 관악구 신림로23길 16,서울,관악구,신림동,1,독립 매장,656
진미소곱창,"{'lat': '37.4834944', 'lng': '126.94210656'}","['한식', '고기/구이', '야식', '포장']","{'average_rating': 4.9, 'count': 247, 'image_count': 243, 'reply_count': 79}",4.9,247,243,79,37.4834944,126.9421066,서울특별시 관악구 봉천로 377-1,서울,관악구,봉천동,1,독립 매장,414
어쩌다김치찜-관악본점,"{'lat': '37.4840309', 'lng': '126.95324184'}","['찜/탕', '한식', '포장']","{'average_rating': 4.9, 'count': 201, 'image_count': 173, 'reply_count': 11}",4.9,201,173,11,37.4840309,126.9532418,서울특별시 관악구 중앙길 24,서울,관악구,봉천동,5,대규모 공유주방,459
바른닭강정,"{'lat': '37.4843936', 'lng': '126.92651235'}","['한식', '카페/디저트', '야식', '치킨']","{'average_rating': 4.7, 'count': 81, 'image_count': 67, 'reply_count': 0}",4.7,81,67,0,37.4843936,126.9265124,서울특별시 관악구 관천로 54,서울,관악구,신림동,5,대규모 공유주방,622
미친김치찌개&부대찌개-관악점,"{'lat': '37.485897', 'lng': '126.93839049'}","['찜/탕', '한식', '포장', '야식']","{'average_rating': 0.0, 'count': 0, 'image_count': 0, 'reply_count': 0}",0,0,0,0,37.485897,126.9383905,서울특별시 관악구 은천로 28,서울,관악구,봉천동,7,대규모 공유주방,1178
텍사스부대찌개연쇄토핑사건-관악본점,"{'lat': '37.4854486', 'lng': '126.92872326'}","['찜/탕', '한식', '포장', '프랜차이즈']","{'average_rating': 5.0, 'count': 1, 'image_count': 1, 'reply_count': 1}",5,1,1,1,37.4854486,126.9287233,서울특별시 관악구 신림로65길 10-9,서울,관악구,신림동,19,대규모 공유주방,1131
바른국밥-신림점,"{'lat': '37.4898932', 'lng': '126.92909895'}","['한식', '프랜차이즈', '포장', '1인분주문', '찜/탕', '분식']","{'average_rating': 5.0, 'count': 86, 'image_count': 81, 'reply_count': 41}",5,86,81,41,37.4898932,126.929099,서울특별시 관악구 당곡길 16,서울,관악구,봉천동,1,독립 매장,611
제로밥상설탕없이완벽한한끼-관악점,"{'lat': '37.4814092', 'lng': '126.94310598'}","['한식', '고기/구이', '1인분주문', '포장']","{'average_rating': 4.7, 'count': 10, 'image_count': 7, 'reply_count': 10}",4.7,10,7,10,37.4814092,126.943106,서울특별시 관악구 장군봉1길 56,서울,관악구,봉천동,11,대규모 공유주방,964
고기백반,"{'lat': '37.4849925', 'lng': '126.93604823'}","['한식', '고기/구이', '포장', '1인분주문']","{'average_rating': 5.0, 'count': 40, 'image_count': 37, 'reply_count': 40}",5,40,37,40,37.4849925,126.9360482,서울특별시 관악구 남부순환로 1667-1,서울,관악구,봉천동,5,대규모 공유주방,749
가장맛있는족발-관악난곡점,"{'lat': '37.4748984937384', 'lng': '126.918219626496'}","['족발/보쌈', '프랜차이즈', '한식', '포장']","{'average_rating': 5.0, 'count': 503, 'image_count': 538, 'reply_count': 0}",5,503,538,0,37.47489849,126.9182196,서울특별시 관악구 난우길 21,서울,관악구,신림동,1,독립 매장,280
한우육회-신림점,"{'lat': '37.4862133', 'lng': '126.92876896'}","['고기/구이', '회/초밥', '포장']","{'average_rating': 0.0, 'count': 0, 'image_count': 0, 'reply_count': 0}",0,0,0,0,37.4862133,126.928769,서울특별시 관악구 신림로67길 8,서울,관악구,신림동,1,독립 매장,1178
봉천역맛집엄마의삼계탕,"{'lat': '37.4821803', 'lng': '126.94061043'}","['찜/탕', '한식', '고기/구이', '포장']","{'average_rating': 5.0, 'count': 27, 'image_count': 26, 'reply_count': 25}",5,27,26,25,37.4821803,126.9406104,서울특별시 관악구 장군봉1길 7,서울,관악구,봉천동,1,독립 매장,818
꾸꾸닭매운숯불바베큐&치킨-봉천신림점,"{'lat': '37.4857221', 'lng': '126.93696214'}","['분식', '야식', '치킨', '포장']","{'average_rating': 5.0, 'count': 1, 'image_count': 0, 'reply_count': 0}",5,1,0,0,37.4857221,126.9369621,서울특별시 관악구 봉천로 327,서울,관악구,봉천동,5,대규모 공유주방,1131
서울분식단,"{'lat': '37.4814092', 'lng': '126.94310598'}","['한식', '분식', '일식/돈까스', '포장']","{'average_rating': 5.0, 'count': 11, 'image_count': 10, 'reply_count': 0}",5,11,10,0,37.4814092,126.943106,서울특별시 관악구 장군봉1길 56,서울,관악구,봉천동,11,대규모 공유주방,949
한가네한식도시락,"{'lat': '37.4682228', 'lng': '126.93640031'}","['한식', '고기/구이', '야식', '도시락/죽', '포장']","{'average_rating': 5.0, 'count': 2, 'image_count': 2, 'reply_count': 0}",5,2,2,0,37.4682228,126.9364003,서울특별시 관악구 신림로17길 57,서울,관악구,신림동,1,독립 매장,1095
혼밥집,"{'lat': '37.485750753401', 'lng': '126.931750895241'}","['포장', '한식', '야식']","{'average_rating': 0.0, 'count': 0, 'image_count': 0, 'reply_count': 0}",0,0,0,0,37.48575075,126.9317509,서울특별시 관악구 신림로66길 37,서울,관악구,신림동,1,독립 매장,1178
찐초밥-관악점,"{'lat': '37.4767616', 'lng': '126.95853241'}","['일식/돈까스', '야식', '회/초밥', '포장']","{'average_rating': 4.9, 'count': 4195, 'image_count': 3955, 'reply_count': 4188}",4.9,4195,3955,4188,37.4767616,126.9585324,서울특별시 관악구 낙성대로 22-5,서울,관악구,봉천동,1,독립 매장,41
홍콩반점0410-관악난곡점,"{'lat': '37.4747848', 'lng': '126.91863235'}","['중국집', '프랜차이즈']","{'average_rating': 4.8, 'count': 5, 'image_count': 3, 'reply_count': 0}",4.8,5,3,0,37.4747848,126.9186324,서울특별시 관악구 난우길 20,서울,관악구,신림동,1,독립 매장,1025
명인만두-서울대점,"{'lat': '37.4717562349352', 'lng': '126.934528895019'}","['포장', '분식', '프랜차이즈']","{'average_rating': 4.8, 'count': 499, 'image_count': 426, 'reply_count': 346}",4.8,499,426,346,37.47175623,126.9345289,서울특별시 관악구 신림로 138,서울,관악구,신림동,1,독립 매장,283
찜순이와곱도령,"{'lat': '37.48884731844681', 'lng': '126.92678001029716'}","['찜/탕', '한식', '포장', '야식']","{'average_rating': 0.0, 'count': 0, 'image_count': 0, 'reply_count': 0}",0,0,0,0,37.48884732,126.92678,서울특별시 관악구 봉천로8길 14,서울,관악구,신림동,4,대규모 공유주방,1178
영화루-관악점,"{'lat': '37.4843044232629', 'lng': '126.920588048881'}",['중국집'],"{'average_rating': 4.3, 'count': 514, 'image_count': 287, 'reply_count': 0}",4.3,514,287,0,37.48430442,126.920588,서울특별시 관악구 남부순환로161길 30,서울,관악구,신림동,1,독립 매장,277
갓츠파스타&포크커틀렛,"{'lat': '37.4853618', 'lng': '126.93363341'}","['피자/양식', '일식/돈까스', '포장']","{'average_rating': 5.0, 'count': 11, 'image_count': 8, 'reply_count': 2}",5,11,8,2,37.4853618,126.9336334,서울특별시 관악구 신림로64길 70,서울,관악구,신림동,1,독립 매장,949
디저트공방,"{'lat': '37.4767829', 'lng': '126.93632618'}","['카페/디저트', '샌드위치', '포장', '샐러드', '야식']","{'average_rating': 4.8, 'count': 66, 'image_count': 54, 'reply_count': 62}",4.8,66,54,62,37.4767829,126.9363262,서울특별시 관악구 신림로 221-4,서울,관악구,신림동,2,소규모 샵인샵,659
죽에진심,"{'lat': '37.4791602', 'lng': '126.92958616'}","['한식', '야식', '도시락/죽', '1인분주문']","{'average_rating': 4.8, 'count': 271, 'image_count': 236, 'reply_count': 236}",4.8,271,236,236,37.4791602,126.9295862,서울특별시 관악구 문성로 233,서울,관악구,신림동,3,소규모 샵인샵,389
용호제육-신림본점,"{'lat': '37.4791397', 'lng': '126.94093445'}","['한식', '고기/구이', '포장']","{'average_rating': 5.0, 'count': 16, 'image_count': 18, 'reply_count': 16}",5,16,18,16,37.4791397,126.9409345,서울특별시 관악구 쑥고개로 39,서울,관악구,봉천동,2,소규모 샵인샵,910
꾸어가게생선구이-봉천점,"{'lat': '37.4831414958054', 'lng': '126.945611194744'}","['한식', '고기/구이']","{'average_rating': 4.7, 'count': 304, 'image_count': 174, 'reply_count': 257}",4.7,304,174,257,37.4831415,126.9456112,서울특별시 관악구 봉천로 411,서울,관악구,봉천동,1,독립 매장,361
찌개장인남호웅-관악본점,"{'lat': '37.4854486', 'lng': '126.92872326'}","['찜/탕', '한식', '포장', '프랜차이즈']","{'average_rating': 5.0, 'count': 2, 'image_count': 2, 'reply_count': 0}",5,2,2,0,37.4854486,126.9287233,서울특별시 관악구 신림로65길 10-9,서울,관악구,신림동,19,대규모 공유주방,1095
후추스시,"{'lat': '37.4781674', 'lng': '126.95726161'}","['일식/돈까스', '회/초밥', '포장']","{'average_rating': 5.0, 'count': 46, 'image_count': 49, 'reply_count': 43}",5,46,49,43,37.4781674,126.9572616,서울특별시 관악구 관악로14길 87,서울,관악구,봉천동,1,독립 매장,726
오빠네닭발,"{'lat': '37.4843936', 'lng': '126.92651235'}","['한식', '고기/구이', '야식', '포장', '1인분주문']","{'average_rating': 4.8, 'count': 10, 'image_count': 8, 'reply_count': 0}",4.8,10,8,0,37.4843936,126.9265124,서울특별시 관악구 관천로 54,서울,관악구,신림동,5,대규모 공유주방,964
우리스시 신림본점,"{'lat': '37.4859944', 'lng': '126.92117477'}","['일식/돈까스', '회/초밥', '야식', '포장']","{'average_rating': 4.9, 'count': 184, 'image_count': 183, 'reply_count': 116}",4.9,184,183,116,37.4859944,126.9211748,서울특별시 관악구 조원로 170,서울,관악구,신림동,8,대규모 공유주방,469
충청도치킨,"{'lat': '37.4708517', 'lng': '126.93219542'}","['치킨', '포장', '야식']","{'average_rating': 0.0, 'count': 0, 'image_count': 0, 'reply_count': 0}",0,0,0,0,37.4708517,126.9321954,서울특별시 관악구 원신2길 34,서울,관악구,신림동,1,독립 매장,1178
카츠백-관악점,"{'lat': '37.4840309', 'lng': '126.95324184'}","['일식/돈까스', '도시락/죽', '포장', '프랜차이즈']","{'average_rating': 4.8, 'count': 19, 'image_count': 17, 'reply_count': 19}",4.8,19,17,19,37.4840309,126.9532418,서울특별시 관악구 중앙길 24,서울,관악구,봉천동,5,대규모 공유주방,886
슬로우캘리-서울대점,"{'lat': '37.4697626', 'lng': '126.93779409'}","['샐러드', '아시안', '카페/디저트', '포장', '프랜차이즈']","{'average_rating': 4.9, 'count': 36, 'image_count': 32, 'reply_count': 12}",4.9,36,32,12,37.4697626,126.9377941,서울특별시 관악구 대학길 22,서울,관악구,신림동,1,독립 매장,767
건강한끼-서울대입구역점,"{'lat': '37.4859121', 'lng': '126.95687489'}","['피자/양식', '중국집', '한식', '포장', '야식']","{'average_rating': 4.6, 'count': 29, 'image_count': 24, 'reply_count': 13}",4.6,29,24,13,37.4859121,126.9568749,서울특별시 관악구 관악로 244,서울,관악구,봉천동,3,소규모 샵인샵,803
명인카츠-봉천본점,"{'lat': '37.4826592', 'lng': '126.939424'}","['분식', '일식/돈까스', '포장']","{'average_rating': 5.0, 'count': 562, 'image_count': 491, 'reply_count': 559}",5,562,491,559,37.4826592,126.939424,서울특별시 관악구 장군봉2길 16,서울,관악구,봉천동,1,독립 매장,260
먹보족-신림점,"{'lat': '37.4826161', 'lng': '126.91047824'}","['한식', '족발/보쌈', '포장', '야식', '프랜차이즈']","{'average_rating': 4.9, 'count': 131, 'image_count': 112, 'reply_count': 131}",4.9,131,112,131,37.4826161,126.9104782,서울특별시 관악구 남부순환로143길 29,서울,관악구,신림동,3,소규모 샵인샵,535
두그릇따로두따국밥-본점,"{'lat': '37.4834868', 'lng': '126.93792814'}","['한식', '포장', '1인분주문']","{'average_rating': 4.8, 'count': 43, 'image_count': 24, 'reply_count': 0}",4.8,43,24,0,37.4834868,126.9379281,서울특별시 관악구 남부순환로200길 9,서울,관악구,봉천동,1,독립 매장,737
스윗보울치킨,"{'lat': '37.4803245', 'lng': '126.92836671'}","['분식', '일식/돈까스', '야식', '치킨', '포장', '1인분주문']","{'average_rating': 5.0, 'count': 84, 'image_count': 92, 'reply_count': 1}",5,84,92,1,37.4803245,126.9283667,서울특별시 관악구 문성로31길 23,서울,관악구,신림동,1,독립 매장,616
냉찜장인냉면&김치찜-신림점,"{'lat': '37.48884731844681', 'lng': '126.92678001029716'}","['찜/탕', '한식', '포장', '야식', '1인분주문']","{'average_rating': 0.0, 'count': 0, 'image_count': 0, 'reply_count': 0}",0,0,0,0,37.48884732,126.92678,서울특별시 관악구 봉천로8길 14,서울,관악구,신림동,4,대규모 공유주방,1178
시드니스테이크,"{'lat': '37.4780389755775', 'lng': '126.955503016752'}","['피자/양식', '포장', '치킨', '고기/구이']","{'average_rating': 4.9, 'count': 148, 'image_count': 115, 'reply_count': 9}",4.9,148,115,9,37.47803898,126.955503,서울특별시 관악구 남부순환로230길 45,서울,관악구,봉천동,1,독립 매장,505
"버닝찜닭, 매운찜닭에 도전하다-관악본점","{'lat': '37.4854486', 'lng': '126.92872326'}","['찜/탕', '한식', '고기/구이', '포장']","{'average_rating': 5.0, 'count': 5, 'image_count': 3, 'reply_count': 5}",5,5,3,5,37.4854486,126.9287233,서울특별시 관악구 신림로65길 10-9,서울,관악구,신림동,19,대규모 공유주방,1025
서산할매묵은지김치찜-관악본점,"{'lat': '37.4854486', 'lng': '126.92872326'}","['찜/탕', '한식', '포장', '프랜차이즈']","{'average_rating': 5.0, 'count': 1, 'image_count': 1, 'reply_count': 1}",5,1,1,1,37.4854486,126.9287233,서울특별시 관악구 신림로65길 10-9,서울,관악구,신림동,19,대규모 공유주방,1131
카레랑,"{'lat': '37.4843936', 'lng': '126.92651235'}","['한식', '일식/돈까스', '야식']","{'average_rating': 4.2, 'count': 17, 'image_count': 8, 'reply_count': 0}",4.2,17,8,0,37.4843936,126.9265124,서울특별시 관악구 관천로 54,서울,관악구,신림동,5,대규모 공유주방,900
왔따얼큰육개장-신림점,"{'lat': '37.4835792', 'lng': '126.91264579'}","['찜/탕', '한식', '포장', '야식', '1인분주문']","{'average_rating': 5.0, 'count': 6, 'image_count': 5, 'reply_count': 6}",5,6,5,6,37.4835792,126.9126458,서울특별시 관악구 조원로18길 15,서울,관악구,신림동,2,소규모 샵인샵,1009
도령김치찜&김치찌개-신림점,"{'lat': '37.4826161', 'lng': '126.91047824'}","['찜/탕', '한식', '고기/구이', '포장', '야식']","{'average_rating': 5.0, 'count': 35, 'image_count': 28, 'reply_count': 35}",5,35,28,35,37.4826161,126.9104782,서울특별시 관악구 남부순환로143길 29,서울,관악구,신림동,3,소규모 샵인샵,775
소소한상,"{'lat': '37.48884731844681', 'lng': '126.92678001029716'}","['찜/탕', '한식', '고기/구이', '포장', '야식', '1인분주문']","{'average_rating': 0.0, 'count': 0, 'image_count': 0, 'reply_count': 0}",0,0,0,0,37.48884732,126.92678,서울특별시 관악구 봉천로8길 14,서울,관악구,신림동,4,대규모 공유주방,1178
닭발분식,"{'lat': '37.477218349598765', 'lng': '126.91258820692421'}","['한식', '분식', '포장']","{'average_rating': 4.9, 'count': 348, 'image_count': 336, 'reply_count': 101}",4.9,348,336,101,37.47721835,126.9125882,서울특별시 관악구 문성로 82,서울,관악구,신림동,1,독립 매장,333
짜글이선생-봉천점,"{'lat': '37.4775421', 'lng': '126.94693072'}","['한식', '야식', '포장', '1인분주문']","{'average_rating': 5.0, 'count': 33, 'image_count': 25, 'reply_count': 28}",5,33,25,28,37.4775421,126.9469307,서울특별시 관악구 청룡11길 24,서울,관악구,봉천동,2,소규모 샵인샵,781
신전떡볶이-신림점,"{'lat': '37.490502672624', 'lng': '126.929158570483'}","['분식', '프랜차이즈', '포장', '아시안']","{'average_rating': 4.8, 'count': 495, 'image_count': 354, 'reply_count': 157}",4.8,495,354,157,37.49050267,126.9291586,서울특별시 관악구 당곡길 28,서울,관악구,봉천동,1,독립 매장,285
본죽앤비빔밥-관악우체국점,"{'lat': '37.4849124635763', 'lng': '126.932612779202'}","['한식', '프랜차이즈', '도시락/죽', '1인분주문']","{'average_rating': 4.9, 'count': 293, 'image_count': 178, 'reply_count': 3}",4.9,293,178,3,37.48491246,126.9326128,서울특별시 관악구 남부순환로 1637,서울,관악구,신림동,1,독립 매장,369
동대문엽기떡볶이-관악난곡점,"{'lat': '37.4727968129884', 'lng': '126.918772108443'}","['분식', '프랜차이즈', '포장']","{'average_rating': 4.5, 'count': 2288, 'image_count': 901, 'reply_count': 1544}",4.5,2288,901,1544,37.47279681,126.9187721,서울특별시 관악구 난곡로 201,서울,관악구,신림동,1,독립 매장,89
콕투스,"{'lat': '37.479761', 'lng': '126.94268077'}","['카페/디저트', '피자/양식', '포장']","{'average_rating': 5.0, 'count': 39, 'image_count': 29, 'reply_count': 0}",5,39,29,0,37.479761,126.9426808,서울특별시 관악구 쑥고개로 55,서울,관악구,봉천동,2,소규모 샵인샵,756
네네치킨-신림남부점,"{'lat': '37.4820565', 'lng': '126.91087771'}","['프랜차이즈', '치킨', '포장']","{'average_rating': 4.9, 'count': 522, 'image_count': 469, 'reply_count': 172}",4.9,522,469,172,37.4820565,126.9108777,서울특별시 관악구 남부순환로143길 16,서울,관악구,신림동,1,독립 매장,271
포슈아쌀국수배달전문-관악점,"{'lat': '37.4841435', 'lng': '126.93354928'}","['피자/양식', '한식', '분식', '아시안', '포장']","{'average_rating': 4.8, 'count': 264, 'image_count': 178, 'reply_count': 4}",4.8,264,178,4,37.4841435,126.9335493,서울특별시 관악구 남부순환로188길 9,서울,관악구,신림동,4,대규모 공유주방,395
백채김치찌개-신림대학동점,"{'lat': '37.469608458725', 'lng': '126.934325912768'}","['한식', '프랜차이즈', '포장']","{'average_rating': 5.0, 'count': 576, 'image_count': 414, 'reply_count': 5}",5,576,414,5,37.46960846,126.9343259,서울특별시 관악구 호암로24길 22,서울,관악구,신림동,1,독립 매장,258
손가네,"{'lat': '37.4848792', 'lng': '126.9270464'}","['한식', '고기/구이', '족발/보쌈', '야식']","{'average_rating': 0.0, 'count': 0, 'image_count': 0, 'reply_count': 0}",0,0,0,0,37.4848792,126.9270464,서울특별시 관악구 신림로65길 42,서울,관악구,신림동,1,독립 매장,1178
몽글몽글강릉초당짬뽕순두부,"{'lat': '37.4851191', 'lng': '126.9186225'}","['중국집', '한식', '찜/탕', '포장']","{'average_rating': 5.0, 'count': 25, 'image_count': 18, 'reply_count': 24}",5,25,18,24,37.4851191,126.9186225,서울특별시 관악구 남부순환로161가길 3,서울,관악구,신림동,1,독립 매장,830
"찜닭붐,찜닭에토핑이터진다-관악본점","{'lat': '37.4854486', 'lng': '126.92872326'}","['찜/탕', '한식', '고기/구이', '포장']","{'average_rating': 3.0, 'count': 1, 'image_count': 0, 'reply_count': 1}",3,1,0,1,37.4854486,126.9287233,서울특별시 관악구 신림로65길 10-9,서울,관악구,신림동,19,대규모 공유주방,1131
미스터도시락-낙성대점,"{'lat': '37.4741121278347', 'lng': '126.966946460682'}","['한식', '프랜차이즈', '도시락/죽']","{'average_rating': 4.8, 'count': 36, 'image_count': 32, 'reply_count': 0}",4.8,36,32,0,37.47411213,126.9669465,서울특별시 관악구 인헌길 31,서울,관악구,봉천동,2,소규모 샵인샵,767
셰프의돈까스-관악점,"{'lat': '37.4845469076013', 'lng': '126.937506341835'}","['포장', '일식/돈까스', '프랜차이즈']","{'average_rating': 4.9, 'count': 1850, 'image_count': 1623, 'reply_count': 25}",4.9,1850,1623,25,37.48454691,126.9375063,서울특별시 관악구 남부순환로 1679,서울,관악구,봉천동,1,독립 매장,111
흥부보쌈,"{'lat': '37.4827015', 'lng': '126.92941209'}","['족발/보쌈', '한식', '포장', '1인분주문']","{'average_rating': 4.5, 'count': 16, 'image_count': 10, 'reply_count': 0}",4.5,16,10,0,37.4827015,126.9294121,서울특별시 관악구 신림로59길 15-13,서울,관악구,신림동,1,독립 매장,910
"반찜,찜닭에도반반이있다.-관악본점","{'lat': '37.4854486', 'lng': '126.92872326'}","['찜/탕', '한식', '포장', '고기/구이']","{'average_rating': 4.7, 'count': 30, 'image_count': 34, 'reply_count': 30}",4.7,30,34,30,37.4854486,126.9287233,서울특별시 관악구 신림로65길 10-9,서울,관악구,신림동,19,대규모 공유주방,796
파리바게뜨-봉천역점,"{'lat': '37.4825978350158', 'lng': '126.942762127252'}","['카페/디저트', '프랜차이즈', '샌드위치']","{'average_rating': 4.9, 'count': 136, 'image_count': 149, 'reply_count': 42}",4.9,136,149,42,37.48259784,126.9427621,서울특별시 관악구 남부순환로 1733,서울,관악구,봉천동,1,독립 매장,524
금사부김치찜-관악직영점,"{'lat': '37.4789584', 'lng': '126.93241932'}","['찜/탕', '한식', '포장', '야식', '1인분주문']","{'average_rating': 5.0, 'count': 7, 'image_count': 5, 'reply_count': 0}",5,7,5,0,37.4789584,126.9324193,서울특별시 관악구 신림로48길 6,서울,관악구,신림동,2,소규모 샵인샵,991
홍콩반점0410-봉천현대시장점,"{'lat': '37.4858191', 'lng': '126.94705249'}","['중국집', '프랜차이즈']","{'average_rating': 4.9, 'count': 259, 'image_count': 221, 'reply_count': 45}",4.9,259,221,45,37.4858191,126.9470525,서울특별시 관악구 양녕로 42,서울,관악구,봉천동,1,독립 매장,401
쭉365죽&떡볶이-신림점,"{'lat': '37.4857981', 'lng': '126.91962893'}","['한식', '카페/디저트', '도시락/죽', '포장', '야식']","{'average_rating': 4.6, 'count': 22, 'image_count': 18, 'reply_count': 0}",4.6,22,18,0,37.4857981,126.9196289,서울특별시 관악구 조원로 158,서울,관악구,신림동,1,독립 매장,862
그로반,"{'lat': '37.480435', 'lng': '126.94757814'}","['카페/디저트', '샌드위치', '포장']","{'average_rating': 0.0, 'count': 0, 'image_count': 0, 'reply_count': 0}",0,0,0,0,37.480435,126.9475781,서울특별시 관악구 남부순환로214길 25,서울,관악구,봉천동,1,독립 매장,1178
그집앞냉면-본점,"{'lat': '37.4856533', 'lng': '126.95747498'}","['분식', '포장', '신규맛집']","{'average_rating': 0.0, 'count': 0, 'image_count': 0, 'reply_count': 0}",0,0,0,0,37.4856533,126.957475,서울특별시 관악구 관악로24길 68,서울,관악구,봉천동,2,소규모 샵인샵,1178
숯불두마리마장삼겹살,"{'lat': '37.4849925', 'lng': '126.93604823'}","['고기/구이', '포장']","{'average_rating': 4.9, 'count': 17, 'image_count': 15, 'reply_count': 17}",4.9,17,15,17,37.4849925,126.9360482,서울특별시 관악구 남부순환로 1667-1,서울,관악구,봉천동,5,대규모 공유주방,900
창영이숙주두루치기-신림점,"{'lat': '37.4816402', 'lng': '126.92977793'}","['한식', '포장', '야식']","{'average_rating': 5.0, 'count': 1, 'image_count': 1, 'reply_count': 0}",5,1,1,0,37.4816402,126.9297779,서울특별시 관악구 신림로 305,서울,관악구,신림동,1,독립 매장,1131
기막힌김치찜-관악본점,"{'lat': '37.4854486', 'lng': '126.92872326'}","['찜/탕', '한식', '포장']","{'average_rating': 5.0, 'count': 1, 'image_count': 1, 'reply_count': 1}",5,1,1,1,37.4854486,126.9287233,서울특별시 관악구 신림로65길 10-9,서울,관악구,신림동,19,대규모 공유주방,1131
카페헤이,"{'lat': '37.4774349', 'lng': '126.9340877'}","['포장', '카페/디저트', '야식', '샌드위치', '샐러드']","{'average_rating': 4.9, 'count': 96, 'image_count': 73, 'reply_count': 5}",4.9,96,73,5,37.4774349,126.9340877,서울특별시 관악구 신림로 243-1,서울,관악구,신림동,1,독립 매장,593
청년김치찜-신림본점,"{'lat': '37.4747892', 'lng': '126.93460606'}","['찜/탕', '한식', '고기/구이']","{'average_rating': 0.0, 'count': 0, 'image_count': 0, 'reply_count': 0}",0,0,0,0,37.4747892,126.9346061,서울특별시 관악구 신림로29길 3-6,서울,관악구,신림동,1,독립 매장,1178
버거당-신림점,"{'lat': '37.4843936', 'lng': '126.92651235'}","['피자/양식', '버거', '야식', '1인분주문']","{'average_rating': 4.6, 'count': 39, 'image_count': 34, 'reply_count': 0}",4.6,39,34,0,37.4843936,126.9265124,서울특별시 관악구 관천로 54,서울,관악구,신림동,5,대규모 공유주방,756
냉면장인임사부&숯불구이-신림점,"{'lat': '37.48884731844681', 'lng': '126.92678001029716'}","['한식', '프랜차이즈', '야식', '포장', '분식', '1인분주문']","{'average_rating': 5.0, 'count': 2, 'image_count': 1, 'reply_count': 0}",5,2,1,0,37.48884732,126.92678,서울특별시 관악구 봉천로8길 14,서울,관악구,신림동,4,대규모 공유주방,1095
광안천지식당&국밥-봉천점,"{'lat': '37.4875706', 'lng': '126.94684844'}","['찜/탕', '한식', '포장', '야식', '프랜차이즈']","{'average_rating': 4.0, 'count': 2, 'image_count': 2, 'reply_count': 0}",4,2,2,0,37.4875706,126.9468484,서울특별시 관악구 양녕로 62,서울,관악구,봉천동,2,소규모 샵인샵,1095
신사리김치찜-신림점,"{'lat': '37.4854486', 'lng': '126.92872326'}","['찜/탕', '한식', '포장']","{'average_rating': 5.0, 'count': 1, 'image_count': 0, 'reply_count': 1}",5,1,0,1,37.4854486,126.9287233,서울특별시 관악구 신림로65길 10-9,서울,관악구,신림동,19,대규모 공유주방,1131
땅스부대찌개-난곡점,"{'lat': '37.4742384791911', 'lng': '126.91958345092'}","['한식', '프랜차이즈', '찜/탕']","{'average_rating': 5.0, 'count': 814, 'image_count': 611, 'reply_count': 809}",5,814,611,809,37.47423848,126.9195835,서울특별시 관악구 법원단지길 34,서울,관악구,신림동,2,소규모 샵인샵,206
COFFEE빌런-본점,"{'lat': '37.4865123', 'lng': '126.9416755'}","['피자/양식', '분식', '카페/디저트', '포장', '야식']","{'average_rating': 5.0, 'count': 1, 'image_count': 0, 'reply_count': 0}",5,1,0,0,37.4865123,126.9416755,서울특별시 관악구 국회단지2길 40,서울,관악구,봉천동,5,대규모 공유주방,1131
BRsingles-신림타임스트림점,"{'lat': '37.4838513411841', 'lng': '126.930234565071'}","['카페/디저트', '프랜차이즈', '포장', '1인분주문']","{'average_rating': 0.0, 'count': 0, 'image_count': 0, 'reply_count': 0}",0,0,0,0,37.48385134,126.9302346,서울특별시 관악구 신림로 330,서울,관악구,신림동,1,독립 매장,1178
칰칰칰치킨,"{'lat': '37.4854969', 'lng': '126.93749028'}","['한식', '분식', '치킨', '포장']","{'average_rating': 5.0, 'count': 2, 'image_count': 2, 'reply_count': 0}",5,2,2,0,37.4854969,126.9374903,서울특별시 관악구 봉천로 331-1,서울,관악구,봉천동,2,소규모 샵인샵,1095
중화본색,"{'lat': '37.4839695', 'lng': '126.95558387'}","['중국집', '포장']","{'average_rating': 4.6, 'count': 58, 'image_count': 44, 'reply_count': 0}",4.6,58,44,0,37.4839695,126.9555839,서울특별시 관악구 관악로24길 14,서울,관악구,봉천동,4,대규모 공유주방,686
인생은밥이다-신림점,"{'lat': '37.4800102821691', 'lng': '126.927809952324'}","['한식', '프랜차이즈', '포장', '1인분주문']","{'average_rating': 4.9, 'count': 10, 'image_count': 6, 'reply_count': 0}",4.9,10,6,0,37.48001028,126.92781,서울특별시 관악구 신원로 7,서울,관악구,신림동,2,소규모 샵인샵,964
신조불냉면&대왕덮밥,"{'lat': '37.4868917', 'lng': '126.92616004'}","['한식', '분식', '포장', '신규맛집']","{'average_rating': 0.0, 'count': 0, 'image_count': 0, 'reply_count': 0}",0,0,0,0,37.4868917,126.92616,서울특별시 관악구 신림동길 23-1,서울,관악구,신림동,1,독립 매장,1178
포케박스-봉천점,"{'lat': '37.4797161', 'lng': '126.94311779'}","['샐러드', '도시락/죽', '포장']","{'average_rating': 5.0, 'count': 76, 'image_count': 72, 'reply_count': 0}",5,76,72,0,37.4797161,126.9431178,서울특별시 관악구 쑥고개로 59,서울,관악구,봉천동,1,독립 매장,634
본죽앤비빔밥-신림역점,"{'lat': '37.48203242479008', 'lng': '126.92966049495293'}","['한식', '프랜차이즈', '도시락/죽', '1인분주문']","{'average_rating': 4.8, 'count': 113, 'image_count': 80, 'reply_count': 111}",4.8,113,80,111,37.48203242,126.9296605,서울특별시 관악구 신림로 309,서울,관악구,신림동,4,대규모 공유주방,562
친친중화요리-봉천점,"{'lat': '37.4791573', 'lng': '126.94605154'}","['중국집', '고기/구이', '찜/탕', '포장', '야식', '프랜차이즈', '신규맛집']","{'average_rating': 5.0, 'count': 1, 'image_count': 0, 'reply_count': 0}",5,1,0,0,37.4791573,126.9460515,서울특별시 관악구 쑥고개로 86,서울,관악구,봉천동,4,대규모 공유주방,1131
홍콩반점0410-신림고시촌점,"{'lat': '37.4692632', 'lng': '126.93685147'}","['프랜차이즈', '중국집']","{'average_rating': 4.7, 'count': 60, 'image_count': 51, 'reply_count': 0}",4.7,60,51,0,37.4692632,126.9368515,서울특별시 관악구 호암로24길 66,서울,관악구,신림동,1,독립 매장,678
국빱집-관악점,"{'lat': '37.487553332073546', 'lng': '126.94041053104507'}","['찜/탕', '한식', '고기/구이', '야식', '프랜차이즈', '1인분주문', '포장']","{'average_rating': 4.0, 'count': 1, 'image_count': 1, 'reply_count': 0}",4,1,1,0,37.48755333,126.9404105,서울특별시 관악구 은천로9길 34-1,서울,관악구,봉천동,1,독립 매장,1131
바이통타이-봉천점,"{'lat': '37.4869932974809', 'lng': '126.959292724749'}","['피자/양식', '아시안', '다회용기', '포장']","{'average_rating': 4.9, 'count': 236, 'image_count': 187, 'reply_count': 29}",4.9,236,187,29,37.4869933,126.9592927,서울특별시 관악구 청림6길 16,서울,관악구,봉천동,2,소규모 샵인샵,429
소고기sosweet,"{'lat': '37.4868663', 'lng': '126.93873133'}","['한식', '고기/구이', '카페/디저트', '포장', '1인분주문']","{'average_rating': 5.0, 'count': 19, 'image_count': 20, 'reply_count': 0}",5,19,20,0,37.4868663,126.9387313,서울 관악구 봉천동 953-10,서울,관악구,봉천동,3,소규모 샵인샵,886
사각사각1/2,"{'lat': '37.48623038499578', 'lng': '126.9485474098811'}","['샐러드', '카페/디저트', '야식', '포장']","{'average_rating': 4.9, 'count': 57, 'image_count': 45, 'reply_count': 44}",4.9,57,45,44,37.48623038,126.9485474,서울특별시 관악구 은천로24길 9,서울,관악구,봉천동,1,독립 매장,688
직화고기&짜글이전문-돈포유관악본점,"{'lat': '37.4837778', 'lng': '126.94018822'}","['찜/탕', '한식', '고기/구이']","{'average_rating': 4.9, 'count': 657, 'image_count': 583, 'reply_count': 0}",4.9,657,583,0,37.4837778,126.9401882,서울특별시 관악구 봉천로 362-1,서울,관악구,봉천동,3,소규모 샵인샵,235
킹콩부대찌개-구로디지털점,"{'lat': '37.4832756462019', 'lng': '126.90398706777'}","['포장', '한식', '프랜차이즈']","{'average_rating': 4.9, 'count': 1074, 'image_count': 812, 'reply_count': 486}",4.9,1074,812,486,37.48327565,126.9039871,서울특별시 관악구 조원로 16,서울,관악구,신림동,2,소규모 샵인샵,164
곱도리탕은 곱도리킹 관악본점,"{'lat': '37.4856792', 'lng': '126.91791037'}","['찜/탕', '한식', '야식', '포장']","{'average_rating': 5.0, 'count': 4, 'image_count': 3, 'reply_count': 0}",5,4,3,0,37.4856792,126.9179104,서울특별시 관악구 조원로 141,서울,관악구,신림동,2,소규모 샵인샵,1046
이천밥쌤-봉천현대점,"{'lat': '37.4881385', 'lng': '126.9465584'}","['한식', '포장']","{'average_rating': 4.9, 'count': 135, 'image_count': 119, 'reply_count': 24}",4.9,135,119,24,37.4881385,126.9465584,서울특별시 관악구 양녕로 70,서울,관악구,봉천동,2,소규모 샵인샵,526
버텍스미국식덮밥-관악점,"{'lat': '37.4877201', 'lng': '126.95992422'}","['피자/양식', '고기/구이', '치킨', '포장']","{'average_rating': 5.0, 'count': 6, 'image_count': 3, 'reply_count': 4}",5,6,3,4,37.4877201,126.9599242,서울특별시 관악구 청림6길 3,서울,관악구,봉천동,7,대규모 공유주방,1009
수현이네통닭,"{'lat': '37.4864579', 'lng': '126.92993797'}","['야식', '치킨', '포장']","{'average_rating': 4.8, 'count': 345, 'image_count': 237, 'reply_count': 0}",4.8,345,237,0,37.4864579,126.929938,서울특별시 관악구 신림로68길 10,서울,관악구,신림동,4,대규모 공유주방,338
호랭이볶음밥-본점,"{'lat': '37.4814092', 'lng': '126.94310598'}","['한식', '분식', '포장', '일식/돈까스']","{'average_rating': 5.0, 'count': 1, 'image_count': 0, 'reply_count': 0}",5,1,0,0,37.4814092,126.943106,서울특별시 관악구 장군봉1길 56,서울,관악구,봉천동,11,대규모 공유주방,1131
만익마라탕,"{'lat': '37.476243', 'lng': '126.93927471'}","['중국집', '고기/구이', '아시안', '포장']","{'average_rating': 0.0, 'count': 0, 'image_count': 0, 'reply_count': 0}",0,0,0,0,37.476243,126.9392747,서울특별시 관악구 쑥고개로2길 30,서울,관악구,신림동,1,독립 매장,1178
크로플집,"{'lat': '37.4831877358231', 'lng': '126.917842458106'}","['카페/디저트', '포장']","{'average_rating': 5.0, 'count': 76, 'image_count': 89, 'reply_count': 76}",5,76,89,76,37.48318774,126.9178425,서울특별시 관악구 남부순환로153길 2,서울,관악구,신림동,1,독립 매장,634
통닭발,"{'lat': '37.4744646413171', 'lng': '126.919934180394'}","['포장', '한식', '야식']","{'average_rating': 4.7, 'count': 22, 'image_count': 8, 'reply_count': 5}",4.7,22,8,5,37.47446464,126.9199342,서울특별시 관악구 법원단지길 41,서울,관악구,신림동,1,독립 매장,862
칠층돈까스,"{'lat': '37.4828191', 'lng': '126.94352213'}","['한식', '고기/구이', '일식/돈까스', '포장']","{'average_rating': 4.9, 'count': 60, 'image_count': 47, 'reply_count': 52}",4.9,60,47,52,37.4828191,126.9435221,서울특별시 관악구 남부순환로 1739-9,서울,관악구,봉천동,1,독립 매장,678
홍익금치보쌈,"{'lat': '37.4910282097452', 'lng': '126.926926722116'}","['족발/보쌈', '야식']","{'average_rating': 5.0, 'count': 4, 'image_count': 3, 'reply_count': 0}",5,4,3,0,37.49102821,126.9269267,서울특별시 관악구 보라매로 17,서울,관악구,봉천동,1,독립 매장,1046
찜닭에빠진날-관악본점,"{'lat': '37.4854486', 'lng': '126.92872326'}","['중국집', '아시안', '포장']","{'average_rating': 4.8, 'count': 108, 'image_count': 115, 'reply_count': 108}",4.8,108,115,108,37.4854486,126.9287233,서울특별시 관악구 신림로65길 10-9,서울,관악구,신림동,19,대규모 공유주방,571
파스타를부탁해,"{'lat': '37.4871632', 'lng': '126.93368559'}","['피자/양식', '고기/구이', '프랜차이즈', '야식', '포장', '1인분주문']","{'average_rating': 4.9, 'count': 10453, 'image_count': 9022, 'reply_count': 0}",4.9,10453,9022,0,37.4871632,126.9336856,서울특별시 관악구 봉천로 293,서울,관악구,봉천동,3,소규모 샵인샵,8
땡전-신림점,"{'lat': '37.4843936', 'lng': '126.92651235'}","['아시안', '한식', '야식', '1인분주문']","{'average_rating': 3.7, 'count': 14, 'image_count': 13, 'reply_count': 0}",3.7,14,13,0,37.4843936,126.9265124,서울특별시 관악구 관천로 54,서울,관악구,신림동,5,대규모 공유주방,922
속이편한죽-관악점,"{'lat': '37.4840309', 'lng': '126.95324184'}","['한식', '도시락/죽', '포장']","{'average_rating': 5.0, 'count': 13, 'image_count': 9, 'reply_count': 0}",5,13,9,0,37.4840309,126.9532418,서울특별시 관악구 중앙길 24,서울,관악구,봉천동,5,대규모 공유주방,933
음매점-신림점,"{'lat': '37.4840656', 'lng': '126.93415012'}","['카페/디저트', '야식', '포장']","{'average_rating': 4.9, 'count': 59, 'image_count': 50, 'reply_count': 26}",4.9,59,50,26,37.4840656,126.9341501,서울특별시 관악구 남부순환로190길 13,서울,관악구,신림동,1,독립 매장,683
호랑이족발-관악본점,"{'lat': '37.4740372', 'lng': '126.91716419'}","['족발/보쌈', '고기/구이', '한식', '야식', '프랜차이즈', '포장']","{'average_rating': 5.0, 'count': 291, 'image_count': 333, 'reply_count': 280}",5,291,333,280,37.4740372,126.9171642,서울특별시 관악구 난곡로 221,서울,관악구,신림동,1,독립 매장,370
라사천마라탕-관악점,"{'lat': '37.4869971', 'lng': '126.92239141'}","['중국집', '아시안', '포장', '야식', '프랜차이즈']","{'average_rating': 3.7, 'count': 3, 'image_count': 4, 'reply_count': 0}",3.7,3,4,0,37.4869971,126.9223914,서울특별시 관악구 관천로 95,서울,관악구,신림동,2,소규모 샵인샵,1072
마라반점-관악점,"{'lat': '37.4841435', 'lng': '126.93354928'}","['피자/양식', '중국집', '한식', '아시안']","{'average_rating': 3.7, 'count': 3, 'image_count': 0, 'reply_count': 0}",3.7,3,0,0,37.4841435,126.9335493,서울특별시 관악구 남부순환로188길 9,서울,관악구,신림동,4,대규모 공유주방,1072
직화담,"{'lat': '37.4872042', 'lng': '126.93537874'}","['찜/탕', '한식', '고기/구이', '포장']","{'average_rating': 4.9, 'count': 56, 'image_count': 68, 'reply_count': 56}",4.9,56,68,56,37.4872042,126.9353787,서울특별시 관악구 봉천로23길 15,서울,관악구,봉천동,1,독립 매장,693
폭격떡볶이,"{'lat': '37.4875622', 'lng': '126.95993778'}","['한식', '분식', '포장', '신규맛집']","{'average_rating': 0.0, 'count': 0, 'image_count': 0, 'reply_count': 0}",0,0,0,0,37.4875622,126.9599378,서울특별시 관악구 청림6길 3,서울,관악구,봉천동,1,독립 매장,1178
을지경양식돈까스-관악점,"{'lat': '37.4840309', 'lng': '126.95324184'}","['피자/양식', '일식/돈까스', '도시락/죽', '포장', '프랜차이즈']","{'average_rating': 0.0, 'count': 0, 'image_count': 0, 'reply_count': 0}",0,0,0,0,37.4840309,126.9532418,서울특별시 관악구 중앙길 24,서울,관악구,봉천동,5,대규모 공유주방,1178
딸부자소문난족발-봉천점,"{'lat': '37.4816847', 'lng': '126.94261947'}","['한식', '족발/보쌈', '포장']","{'average_rating': 4.6, 'count': 10, 'image_count': 7, 'reply_count': 9}",4.6,10,7,9,37.4816847,126.9426195,서울특별시 관악구 장군봉1길 45,서울,관악구,봉천동,1,독립 매장,964
시원칼칼한분식,"{'lat': '37.4831722234075', 'lng': '126.913361227783'}","['한식', '분식', '포장', '야식']","{'average_rating': 4.9, 'count': 241, 'image_count': 218, 'reply_count': 30}",4.9,241,218,30,37.48317222,126.9133612,서울특별시 관악구 조원로18길 23,서울,관악구,신림동,1,독립 매장,424
이삭토스트-보라매점,"{'lat': '37.492273', 'lng': '126.92695982'}","['카페/디저트', '프랜차이즈', '샌드위치']","{'average_rating': 4.8, 'count': 142, 'image_count': 108, 'reply_count': 7}",4.8,142,108,7,37.492273,126.9269598,서울 관악구 봉천동 728-1,서울,관악구,봉천동,1,독립 매장,517
이찌카레-관악점,"{'lat': '37.4841435', 'lng': '126.93354928'}","['한식', '일식/돈까스', '아시안']","{'average_rating': 4.9, 'count': 52, 'image_count': 42, 'reply_count': 18}",4.9,52,42,18,37.4841435,126.9335493,서울특별시 관악구 남부순환로188길 9,서울,관악구,신림동,4,대규모 공유주방,705
숯불킹왕짱쪽갈비-관악점,"{'lat': '37.4879659', 'lng': '126.9467491'}","['한식', '야식', '고기/구이', '포장']","{'average_rating': 4.7, 'count': 261, 'image_count': 227, 'reply_count': 209}",4.7,261,227,209,37.4879659,126.9467491,서울특별시 관악구 양녕로 66,서울,관악구,봉천동,6,대규모 공유주방,400
김가네-관악푸르지오점,"{'lat': '37.4877201', 'lng': '126.95992422'}","['한식', '분식', '일식/돈까스', '포장', '프랜차이즈']","{'average_rating': 4.7, 'count': 205, 'image_count': 130, 'reply_count': 93}",4.7,205,130,93,37.4877201,126.9599242,서울특별시 관악구 청림6길 3,서울,관악구,봉천동,7,대규모 공유주방,452
커피브라더-신림점,"{'lat': '37.4881167901099', 'lng': '126.931597628682'}","['카페/디저트', '샌드위치', '분식', '야식', '프랜차이즈', '포장']","{'average_rating': 4.9, 'count': 1851, 'image_count': 1748, 'reply_count': 1758}",4.9,1851,1748,1758,37.48811679,126.9315976,서울특별시 관악구 봉천로 271-1,서울,관악구,봉천동,1,독립 매장,110
청춘김치찌개-관악본점,"{'lat': '37.4682262', 'lng': '126.93621368'}","['찜/탕', '한식', '포장', '프랜차이즈']","{'average_rating': 5.0, 'count': 38, 'image_count': 22, 'reply_count': 0}",5,38,22,0,37.4682262,126.9362137,서울특별시 관악구 신림로17길 56,서울,관악구,신림동,1,독립 매장,761
곱빠닭곱창에빠진닭한마리-관악본점,"{'lat': '37.4854486', 'lng': '126.92872326'}","['찜/탕', '한식', '포장']","{'average_rating': 0.0, 'count': 0, 'image_count': 0, 'reply_count': 0}",0,0,0,0,37.4854486,126.9287233,서울특별시 관악구 신림로65길 10-9,서울,관악구,신림동,19,대규모 공유주방,1178
주천옥가마솥김치찜,"{'lat': '37.4861566', 'lng': '126.94929621'}","['찜/탕', '한식', '고기/구이', '포장', '1인분주문']","{'average_rating': 4.9, 'count': 14, 'image_count': 11, 'reply_count': 0}",4.9,14,11,0,37.4861566,126.9492962,서울특별시 관악구 중앙길 110,서울,관악구,봉천동,1,독립 매장,922
자금성-신림점,"{'lat': '37.4834765', 'lng': '126.90762105'}","['중국집', '포장', '프랜차이즈', '1인분주문']","{'average_rating': 4.9, 'count': 32, 'image_count': 27, 'reply_count': 31}",4.9,32,27,31,37.4834765,126.9076211,서울특별시 관악구 조원중앙로 50,서울,관악구,신림동,4,대규모 공유주방,786
배스킨라빈스-신림타임스트림점,"{'lat': '37.4838513411842', 'lng': '126.930234565071'}","['카페/디저트', '프랜차이즈', '포장']","{'average_rating': 4.6, 'count': 478, 'image_count': 237, 'reply_count': 48}",4.6,478,237,48,37.48385134,126.9302346,서울특별시 관악구 신림로 330,서울,관악구,신림동,4,대규모 공유주방,290
요거트아이스크림천국-봉천점,"{'lat': '37.4864143', 'lng': '126.95055895'}","['샐러드', '카페/디저트', '야식', '샌드위치', '포장']","{'average_rating': 4.9, 'count': 30, 'image_count': 29, 'reply_count': 0}",4.9,30,29,0,37.4864143,126.950559,서울특별시 관악구 은천로 138,서울,관악구,봉천동,4,대규모 공유주방,796
호치킨-은천초교점,"{'lat': '37.4865576', 'lng': '126.94424036'}","['프랜차이즈', '치킨']","{'average_rating': 4.8, 'count': 440, 'image_count': 380, 'reply_count': 1}",4.8,440,380,1,37.4865576,126.9442404,서울특별시 관악구 은천로 80,서울,관악구,봉천동,1,독립 매장,308
하누칼국수와돈까스,"{'lat': '37.4703588', 'lng': '126.93380715'}","['한식', '분식', '일식/돈까스', '포장']","{'average_rating': 4.5, 'count': 2, 'image_count': 1, 'reply_count': 0}",4.5,2,1,0,37.4703588,126.9338072,서울특별시 관악구 호암로26가길 12,서울,관악구,신림동,1,독립 매장,1095
98도씨국밥-보라매점,"{'lat': '37.4908841', 'lng': '126.93014672'}","['한식', '프랜차이즈', '야식', '포장', '분식', '치킨', '1인분주문']","{'average_rating': 4.9, 'count': 545, 'image_count': 451, 'reply_count': 537}",4.9,545,451,537,37.4908841,126.9301467,서울특별시 관악구 당곡2길 22,서울,관악구,봉천동,2,소규모 샵인샵,264
본죽-신대방역점,"{'lat': '37.4866554', 'lng': '126.91316474'}","['한식', '프랜차이즈', '도시락/죽', '1인분주문']","{'average_rating': 4.9, 'count': 98, 'image_count': 45, 'reply_count': 39}",4.9,98,45,39,37.4866554,126.9131647,서울특별시 관악구 신사로 94,서울,관악구,신림동,2,소규모 샵인샵,590
도파민커피,"{'lat': '37.4864143', 'lng': '126.95055895'}","['분식', '카페/디저트', '포장', '야식']","{'average_rating': 4.8, 'count': 28, 'image_count': 21, 'reply_count': 0}",4.8,28,21,0,37.4864143,126.950559,서울특별시 관악구 은천로 138,서울,관악구,봉천동,4,대규모 공유주방,810
파에빠진순살치킨,"{'lat': '37.4864579', 'lng': '126.92993797'}","['야식', '치킨']","{'average_rating': 4.3, 'count': 14, 'image_count': 10, 'reply_count': 0}",4.3,14,10,0,37.4864579,126.929938,서울특별시 관악구 신림로68길 10,서울,관악구,신림동,4,대규모 공유주방,922
이틀치찌개전문점-관악본점,"{'lat': '37.4854486', 'lng': '126.92872326'}","['찜/탕', '한식', '포장']","{'average_rating': 0.0, 'count': 0, 'image_count': 0, 'reply_count': 0}",0,0,0,0,37.4854486,126.9287233,서울특별시 관악구 신림로65길 10-9,서울,관악구,신림동,19,대규모 공유주방,1178
버터럼-카이막&샌드위치,"{'lat': '37.4864981', 'lng': '126.95799034'}","['카페/디저트', '샌드위치', '포장']","{'average_rating': 4.9, 'count': 413, 'image_count': 364, 'reply_count': 56}",4.9,413,364,56,37.4864981,126.9579903,서울특별시 관악구 관악로30길 9,서울,관악구,봉천동,2,소규모 샵인샵,315
21세기축산물백화점,"{'lat': '37.4850406', 'lng': '126.93591242'}","['한식', '고기/구이']","{'average_rating': 0.0, 'count': 0, 'image_count': 0, 'reply_count': 0}",0,0,0,0,37.4850406,126.9359124,서울특별시 관악구 남부순환로 1667,서울,관악구,봉천동,1,독립 매장,1178
과일담은요거트맛집요맛-신림점,"{'lat': '37.487693728290175', 'lng': '126.93039816877663'}","['카페/디저트', '야식', '포장']","{'average_rating': 4.9, 'count': 132, 'image_count': 110, 'reply_count': 38}",4.9,132,110,38,37.48769373,126.9303982,서울특별시 관악구 신림로70길 27,서울,관악구,신림동,1,독립 매장,531
메가MGC커피-당곡역점,"{'lat': '37.4896865168275', 'lng': '126.928066982453'}","['카페/디저트', '프랜차이즈', '포장']","{'average_rating': 4.9, 'count': 54, 'image_count': 41, 'reply_count': 44}",4.9,54,41,44,37.48968652,126.928067,서울특별시 관악구 보라매로 2,서울,관악구,봉천동,1,독립 매장,699
국밥모아-신림직영점,"{'lat': '37.4835792', 'lng': '126.91264579'}","['찜/탕', '한식', '고기/구이', '포장', '야식', '1인분주문']","{'average_rating': 4.9, 'count': 16, 'image_count': 13, 'reply_count': 16}",4.9,16,13,16,37.4835792,126.9126458,서울특별시 관악구 조원로18길 15,서울,관악구,신림동,2,소규모 샵인샵,910
튀긴치킨싫어서구운치킨만파는집-난우공원점,"{'lat': '37.4742868', 'lng': '126.9197243'}","['고기/구이', '프랜차이즈', '치킨', '분식', '야식', '포장', '1인분주문']","{'average_rating': 4.6, 'count': 25, 'image_count': 15, 'reply_count': 25}",4.6,25,15,25,37.4742868,126.9197243,서울특별시 관악구 법원단지길 38,서울,관악구,신림동,1,독립 매장,830
만석찜닭-관악본점,"{'lat': '37.4854486', 'lng': '126.92872326'}","['찜/탕', '한식', '고기/구이', '포장']","{'average_rating': 5.0, 'count': 11, 'image_count': 10, 'reply_count': 11}",5,11,10,11,37.4854486,126.9287233,서울특별시 관악구 신림로65길 10-9,서울,관악구,신림동,19,대규모 공유주방,949
싱싱과일앤바사삭튀김,"{'lat': '37.4864143', 'lng': '126.95055895'}","['샐러드', '분식', '카페/디저트', '야식', '포장']","{'average_rating': 4.0, 'count': 3, 'image_count': 2, 'reply_count': 0}",4,3,2,0,37.4864143,126.950559,서울특별시 관악구 은천로 138,서울,관악구,봉천동,4,대규모 공유주방,1072
닭오리전문점삼성산장,"{'lat': '37.4682484476223', 'lng': '126.937861423246'}","['한식', '고기/구이', '포장', '찜/탕']","{'average_rating': 4.9, 'count': 283, 'image_count': 245, 'reply_count': 3}",4.9,283,245,3,37.46824845,126.9378614,서울특별시 관악구 대학길 53,서울,관악구,신림동,1,독립 매장,377
카페플래닛-신림본점,"{'lat': '37.4822402', 'lng': '126.91826484'}","['카페/디저트', '포장']","{'average_rating': 5.0, 'count': 4, 'image_count': 2, 'reply_count': 3}",5,4,2,3,37.4822402,126.9182648,서울특별시 관악구 남부순환로 1508,서울,관악구,신림동,1,독립 매장,1046
파도리명가대파닭볶음탕전문점-관악본점,"{'lat': '37.4854486', 'lng': '126.92872326'}","['찜/탕', '한식', '포장']","{'average_rating': 0.0, 'count': 0, 'image_count': 0, 'reply_count': 0}",0,0,0,0,37.4854486,126.9287233,서울특별시 관악구 신림로65길 10-9,서울,관악구,신림동,19,대규모 공유주방,1178
타이반쩜-신림점,"{'lat': '37.4879659', 'lng': '126.9467491'}","['피자/양식', '아시안', '포장', '프랜차이즈', '다회용기', '1인분주문']","{'average_rating': 4.9, 'count': 1767, 'image_count': 1715, 'reply_count': 568}",4.9,1767,1715,568,37.4879659,126.9467491,서울특별시 관악구 양녕로 66,서울,관악구,봉천동,6,대규모 공유주방,115
마화쿵푸,"{'lat': '37.4693027', 'lng': '126.93784416'}","['중국집', '찜/탕', '포장', '다회용기']","{'average_rating': 5.0, 'count': 4, 'image_count': 1, 'reply_count': 0}",5,4,1,0,37.4693027,126.9378442,서울특별시 관악구 대학길 31,서울,관악구,신림동,1,독립 매장,1046
황금짜장,"{'lat': '37.4819666', 'lng': '126.94117995'}","['중국집', '포장', '아시안', '고기/구이']","{'average_rating': 4.5, 'count': 249, 'image_count': 166, 'reply_count': 0}",4.5,249,166,0,37.4819666,126.94118,서울특별시 관악구 장군봉1길 19,서울,관악구,봉천동,3,소규모 샵인샵,412
초밥에미친남자-구로점,"{'lat': '37.4811265', 'lng': '126.91421284'}","['일식/돈까스', '프랜차이즈', '회/초밥', '도시락/죽']","{'average_rating': 4.8, 'count': 2262, 'image_count': 1972, 'reply_count': 49}",4.8,2262,1972,49,37.4811265,126.9142128,서울특별시 관악구 난곡로63길 6,서울,관악구,신림동,7,대규모 공유주방,92
서도갈비-본점,"{'lat': '37.4835426', 'lng': '126.94195079'}","['포장', '한식', '분식', '야식', '찜/탕', '1인분주문']","{'average_rating': 5.0, 'count': 100, 'image_count': 106, 'reply_count': 0}",5,100,106,0,37.4835426,126.9419508,서울특별시 관악구 봉천로 377,서울,관악구,봉천동,1,독립 매장,585
피자알볼로-신림직영점,"{'lat': '37.4706049', 'lng': '126.93393897'}","['피자/양식', '프랜차이즈', '포장', '신규맛집']","{'average_rating': 0.0, 'count': 0, 'image_count': 0, 'reply_count': 0}",0,0,0,0,37.4706049,126.933939,서울특별시 관악구 호암로26가길 4,서울,관악구,신림동,2,소규모 샵인샵,1178
백채김치찌개-본점,"{'lat': '37.48123293306327', 'lng': '126.94773188686479'}","['찜/탕', '한식', '도시락/죽', '포장', '프랜차이즈']","{'average_rating': 3.6, 'count': 5, 'image_count': 7, 'reply_count': 1}",3.6,5,7,1,37.48123293,126.9477319,서울특별시 관악구 청룡1길 25,서울,관악구,봉천동,1,독립 매장,1025
파리바게뜨-관악은천점,"{'lat': '37.4868680228934', 'lng': '126.939283729356'}","['카페/디저트', '프랜차이즈', '샌드위치']","{'average_rating': 4.9, 'count': 258, 'image_count': 196, 'reply_count': 0}",4.9,258,196,0,37.48686802,126.9392837,서울특별시 관악구 봉천로23나길 69,서울,관악구,봉천동,1,독립 매장,403
분식정류장-본점,"{'lat': '37.4865123', 'lng': '126.9416755'}","['분식', '포장', '야식']","{'average_rating': 5.0, 'count': 1, 'image_count': 0, 'reply_count': 0}",5,1,0,0,37.4865123,126.9416755,서울특별시 관악구 국회단지2길 40,서울,관악구,봉천동,5,대규모 공유주방,1131
진마라탕,"{'lat': '37.4704811320458', 'lng': '126.934476797741'}","['중국집', '찜/탕', '아시안', '포장']","{'average_rating': 4.8, 'count': 123, 'image_count': 91, 'reply_count': 1}",4.8,123,91,1,37.47048113,126.9344768,서울특별시 관악구 신림로23길 16,서울,관악구,신림동,2,소규모 샵인샵,551
오늘도만찬,"{'lat': '37.468984157543', 'lng': '126.934181709738'}","['한식', '1인분주문']","{'average_rating': 4.9, 'count': 62, 'image_count': 48, 'reply_count': 36}",4.9,62,48,36,37.46898416,126.9341817,서울특별시 관악구 호암로22길 25,서울,관악구,신림동,1,독립 매장,671
죽생죽사-신림점,"{'lat': '37.4829856', 'lng': '126.9196316'}","['한식', '도시락/죽', '포장', '분식']","{'average_rating': 4.9, 'count': 185, 'image_count': 169, 'reply_count': 185}",4.9,185,169,185,37.4829856,126.9196316,서울특별시 관악구 남부순환로 1521,서울,관악구,신림동,1,독립 매장,466
두공기김치찜&김치찌개-관악점,"{'lat': '37.4793676', 'lng': '126.9569922'}","['찜/탕', '한식', '도시락/죽', '포장', '프랜차이즈', '1인분주문']","{'average_rating': 4.9, 'count': 8, 'image_count': 6, 'reply_count': 8}",4.9,8,6,8,37.4793676,126.9569922,서울특별시 관악구 남부순환로 1868,서울,관악구,봉천동,3,소규모 샵인샵,979
밥마라떡볶이-관악본점,"{'lat': '37.4837927', 'lng': '126.94021261'}","['한식', '고기/구이', '포장', '분식']","{'average_rating': 4.9, 'count': 978, 'image_count': 905, 'reply_count': 0}",4.9,978,905,0,37.4837927,126.9402126,서울특별시 관악구 봉천로 362-1,서울,관악구,봉천동,1,독립 매장,175
과일에반하다프루타-신림점,"{'lat': '37.4742374', 'lng': '126.93371197'}","['카페/디저트', '포장', '야식', '프랜차이즈']","{'average_rating': 4.9, 'count': 45, 'image_count': 46, 'reply_count': 40}",4.9,45,46,40,37.4742374,126.933712,서울특별시 관악구 신림로 169,서울,관악구,신림동,2,소규모 샵인샵,730
하이마라마라탕&마라샹궈-낙성대직영점,"{'lat': '37.477966', 'lng': '126.9620246'}","['중국집', '아시안', '포장', '야식', '찜/탕']","{'average_rating': 4.8, 'count': 86, 'image_count': 90, 'reply_count': 68}",4.8,86,90,68,37.477966,126.9620246,서울특별시 관악구 남부순환로 1913,서울,관악구,봉천동,1,독립 매장,611
대통자장면-비전점,"{'lat': '37.4828107', 'lng': '126.92612871'}","['중국집', '찜/탕', '아시안']","{'average_rating': 4.9, 'count': 538, 'image_count': 456, 'reply_count': 95}",4.9,538,456,95,37.4828107,126.9261287,서울특별시 관악구 신원로3길 50,서울,관악구,신림동,1,독립 매장,265
홈런즉석떡볶이-구로디지털점,"{'lat': '37.4832756462019', 'lng': '126.90398706777'}","['포장', '분식', '프랜차이즈']","{'average_rating': 4.9, 'count': 321, 'image_count': 277, 'reply_count': 17}",4.9,321,277,17,37.48327565,126.9039871,서울특별시 관악구 조원로 16,서울,관악구,신림동,2,소규모 샵인샵,352
갈비숯불고기-옥탑방야옹이,"{'lat': '37.4827801284744', 'lng': '126.924090245811'}","['한식', '고기/구이', '포장']","{'average_rating': 5.0, 'count': 3, 'image_count': 3, 'reply_count': 0}",5,3,3,0,37.48278013,126.9240902,서울특별시 관악구 남부순환로172길 33,서울,관악구,신림동,1,독립 매장,1072
착한덮밥-관악점,"{'lat': '37.4680538', 'lng': '126.93746599'}","['한식', '도시락/죽', '프랜차이즈', '포장']","{'average_rating': 5.0, 'count': 41, 'image_count': 34, 'reply_count': 7}",5,41,34,7,37.4680538,126.937466,서울특별시 관악구 대학길 58-3,서울,관악구,신림동,2,소규모 샵인샵,746
고망고-신림점,"{'lat': '37.4839267', 'lng': '126.9290847'}","['카페/디저트', '포장', '프랜차이즈']","{'average_rating': 5.0, 'count': 5, 'image_count': 4, 'reply_count': 0}",5,5,4,0,37.4839267,126.9290847,서울특별시 관악구 남부순환로 1606,서울,관악구,신림동,1,독립 매장,1025
마왕곱도리-관악본점,"{'lat': '37.4840309', 'lng': '126.95324184'}","['찜/탕', '한식', '포장']","{'average_rating': 4.9, 'count': 69, 'image_count': 47, 'reply_count': 22}",4.9,69,47,22,37.4840309,126.9532418,서울특별시 관악구 중앙길 24,서울,관악구,봉천동,5,대규모 공유주방,649
두남자의볶음밥&냉모밀-관악점,"{'lat': '37.4841435', 'lng': '126.93354928'}","['한식', '일식/돈까스', '아시안']","{'average_rating': 4.8, 'count': 98, 'image_count': 56, 'reply_count': 0}",4.8,98,56,0,37.4841435,126.9335493,서울특별시 관악구 남부순환로188길 9,서울,관악구,신림동,4,대규모 공유주방,590
곽선생왕만두-관악점,"{'lat': '37.482388', 'lng': '126.94374014'}","['분식', '포장', '프랜차이즈']","{'average_rating': 4.5, 'count': 2, 'image_count': 1, 'reply_count': 0}",4.5,2,1,0,37.482388,126.9437401,서울특별시 관악구 남부순환로 1741,서울,관악구,봉천동,2,소규모 샵인샵,1095
BRsingles-봉천현대점,"{'lat': '37.4869475888964', 'lng': '126.947928226427'}","['카페/디저트', '프랜차이즈', '포장', '1인분주문']","{'average_rating': 4.8, 'count': 4, 'image_count': 2, 'reply_count': 0}",4.8,4,2,0,37.48694759,126.9479282,서울특별시 관악구 은천로 113,서울,관악구,봉천동,2,소규모 샵인샵,1046
얼큰이상회,"{'lat': '37.4864785', 'lng': '126.92226258'}","['찜/탕', '한식', '야식', '포장']","{'average_rating': 4.7, 'count': 7, 'image_count': 5, 'reply_count': 7}",4.7,7,5,7,37.4864785,126.9222626,서울특별시 관악구 조원로 181,서울,관악구,신림동,2,소규모 샵인샵,991
컴포즈커피-봉천점,"{'lat': '37.4872407886702', 'lng': '126.94660421570082'}","['카페/디저트', '프랜차이즈']","{'average_rating': 4.5, 'count': 27, 'image_count': 17, 'reply_count': 0}",4.5,27,17,0,37.48724079,126.9466042,서울특별시 관악구 양녕로 59,서울,관악구,봉천동,1,독립 매장,818
일단시켜찹쌀타코야끼&카페,"{'lat': '37.4868546', 'lng': '126.95527802'}","['분식', '카페/디저트', '일식/돈까스', '야식', '1인분주문']","{'average_rating': 5.0, 'count': 9, 'image_count': 4, 'reply_count': 0}",5,9,4,0,37.4868546,126.955278,서울 관악구 봉천동 40-103,서울,관악구,봉천동,1,독립 매장,975
개성냉면-신림점,"{'lat': '37.4834765', 'lng': '126.90762105'}","['한식', '분식', '포장', '1인분주문']","{'average_rating': 5.0, 'count': 13, 'image_count': 8, 'reply_count': 12}",5,13,8,12,37.4834765,126.9076211,서울특별시 관악구 조원중앙로 50,서울,관악구,신림동,4,대규모 공유주방,933
꽉꽉떡볶이-관악점,"{'lat': '37.4877201', 'lng': '126.95992422'}","['한식', '분식', '치킨', '포장']","{'average_rating': 5.0, 'count': 1, 'image_count': 1, 'reply_count': 1}",5,1,1,1,37.4877201,126.9599242,서울특별시 관악구 청림6길 3,서울,관악구,봉천동,7,대규모 공유주방,1131
처갓집양념치킨-봉천점,"{'lat': '37.4867629', 'lng': '126.94082561'}","['프랜차이즈', '치킨', '야식', '포장']","{'average_rating': 4.9, 'count': 20, 'image_count': 13, 'reply_count': 20}",4.9,20,13,20,37.4867629,126.9408256,서울특별시 관악구 은천로9길 14,서울,관악구,봉천동,5,대규모 공유주방,878
착한덮밥&도시락-관악점,"{'lat': '37.4680538', 'lng': '126.93746599'}","['한식', '도시락/죽', '포장']","{'average_rating': 4.9, 'count': 103, 'image_count': 98, 'reply_count': 36}",4.9,103,98,36,37.4680538,126.937466,서울특별시 관악구 대학길 58-3,서울,관악구,신림동,2,소규모 샵인샵,582
고르도피자-봉천점,"{'lat': '37.4838462', 'lng': '126.95313381'}","['피자/양식', '야식', '포장']","{'average_rating': 5.0, 'count': 182, 'image_count': 188, 'reply_count': 169}",5,182,188,169,37.4838462,126.9531338,서울특별시 관악구 중앙길 23,서울,관악구,봉천동,1,독립 매장,473
오비스케밥-서울대입구역점,"{'lat': '37.4839695', 'lng': '126.95558387'}","['피자/양식', '아시안', '야식', '1인분주문']","{'average_rating': 5.0, 'count': 5, 'image_count': 7, 'reply_count': 0}",5,5,7,0,37.4839695,126.9555839,서울특별시 관악구 관악로24길 14,서울,관악구,봉천동,4,대규모 공유주방,1025
마포화곱창-신림점,"{'lat': '37.4870127', 'lng': '126.92534823'}","['한식', '야식', '고기/구이', '프랜차이즈']","{'average_rating': 4.8, 'count': 343, 'image_count': 345, 'reply_count': 42}",4.8,343,345,42,37.4870127,126.9253482,서울특별시 관악구 신림동길 32,서울,관악구,신림동,1,독립 매장,340
의정부불냉면-서울대입구역점,"{'lat': '37.4859121', 'lng': '126.95687489'}","['한식', '분식', '포장', '야식', '신규맛집']","{'average_rating': 0.0, 'count': 0, 'image_count': 0, 'reply_count': 0}",0,0,0,0,37.4859121,126.9568749,서울특별시 관악구 관악로 244,서울,관악구,봉천동,3,소규모 샵인샵,1178
큰그림과일&야채가게,"{'lat': '37.4751431972374', 'lng': '126.932372347498'}","['카페/디저트', '포장']","{'average_rating': 0.0, 'count': 0, 'image_count': 0, 'reply_count': 0}",0,0,0,0,37.4751432,126.9323723,서울특별시 관악구 신림로29길 8,서울,관악구,신림동,1,독립 매장,1178
이삭토스트-미성점,"{'lat': '37.4796289407496', 'lng': '126.91468482382'}","['카페/디저트', '프랜차이즈', '샌드위치']","{'average_rating': 4.9, 'count': 125, 'image_count': 77, 'reply_count': 1}",4.9,125,77,1,37.47962894,126.9146848,서울특별시 관악구 난곡로 287,서울,관악구,신림동,1,독립 매장,547
짝꿍파스타,"{'lat': '37.4880912', 'lng': '126.95852013'}","['피자/양식', '1인분주문', '포장']","{'average_rating': 5.0, 'count': 88, 'image_count': 98, 'reply_count': 80}",5,88,98,80,37.4880912,126.9585201,서울특별시 관악구 청림길 4,서울,관악구,봉천동,1,독립 매장,608
덮밥90도씨-관악점,"{'lat': '37.4800102821691', 'lng': '126.927809952324'}","['포장', '한식', '야식', '프랜차이즈', '고기/구이']","{'average_rating': 4.8, 'count': 762, 'image_count': 706, 'reply_count': 181}",4.8,762,706,181,37.48001028,126.92781,서울특별시 관악구 신원로 7,서울,관악구,신림동,2,소규모 샵인샵,219
육회바른연어-낙성대점,"{'lat': '37.4757206', 'lng': '126.96428153'}","['고기/구이', '일식/돈까스', '회/초밥', '프랜차이즈']","{'average_rating': 5.0, 'count': 73, 'image_count': 58, 'reply_count': 28}",5,73,58,28,37.4757206,126.9642815,서울특별시 관악구 남부순환로246길 18,서울,관악구,봉천동,1,독립 매장,642
육도령-신림점,"{'lat': '37.4826161', 'lng': '126.91047824'}","['찜/탕', '한식', '고기/구이', '포장', '야식']","{'average_rating': 4.3, 'count': 15, 'image_count': 14, 'reply_count': 14}",4.3,15,14,14,37.4826161,126.9104782,서울특별시 관악구 남부순환로143길 29,서울,관악구,신림동,3,소규모 샵인샵,915
태리로제떡볶이&닭강정-신림점,"{'lat': '37.4872731', 'lng': '126.91455948'}","['분식', '프랜차이즈', '포장', '치킨']","{'average_rating': 4.8, 'count': 1153, 'image_count': 1044, 'reply_count': 210}",4.8,1153,1044,210,37.4872731,126.9145595,서울특별시 관악구 신사로10길 7,서울,관악구,신림동,2,소규모 샵인샵,158
파머스포케-서울대점,"{'lat': '37.4685778', 'lng': '126.93775233'}","['샐러드', '카페/디저트', '포장', '프랜차이즈']","{'average_rating': 4.8, 'count': 11, 'image_count': 7, 'reply_count': 9}",4.8,11,7,9,37.4685778,126.9377523,서울특별시 관악구 대학길 47,서울,관악구,신림동,2,소규모 샵인샵,949
가마솥도시락,"{'lat': '37.4686969991815', 'lng': '126.940417522828'}","['포장', '한식', '일식/돈까스', '치킨', '1인분주문']","{'average_rating': 4.9, 'count': 80, 'image_count': 47, 'reply_count': 51}",4.9,80,47,51,37.468697,126.9404175,서울특별시 관악구 대학7길 49,서울,관악구,신림동,5,대규모 공유주방,626
죽전할매-관악점,"{'lat': '37.4873822', 'lng': '126.94822192'}","['한식', '야식', '도시락/죽', '포장']","{'average_rating': 4.0, 'count': 6, 'image_count': 5, 'reply_count': 3}",4,6,5,3,37.4873822,126.9482219,서울특별시 관악구 은천로23길 16,서울,관악구,봉천동,4,대규모 공유주방,1009
스시모모타로,"{'lat': '37.485560866012406', 'lng': '126.93440313964342'}","['일식/돈까스', '회/초밥']","{'average_rating': 4.9, 'count': 21, 'image_count': 20, 'reply_count': 0}",4.9,21,20,0,37.48556087,126.9344031,서울특별시 관악구 남부순환로191길 8,서울,관악구,봉천동,1,독립 매장,871
던킨-신림양지병원점,"{'lat': '37.484351703921035', 'lng': '126.93283766796928'}","['카페/디저트', '프랜차이즈', '포장']","{'average_rating': 0.0, 'count': 0, 'image_count': 0, 'reply_count': 0}",0,0,0,0,37.4843517,126.9328377,서울특별시 관악구 남부순환로 1640,서울,관악구,신림동,1,독립 매장,1178
압구정샌드위치-봉천점,"{'lat': '37.479397', 'lng': '126.94365984'}","['샐러드', '카페/디저트', '샌드위치', '포장', '프랜차이즈']","{'average_rating': 5.0, 'count': 27, 'image_count': 22, 'reply_count': 0}",5,27,22,0,37.479397,126.9436598,서울특별시 관악구 쑥고개로 66,서울,관악구,봉천동,1,독립 매장,818
순대국에진심인남자-직영1호점,"{'lat': '37.4873822', 'lng': '126.94822192'}","['분식', '치킨', '포장', '야식']","{'average_rating': 5.0, 'count': 263, 'image_count': 252, 'reply_count': 228}",5,263,252,228,37.4873822,126.9482219,서울특별시 관악구 은천로23길 16,서울,관악구,봉천동,4,대규모 공유주방,396
더리터-신림점,"{'lat': '37.4880953', 'lng': '126.92582884'}","['카페/디저트', '프랜차이즈', '포장']","{'average_rating': 0.0, 'count': 0, 'image_count': 0, 'reply_count': 0}",0,0,0,0,37.4880953,126.9258288,서울특별시 관악구 신림로71길 46,서울,관악구,신림동,1,독립 매장,1178
황제돈숯불고기-관악점,"{'lat': '37.4793676', 'lng': '126.9569922'}","['한식', '분식', '고기/구이', '포장', '프랜차이즈']","{'average_rating': 5.0, 'count': 3, 'image_count': 2, 'reply_count': 3}",5,3,2,3,37.4793676,126.9569922,서울특별시 관악구 남부순환로 1868,서울,관악구,봉천동,3,소규모 샵인샵,1072
암파스타레&피자-봉천점,"{'lat': '37.4908841', 'lng': '126.93014672'}","['피자/양식', '프랜차이즈', '야식', '포장', '1인분주문']","{'average_rating': 5.0, 'count': 17, 'image_count': 18, 'reply_count': 12}",5,17,18,12,37.4908841,126.9301467,서울특별시 관악구 당곡2길 22,서울,관악구,봉천동,2,소규모 샵인샵,900
아이캔리부트-서울대점,"{'lat': '37.4798472', 'lng': '126.94789647'}","['카페/디저트', '샌드위치', '샐러드', '포장']","{'average_rating': 4.9, 'count': 29, 'image_count': 42, 'reply_count': 25}",4.9,29,42,25,37.4798472,126.9478965,서울특별시 관악구 청룡7길 33,서울,관악구,봉천동,1,독립 매장,803
인생BBQ-양키고기-관악점,"{'lat': '37.4779272', 'lng': '126.96073671'}","['한식', '고기/구이', '도시락/죽', '포장', '야식', '1인분주문']","{'average_rating': 5.0, 'count': 905, 'image_count': 755, 'reply_count': 738}",5,905,755,738,37.4779272,126.9607367,서울특별시 관악구 남부순환로 1904,서울,관악구,봉천동,1,독립 매장,188
덮밥한입만-본점,"{'lat': '37.4856533', 'lng': '126.95747498'}","['한식', '포장', '신규맛집']","{'average_rating': 0.0, 'count': 0, 'image_count': 0, 'reply_count': 0}",0,0,0,0,37.4856533,126.957475,서울특별시 관악구 관악로24길 68,서울,관악구,봉천동,2,소규모 샵인샵,1178
처갓집양념치킨-행운점,"{'lat': '37.4859121', 'lng': '126.95687489'}","['야식', '치킨', '포장', '프랜차이즈', '신규맛집']","{'average_rating': 5.0, 'count': 1, 'image_count': 1, 'reply_count': 0}",5,1,1,0,37.4859121,126.9568749,서울특별시 관악구 관악로 244,서울,관악구,봉천동,3,소규모 샵인샵,1131
수현이네옛날통닭-신림점,"{'lat': '37.4864579', 'lng': '126.92993797'}","['야식', '치킨']","{'average_rating': 4.6, 'count': 22, 'image_count': 15, 'reply_count': 0}",4.6,22,15,0,37.4864579,126.929938,서울특별시 관악구 신림로68길 10,서울,관악구,신림동,4,대규모 공유주방,862
만성찬팅,"{'lat': '37.4830779561699', 'lng': '126.930413359378'}",['중국집'],"{'average_rating': 0.0, 'count': 0, 'image_count': 0, 'reply_count': 0}",0,0,0,0,37.48307796,126.9304134,서울특별시 관악구 신림로 322-4,서울,관악구,신림동,1,독립 매장,1178
휘가로,"{'lat': '37.4695928', 'lng': '126.93872468'}","['포장', '한식', '야식', '고기/구이', '찜/탕']","{'average_rating': 4.9, 'count': 512, 'image_count': 525, 'reply_count': 486}",4.9,512,525,486,37.4695928,126.9387247,서울특별시 관악구 신림로11길 20,서울,관악구,신림동,1,독립 매장,279
기막힌포차&수육,"{'lat': '37.4824907', 'lng': '126.93102758'}","['한식', '족발/보쌈', '찜/탕']","{'average_rating': 4.9, 'count': 21, 'image_count': 17, 'reply_count': 0}",4.9,21,17,0,37.4824907,126.9310276,서울특별시 관악구 신림로58길 21,서울,관악구,신림동,1,독립 매장,871
토닭토닭-봉천점,"{'lat': '37.4868774', 'lng': '126.95812394'}","['찜/탕', '한식', '포장', '프랜차이즈']","{'average_rating': 4.9, 'count': 33, 'image_count': 31, 'reply_count': 1}",4.9,33,31,1,37.4868774,126.9581239,서울특별시 관악구 청림2길 36,서울,관악구,봉천동,1,독립 매장,781
고기반김치반반반김치찜-신림점,"{'lat': '37.4685704', 'lng': '126.93726426'}","['찜/탕', '한식', '고기/구이', '야식', '포장', '프랜차이즈']","{'average_rating': 4.8, 'count': 5, 'image_count': 7, 'reply_count': 3}",4.8,5,7,3,37.4685704,126.9372643,서울특별시 관악구 호암로22길 81,서울,관악구,신림동,3,소규모 샵인샵,1025
스택빈-신림봉천점,"{'lat': '37.4841364', 'lng': '126.93906159'}","['카페/디저트', '포장', '야식', '샌드위치']","{'average_rating': 5.0, 'count': 3, 'image_count': 2, 'reply_count': 2}",5,3,2,2,37.4841364,126.9390616,서울특별시 관악구 봉천로 352,서울,관악구,봉천동,1,독립 매장,1072
처갓집양념치킨-서울대입구점,"{'lat': '37.4797249', 'lng': '126.94838435'}","['치킨', '포장', '프랜차이즈']","{'average_rating': 4.9, 'count': 14, 'image_count': 10, 'reply_count': 0}",4.9,14,10,0,37.4797249,126.9483844,서울특별시 관악구 청룡7길 41,서울,관악구,봉천동,1,독립 매장,922
죽의신-본점,"{'lat': '37.4804264', 'lng': '126.90189644'}","['한식', '도시락/죽', '포장', '프랜차이즈']","{'average_rating': 5.0, 'count': 57, 'image_count': 56, 'reply_count': 57}",5,57,56,57,37.4804264,126.9018964,서울특별시 관악구 시흥대로160길 38,서울,관악구,신림동,1,독립 매장,688
커리&오므라이스,"{'lat': '37.4839695', 'lng': '126.95558387'}","['한식', '일식/돈까스', '포장']","{'average_rating': 4.8, 'count': 26, 'image_count': 35, 'reply_count': 24}",4.8,26,35,24,37.4839695,126.9555839,서울특별시 관악구 관악로24길 14,서울,관악구,봉천동,4,대규모 공유주방,826
홍익팔뚝금밥,"{'lat': '37.4694400154917', 'lng': '126.936646346676'}","['분식', '포장']","{'average_rating': 4.9, 'count': 331, 'image_count': 293, 'reply_count': 118}",4.9,331,293,118,37.46944002,126.9366463,서울특별시 관악구 호암로24길 63,서울,관악구,신림동,1,독립 매장,346
순삭닭강정-관악점,"{'lat': '37.4793391391712', 'lng': '126.949015513263'}","['프랜차이즈', '치킨', '포장']","{'average_rating': 4.9, 'count': 885, 'image_count': 802, 'reply_count': 291}",4.9,885,802,291,37.47933914,126.9490155,서울특별시 관악구 쑥고개로 111,서울,관악구,봉천동,1,독립 매장,190
시카고부대찌개-봉천점,"{'lat': '37.4775841072818', 'lng': '126.959079586188'}","['찜/탕', '한식', '프랜차이즈', '포장']","{'average_rating': 4.9, 'count': 638, 'image_count': 466, 'reply_count': 104}",4.9,638,466,104,37.47758411,126.9590796,서울특별시 관악구 낙성대로 12,서울,관악구,봉천동,3,소규모 샵인샵,239
땅스즉석떡볶이-난곡점,"{'lat': '37.4742384791911', 'lng': '126.91958345092'}","['분식', '프랜차이즈']","{'average_rating': 4.9, 'count': 90, 'image_count': 81, 'reply_count': 90}",4.9,90,81,90,37.47423848,126.9195835,서울특별시 관악구 법원단지길 34,서울,관악구,신림동,2,소규모 샵인샵,606
밥마라떡볶이-신림본점,"{'lat': '37.4837778', 'lng': '126.94018822'}","['한식', '분식', '고기/구이', '포장']","{'average_rating': 0.0, 'count': 0, 'image_count': 0, 'reply_count': 0}",0,0,0,0,37.4837778,126.9401882,서울특별시 관악구 봉천로 362-1,서울,관악구,봉천동,3,소규모 샵인샵,1178
그릿커피랩,"{'lat': '37.4793071388502', 'lng': '126.947707376594'}","['카페/디저트', '야식', '샌드위치']","{'average_rating': 4.9, 'count': 843, 'image_count': 596, 'reply_count': 832}",4.9,843,596,832,37.47930714,126.9477074,서울특별시 관악구 쑥고개로 99,서울,관악구,봉천동,1,독립 매장,197
어쩌다식당,"{'lat': '37.4690508', 'lng': '126.93458726'}","['찜/탕', '한식', '일식/돈까스', '포장', '야식']","{'average_rating': 5.0, 'count': 5, 'image_count': 2, 'reply_count': 5}",5,5,2,5,37.4690508,126.9345873,서울특별시 관악구 신림로23길 42,서울,관악구,신림동,1,독립 매장,1025
라바게트샌드위치&커피-신림,"{'lat': '37.4767829', 'lng': '126.93632618'}","['카페/디저트', '포장', '프랜차이즈']","{'average_rating': 5.0, 'count': 4, 'image_count': 2, 'reply_count': 2}",5,4,2,2,37.4767829,126.9363262,서울특별시 관악구 신림로 221-4,서울,관악구,신림동,2,소규모 샵인샵,1046
호식이두마리치킨-난곡점,"{'lat': '37.4627908233644', 'lng': '126.917308064132'}","['프랜차이즈', '치킨', '포장']","{'average_rating': 4.9, 'count': 2917, 'image_count': 2491, 'reply_count': 986}",4.9,2917,2491,986,37.46279082,126.9173081,서울특별시 관악구 난향5길 2,서울,관악구,신림동,1,독립 매장,69
명랑한찜닭-본사직영점,"{'lat': '37.4775841072818', 'lng': '126.959079586188'}","['포장', '한식', '프랜차이즈', '찜/탕']","{'average_rating': 4.9, 'count': 4446, 'image_count': 3852, 'reply_count': 172}",4.9,4446,3852,172,37.47758411,126.9590796,서울특별시 관악구 낙성대로 12,서울,관악구,봉천동,3,소규모 샵인샵,35
커피인더문,"{'lat': '37.4751283', 'lng': '126.91483154'}","['카페/디저트', '포장']","{'average_rating': 5.0, 'count': 4, 'image_count': 4, 'reply_count': 0}",5,4,4,0,37.4751283,126.9148315,서울특별시 관악구 문성로16가길 46,서울,관악구,신림동,1,독립 매장,1046
봉순이네,"{'lat': '37.4839231', 'lng': '126.95304372'}","['한식', '포장']","{'average_rating': 4.8, 'count': 27, 'image_count': 13, 'reply_count': 0}",4.8,27,13,0,37.4839231,126.9530437,서울특별시 관악구 중앙길 25,서울,관악구,봉천동,1,독립 매장,818
치킨만팔아요,"{'lat': '37.4894119379892', 'lng': '126.947725807949'}","['치킨', '분식', '포장', '야식']","{'average_rating': 4.9, 'count': 99, 'image_count': 81, 'reply_count': 40}",4.9,99,81,40,37.48941194,126.9477258,서울특별시 관악구 구암길 33,서울,관악구,봉천동,1,독립 매장,586
매튜의푸드중독,"{'lat': '37.4838235', 'lng': '126.95555316'}","['분식', '카페/디저트', '야식', '포장']","{'average_rating': 4.8, 'count': 53, 'image_count': 47, 'reply_count': 52}",4.8,53,47,52,37.4838235,126.9555532,서울특별시 관악구 관악로24길 14,서울,관악구,봉천동,1,독립 매장,702
덮다,"{'lat': '37.4780029', 'lng': '126.95261932'}","['포장', '한식', '고기/구이']","{'average_rating': 4.9, 'count': 578, 'image_count': 443, 'reply_count': 348}",4.9,578,443,348,37.4780029,126.9526193,서울특별시 관악구 관악로 144,서울,관악구,봉천동,1,독립 매장,256
로우팻다이어트고기야채샤브찜,"{'lat': '37.4802817', 'lng': '126.95471668'}","['찜/탕', '한식', '고기/구이', '포장']","{'average_rating': 5.0, 'count': 23, 'image_count': 17, 'reply_count': 0}",5,23,17,0,37.4802817,126.9547167,서울특별시 관악구 남부순환로 1844,서울,관악구,봉천동,4,대규모 공유주방,855
이얼싼마라탕-봉천점,"{'lat': '37.4861422135338', 'lng': '126.947285509728'}","['중국집', '분식', '아시안', '포장']","{'average_rating': 4.9, 'count': 21, 'image_count': 17, 'reply_count': 14}",4.9,21,17,14,37.48614221,126.9472855,서울특별시 관악구 양녕로 46,서울,관악구,봉천동,1,독립 매장,871
카페레이어&베이커리3호점,"{'lat': '37.4870239', 'lng': '126.92814199'}","['카페/디저트', '포장']","{'average_rating': 0.0, 'count': 0, 'image_count': 0, 'reply_count': 0}",0,0,0,0,37.4870239,126.928142,서울특별시 관악구 신림동1길 8,서울,관악구,신림동,1,독립 매장,1178
서민제육-관악점,"{'lat': '37.4793676', 'lng': '126.9569922'}","['한식', '분식', '고기/구이', '포장', '프랜차이즈']","{'average_rating': 4.8, 'count': 17, 'image_count': 13, 'reply_count': 17}",4.8,17,13,17,37.4793676,126.9569922,서울특별시 관악구 남부순환로 1868,서울,관악구,봉천동,3,소규모 샵인샵,900
네네치킨-봉천현대점,"{'lat': '37.48279082245', 'lng': '126.949189597765'}","['야식', '프랜차이즈', '치킨', '포장']","{'average_rating': 4.8, 'count': 1103, 'image_count': 793, 'reply_count': 11}",4.8,1103,793,11,37.48279082,126.9491896,서울특별시 관악구 봉천로 441,서울,관악구,봉천동,2,소규모 샵인샵,160
덕뽀리오리바베큐-관악점,"{'lat': '37.4879659', 'lng': '126.9467491'}","['한식', '족발/보쌈', '야식', '프랜차이즈', '포장']","{'average_rating': 4.5, 'count': 27, 'image_count': 17, 'reply_count': 7}",4.5,27,17,7,37.4879659,126.9467491,서울특별시 관악구 양녕로 66,서울,관악구,봉천동,6,대규모 공유주방,818
포차종점,"{'lat': '37.4632631', 'lng': '126.91871338'}","['찜/탕', '한식', '치킨', '포장', '야식']","{'average_rating': 0.0, 'count': 0, 'image_count': 0, 'reply_count': 0}",0,0,0,0,37.4632631,126.9187134,서울특별시 관악구 난곡로 89-3,서울,관악구,신림동,1,독립 매장,1178
바다수다,"{'lat': '37.4796152708958', 'lng': '126.944760068997'}","['일식/돈까스', '포장', '한식', '회/초밥']","{'average_rating': 5.0, 'count': 5, 'image_count': 6, 'reply_count': 3}",5,5,6,3,37.47961527,126.9447601,서울특별시 관악구 쑥고개로 73-1,서울,관악구,봉천동,1,독립 매장,1025
예이KEEPEATING-본점,"{'lat': '37.4867736', 'lng': '126.93075265'}","['피자/양식', '분식', '고기/구이', '포장']","{'average_rating': 4.9, 'count': 470, 'image_count': 401, 'reply_count': 51}",4.9,470,401,51,37.4867736,126.9307527,서울특별시 관악구 신림로68길 25,서울,관악구,신림동,1,독립 매장,294
BRsingles-난곡점,"{'lat': '37.4736839', 'lng': '126.91785411'}","['카페/디저트', '프랜차이즈', '포장', '1인분주문']","{'average_rating': 0.0, 'count': 0, 'image_count': 0, 'reply_count': 0}",0,0,0,0,37.4736839,126.9178541,서울특별시 관악구 난곡로 213,서울,관악구,신림동,2,소규모 샵인샵,1178
욕심쟁이 고기덮밥-관악직영점,"{'lat': '37.483194516786824', 'lng': '126.94515672134224'}","['한식', '야식', '도시락/죽', '포장']","{'average_rating': 0.0, 'count': 0, 'image_count': 0, 'reply_count': 0}",0,0,0,0,37.48319452,126.9451567,서울특별시 관악구 봉천로 407,서울,관악구,봉천동,8,대규모 공유주방,1178
산골칡냉면-관악점,"{'lat': '37.4727900269176', 'lng': '126.93892075958'}","['한식', '분식', '찜/탕', '프랜차이즈']","{'average_rating': 4.5, 'count': 276, 'image_count': 129, 'reply_count': 5}",4.5,276,129,5,37.47279003,126.9389208,서울특별시 관악구 서림길 78,서울,관악구,신림동,1,독립 매장,388
미친제육,"{'lat': '37.4859944', 'lng': '126.92117477'}","['찜/탕', '한식', '고기/구이', '야식', '포장', '1인분주문']","{'average_rating': 4.9, 'count': 28, 'image_count': 24, 'reply_count': 22}",4.9,28,24,22,37.4859944,126.9211748,서울특별시 관악구 조원로 170,서울,관악구,신림동,8,대규모 공유주방,810
봉구스밥버거-신림2점,"{'lat': '37.4703086', 'lng': '126.93906595'}","['한식', '버거', '분식', '프랜차이즈']","{'average_rating': 0.0, 'count': 0, 'image_count': 0, 'reply_count': 0}",0,0,0,0,37.4703086,126.939066,서울특별시 관악구 신림로 91,서울,관악구,신림동,1,독립 매장,1178
메가MGC커피-신림역도림천점,"{'lat': '37.4842659', 'lng': '126.92815599'}","['카페/디저트', '프랜차이즈']","{'average_rating': 0.0, 'count': 0, 'image_count': 0, 'reply_count': 0}",0,0,0,0,37.4842659,126.928156,서울특별시 관악구 남부순환로 1599,서울,관악구,신림동,1,독립 매장,1178
가마솥도시락&한식,"{'lat': '37.4686969991815', 'lng': '126.940417522828'}","['한식', '일식/돈까스', '치킨']","{'average_rating': 4.8, 'count': 30, 'image_count': 27, 'reply_count': 9}",4.8,30,27,9,37.468697,126.9404175,서울특별시 관악구 대학7길 49,서울,관악구,신림동,5,대규모 공유주방,796
본죽앤비빔밥-봉천역점,"{'lat': '37.48248925866154', 'lng': '126.9436050971812'}","['한식', '프랜차이즈', '도시락/죽', '1인분주문']","{'average_rating': 4.9, 'count': 11, 'image_count': 9, 'reply_count': 2}",4.9,11,9,2,37.48248926,126.9436051,서울특별시 관악구 남부순환로 1741,서울,관악구,봉천동,1,독립 매장,949
삼백집삼계탕백숙잘하는집,"{'lat': '37.4752599', 'lng': '126.96669618'}","['찜/탕', '한식', '포장']","{'average_rating': 5.0, 'count': 16, 'image_count': 12, 'reply_count': 0}",5,16,12,0,37.4752599,126.9666962,서울특별시 관악구 인헌2길 8-2,서울,관악구,봉천동,1,독립 매장,910
레어베이글,"{'lat': '37.4802817', 'lng': '126.95471668'}","['피자/양식', '버거', '카페/디저트', '포장']","{'average_rating': 5.0, 'count': 8, 'image_count': 6, 'reply_count': 0}",5,8,6,0,37.4802817,126.9547167,서울특별시 관악구 남부순환로 1844,서울,관악구,봉천동,4,대규모 공유주방,979
피자다오-샤로수길점,"{'lat': '37.4788881', 'lng': '126.95418622'}","['피자/양식', '포장', '프랜차이즈']","{'average_rating': 4.9, 'count': 19, 'image_count': 21, 'reply_count': 1}",4.9,19,21,1,37.4788881,126.9541862,서울특별시 관악구 관악로14길 30,서울,관악구,봉천동,1,독립 매장,886
닭발촌이야기속으로,"{'lat': '37.4749453215701', 'lng': '126.937380763315'}","['포장', '한식', '야식']","{'average_rating': 4.8, 'count': 243, 'image_count': 134, 'reply_count': 197}",4.8,243,134,197,37.47494532,126.9373808,서울특별시 관악구 신림로32길 9-2,서울,관악구,신림동,1,독립 매장,418
뚜선장쭈꾸미호-관악점,"{'lat': '37.4686183', 'lng': '126.93559228'}","['고기/구이', '야식', '포장', '한식', '분식', '프랜차이즈']","{'average_rating': 4.6, 'count': 5, 'image_count': 2, 'reply_count': 0}",4.6,5,2,0,37.4686183,126.9355923,서울특별시 관악구 호암로22길 52,서울,관악구,신림동,3,소규모 샵인샵,1025
봉이전-서울대입구점,"{'lat': '37.4826031611477', 'lng': '126.952707109175'}","['한식', '야식']","{'average_rating': 4.7, 'count': 96, 'image_count': 65, 'reply_count': 6}",4.7,96,65,6,37.48260316,126.9527071,서울특별시 관악구 봉천로 473-5,서울,관악구,봉천동,1,독립 매장,593
계란폭탄키토김밥헬키푸키-서울대벤처타운역점,"{'lat': '37.4717207', 'lng': '126.93451986'}","['샐러드', '한식', '분식', '포장', '프랜차이즈']","{'average_rating': 4.8, 'count': 165, 'image_count': 175, 'reply_count': 139}",4.8,165,175,139,37.4717207,126.9345199,서울특별시 관악구 신림로 138,서울,관악구,신림동,3,소규모 샵인샵,486
배스킨라빈스-난곡점,"{'lat': '37.4736839', 'lng': '126.91785411'}","['카페/디저트', '프랜차이즈', '포장']","{'average_rating': 5.0, 'count': 7, 'image_count': 6, 'reply_count': 0}",5,7,6,0,37.4736839,126.9178541,서울특별시 관악구 난곡로 213,서울,관악구,신림동,2,소규모 샵인샵,991
가마솥도시락&서울대맛집,"{'lat': '37.4686969991815', 'lng': '126.940417522828'}","['한식', '일식/돈까스', '치킨']","{'average_rating': 4.2, 'count': 22, 'image_count': 2, 'reply_count': 5}",4.2,22,2,5,37.468697,126.9404175,서울특별시 관악구 대학7길 49,서울,관악구,신림동,5,대규모 공유주방,862
계란폭탄키토김밥&떡볶이&덮밥헬키푸키-서울대벤처타운역점,"{'lat': '37.4717207', 'lng': '126.93451986'}","['샐러드', '한식', '분식', '포장']","{'average_rating': 4.9, 'count': 56, 'image_count': 60, 'reply_count': 51}",4.9,56,60,51,37.4717207,126.9345199,서울특별시 관악구 신림로 138,서울,관악구,신림동,3,소규모 샵인샵,693
봉이돈까스,"{'lat': '37.4818174208374', 'lng': '126.944970115536'}","['한식', '일식/돈까스', '분식', '1인분주문']","{'average_rating': 4.8, 'count': 785, 'image_count': 493, 'reply_count': 449}",4.8,785,493,449,37.48181742,126.9449701,서울특별시 관악구 남부순환로 1754,서울,관악구,봉천동,1,독립 매장,214
그릭하다-서울대입구역점,"{'lat': '37.4781219', 'lng': '126.95375105'}","['카페/디저트', '프랜차이즈']","{'average_rating': 5.0, 'count': 7, 'image_count': 6, 'reply_count': 1}",5,7,6,1,37.4781219,126.9537511,서울특별시 관악구 관악로12길 23,서울,관악구,봉천동,1,독립 매장,991
키토김밥&브리또&덮밥&샐러드저당고단백헬키푸키-서울대벤처타운역점,"{'lat': '37.4717207', 'lng': '126.93451986'}","['샐러드', '한식', '분식', '포장']","{'average_rating': 4.8, 'count': 29, 'image_count': 27, 'reply_count': 27}",4.8,29,27,27,37.4717207,126.9345199,서울특별시 관악구 신림로 138,서울,관악구,신림동,3,소규모 샵인샵,803
수현이네닭강정,"{'lat': '37.4864579', 'lng': '126.92993797'}","['야식', '치킨']","{'average_rating': 4.8, 'count': 174, 'image_count': 135, 'reply_count': 0}",4.8,174,135,0,37.4864579,126.929938,서울특별시 관악구 신림로68길 10,서울,관악구,신림동,4,대규모 공유주방,479
신포우리만두-낙성대점,"{'lat': '37.4775231839197', 'lng': '126.960057066393'}","['포장', '분식', '프랜차이즈']","{'average_rating': 4.8, 'count': 226, 'image_count': 216, 'reply_count': 62}",4.8,226,216,62,37.47752318,126.9600571,서울특별시 관악구 봉천로 564,서울,관악구,봉천동,1,독립 매장,439
디스윗쌀디저트전문점,"{'lat': '37.4816464', 'lng': '126.90145908'}","['카페/디저트', '도시락/죽', '포장']","{'average_rating': 5.0, 'count': 12, 'image_count': 8, 'reply_count': 8}",5,12,8,8,37.4816464,126.9014591,서울특별시 관악구 조원로2길 48,서울,관악구,신림동,1,독립 매장,943
아뜨베-신림점,"{'lat': '37.4876433', 'lng': '126.93260494'}","['피자/양식', '카페/디저트', '야식', '샌드위치', '포장']","{'average_rating': 5.0, 'count': 50, 'image_count': 28, 'reply_count': 50}",5,50,28,50,37.4876433,126.9326049,서울특별시 관악구 봉천로 283,서울,관악구,봉천동,1,독립 매장,712
메가MGC커피-서울남부초교점,"{'lat': '37.4833459', 'lng': '126.92175647'}","['카페/디저트', '프랜차이즈']","{'average_rating': 0.0, 'count': 0, 'image_count': 0, 'reply_count': 0}",0,0,0,0,37.4833459,126.9217565,서울특별시 관악구 남부순환로 1541,서울,관악구,신림동,1,독립 매장,1178
덮밥어때-신림점,"{'lat': '37.4872731', 'lng': '126.91455948'}","['한식', '분식', '도시락/죽', '포장']","{'average_rating': 5.0, 'count': 1, 'image_count': 1, 'reply_count': 0}",5,1,1,0,37.4872731,126.9145595,서울특별시 관악구 신사로10길 7,서울,관악구,신림동,2,소규모 샵인샵,1131
울엄마김치찜-신림점,"{'lat': '37.4689551', 'lng': '126.93686065'}","['찜/탕', '한식', '야식', '프랜차이즈']","{'average_rating': 5.0, 'count': 1, 'image_count': 1, 'reply_count': 0}",5,1,1,0,37.4689551,126.9368607,서울특별시 관악구 대학6길 13,서울,관악구,신림동,2,소규모 샵인샵,1131
샌디샌드위치&요거트델리,"{'lat': '37.4802817', 'lng': '126.95471668'}","['샐러드', '카페/디저트', '샌드위치', '포장']","{'average_rating': 4.9, 'count': 13, 'image_count': 10, 'reply_count': 0}",4.9,13,10,0,37.4802817,126.9547167,서울특별시 관악구 남부순환로 1844,서울,관악구,봉천동,4,대규모 공유주방,933
카츠윤-신림점,"{'lat': '37.4685704', 'lng': '126.93726426'}","['피자/양식', '한식', '일식/돈까스', '야식', '포장']","{'average_rating': 5.0, 'count': 24, 'image_count': 13, 'reply_count': 3}",5,24,13,3,37.4685704,126.9372643,서울특별시 관악구 호암로22길 81,서울,관악구,신림동,3,소규모 샵인샵,841
메가MGC커피-신림신원점,"{'lat': '37.4806906', 'lng': '126.92770877'}","['카페/디저트', '프랜차이즈']","{'average_rating': 0.0, 'count': 0, 'image_count': 0, 'reply_count': 0}",0,0,0,0,37.4806906,126.9277088,서울특별시 관악구 신원로 13-1,서울,관악구,신림동,1,독립 매장,1178
간식대장고로케,"{'lat': '37.4629563', 'lng': '126.91836724'}","['아시안', '분식', '포장', '치킨', '야식']","{'average_rating': 4.3, 'count': 3, 'image_count': 1, 'reply_count': 1}",4.3,3,1,1,37.4629563,126.9183672,서울특별시 관악구 난향길 10,서울,관악구,신림동,1,독립 매장,1072
딱돼지돼지갈비후라이드,"{'lat': '37.4782362', 'lng': '126.95536507'}","['고기/구이', '야식', '치킨']","{'average_rating': 4.9, 'count': 296, 'image_count': 261, 'reply_count': 0}",4.9,296,261,0,37.4782362,126.9553651,서울특별시 관악구 남부순환로230길 42,서울,관악구,봉천동,1,독립 매장,366
본죽앤비빔밥-봉일시장점,"{'lat': '37.4860238320261', 'lng': '126.939572475338'}","['한식', '프랜차이즈', '도시락/죽', '1인분주문']","{'average_rating': 4.9, 'count': 46, 'image_count': 25, 'reply_count': 2}",4.9,46,25,2,37.48602383,126.9395725,서울특별시 관악구 은천로 38-1,서울,관악구,봉천동,1,독립 매장,726
오븐에빠진닭-서울대입구점,"{'lat': '37.4790159', 'lng': '126.95203991'}","['프랜차이즈', '치킨', '포장']","{'average_rating': 4.9, 'count': 129, 'image_count': 109, 'reply_count': 0}",4.9,129,109,0,37.4790159,126.9520399,서울특별시 관악구 관악로 153,서울,관악구,봉천동,1,독립 매장,540
그린픽&과일커피,"{'lat': '37.4777407', 'lng': '126.96257408'}","['샐러드', '카페/디저트', '샌드위치', '포장']","{'average_rating': 4.9, 'count': 115, 'image_count': 100, 'reply_count': 97}",4.9,115,100,97,37.4777407,126.9625741,서울특별시 관악구 남부순환로 1919,서울,관악구,봉천동,1,독립 매장,561
백소정-서울대입구역점,"{'lat': '37.4798521', 'lng': '126.95276043'}","['피자/양식', '한식', '일식/돈까스', '포장', '프랜차이즈']","{'average_rating': 4.9, 'count': 73, 'image_count': 65, 'reply_count': 0}",4.9,73,65,0,37.4798521,126.9527604,서울특별시 관악구 관악로 164,서울,관악구,봉천동,1,독립 매장,642
마라연구소-서울대입구점,"{'lat': '37.4845598', 'lng': '126.95561663'}","['중국집', '프랜차이즈', '포장']","{'average_rating': 4.9, 'count': 38, 'image_count': 32, 'reply_count': 0}",4.9,38,32,0,37.4845598,126.9556166,서울특별시 관악구 관악로 224,서울,관악구,봉천동,1,독립 매장,761
칭다오군만두,"{'lat': '37.469016', 'lng': '126.93782586'}","['중국집', '분식']","{'average_rating': 0.0, 'count': 0, 'image_count': 0, 'reply_count': 0}",0,0,0,0,37.469016,126.9378259,서울특별시 관악구 대학길 37,서울,관악구,신림동,1,독립 매장,1178
가마솥도시락&JMT,"{'lat': '37.4686969991815', 'lng': '126.940417522828'}","['한식', '일식/돈까스', '치킨']","{'average_rating': 4.3, 'count': 4, 'image_count': 3, 'reply_count': 1}",4.3,4,3,1,37.468697,126.9404175,서울특별시 관악구 대학7길 49,서울,관악구,신림동,5,대규모 공유주방,1046
마부마라탕-샤로수길점,"{'lat': '37.4790117708581', 'lng': '126.953767462903'}","['중국집', '프랜차이즈', '아시안']","{'average_rating': 4.9, 'count': 278, 'image_count': 231, 'reply_count': 31}",4.9,278,231,31,37.47901177,126.9537675,서울특별시 관악구 관악로14길 22,서울,관악구,봉천동,1,독립 매장,384
풀숲샐러드&샌드위치,"{'lat': '37.4846736', 'lng': '126.92066526'}","['샐러드', '카페/디저트', '샌드위치', '포장']","{'average_rating': 5.0, 'count': 17, 'image_count': 20, 'reply_count': 6}",5,17,20,6,37.4846736,126.9206653,서울특별시 관악구 남부순환로163가길 17,서울,관악구,신림동,1,독립 매장,900
삼청식당,"{'lat': '37.4677198', 'lng': '126.93648111'}","['한식', '포장']","{'average_rating': 5.0, 'count': 17, 'image_count': 13, 'reply_count': 0}",5,17,13,0,37.4677198,126.9364811,서울특별시 관악구 대학10길 22,서울,관악구,신림동,1,독립 매장,900
1992덮밥앤짜글이-구로점,"{'lat': '37.4803313678745', 'lng': '126.901937861868'}","['포장', '한식', '야식', '프랜차이즈', '고기/구이']","{'average_rating': 4.7, 'count': 123, 'image_count': 97, 'reply_count': 0}",4.7,123,97,0,37.48033137,126.9019379,서울특별시 관악구 조원중앙로1길 46,서울,관악구,신림동,1,독립 매장,551
둘먹하죽김치찜,"{'lat': '37.4689551', 'lng': '126.93686065'}","['찜/탕', '한식', '야식']","{'average_rating': 5.0, 'count': 3, 'image_count': 3, 'reply_count': 3}",5,3,3,3,37.4689551,126.9368607,서울특별시 관악구 대학6길 13,서울,관악구,신림동,2,소규모 샵인샵,1072
에그박스-신림점,"{'lat': '37.4816151', 'lng': '126.91200994'}","['샌드위치', '프랜차이즈', '버거', '카페/디저트', '포장']","{'average_rating': 4.9, 'count': 13, 'image_count': 12, 'reply_count': 0}",4.9,13,12,0,37.4816151,126.9120099,서울특별시 관악구 남부순환로 1451,서울,관악구,신림동,1,독립 매장,933
감성커피-낙성대역점,"{'lat': '37.4768646', 'lng': '126.96354331'}","['카페/디저트', '야식', '분식', '포장', '프랜차이즈']","{'average_rating': 4.9, 'count': 208, 'image_count': 137, 'reply_count': 71}",4.9,208,137,71,37.4768646,126.9635433,서울특별시 관악구 남부순환로 1932,서울,관악구,봉천동,1,독립 매장,449
꼴목즉석떡볶이,"{'lat': '37.4694478693513', 'lng': '126.937672278541'}","['분식', '야식', '포장']","{'average_rating': 4.9, 'count': 153, 'image_count': 141, 'reply_count': 0}",4.9,153,141,0,37.46944787,126.9376723,서울특별시 관악구 대학길 30,서울,관악구,신림동,1,독립 매장,498
술도깨비,"{'lat': '37.4837968728182', 'lng': '126.953385044384'}","['포장', '한식', '야식', '고기/구이', '찜/탕']","{'average_rating': 4.9, 'count': 240, 'image_count': 222, 'reply_count': 55}",4.9,240,222,55,37.48379687,126.953385,서울특별시 관악구 중앙1길 12,서울,관악구,봉천동,2,소규모 샵인샵,425
든든한육떡-본사직영점,"{'lat': '37.4775841072818', 'lng': '126.959079586188'}","['분식', '프랜차이즈', '야식']","{'average_rating': 4.9, 'count': 806, 'image_count': 705, 'reply_count': 43}",4.9,806,705,43,37.47758411,126.9590796,서울특별시 관악구 낙성대로 12,서울,관악구,봉천동,3,소규모 샵인샵,209
가마솥도시락&일식,"{'lat': '37.4686969991815', 'lng': '126.940417522828'}","['한식', '일식/돈까스', '치킨']","{'average_rating': 4.5, 'count': 8, 'image_count': 2, 'reply_count': 7}",4.5,8,2,7,37.468697,126.9404175,서울특별시 관악구 대학7길 49,서울,관악구,신림동,5,대규모 공유주방,979
몬스터탕수육-낙성대점,"{'lat': '37.4775878', 'lng': '126.9628786'}","['중국집', '프랜차이즈', '포장']","{'average_rating': 4.9, 'count': 119, 'image_count': 112, 'reply_count': 36}",4.9,119,112,36,37.4775878,126.9628786,서울특별시 관악구 남부순환로 1921-1,서울,관악구,봉천동,1,독립 매장,557
냥빵,"{'lat': '37.4830036', 'lng': '126.91210288'}","['카페/디저트', '샌드위치', '포장', '샐러드']","{'average_rating': 4.9, 'count': 587, 'image_count': 552, 'reply_count': 587}",4.9,587,552,587,37.4830036,126.9121029,서울특별시 관악구 조원로16가길 26,서울,관악구,신림동,1,독립 매장,251
파스타는보니따-낙성대역점,"{'lat': '37.4752917', 'lng': '126.96686734'}","['피자/양식', '아시안', '분식', '포장', '프랜차이즈']","{'average_rating': 0.0, 'count': 0, 'image_count': 0, 'reply_count': 0}",0,0,0,0,37.4752917,126.9668673,서울특별시 관악구 인헌길 6,서울,관악구,봉천동,1,독립 매장,1178
카페봄봄-서울대입구점,"{'lat': '37.4800366604291', 'lng': '126.953976214382'}","['카페/디저트', '프랜차이즈']","{'average_rating': 5.0, 'count': 2, 'image_count': 0, 'reply_count': 0}",5,2,0,0,37.48003666,126.9539762,서울특별시 관악구 관악로16길 26,서울,관악구,봉천동,1,독립 매장,1095
